time,x,y,z,u,v,w
0,7578137,0,0,0,7252.49873461601,0
1,7578133.52957357,7252.49762751606,0,-6.94085233169663,7252.49541331642,0
2,7578123.11829746,14504.988612434,0,-13.8816983062326,7252.4854494207,0
3,7578105.7661812,21757.4663121616,0,-20.8225315664529,7252.46884293797,0
4,7578081.47324068,29009.9240841191,0,-27.7633457552144,7252.44559388344,0
5,7578050.23949816,36262.3552857448,0,-34.7041345153913,7252.4157022784,0
6,7578012.06498224,43514.7532745014,0,-41.6448914898811,7252.37916815024,0
7,7577966.9497279,50767.1114078819,0,-48.5856103216105,7252.33599153242,0
8,7577914.89377643,58019.423043416,0,-55.526284653541,7252.28617246447,0
9,7577855.89717554,65271.6815386759,0,-62.4669081286749,7252.22971099204,0
10,7577789.95997925,72523.8802512823,0,-69.4074743900611,7252.16660716683,0
11,7577717.08224795,79776.012538911,0,-76.3479770808011,7252.09686104664,0
12,7577637.2640484,87028.0717592984,0,-83.2884098440541,7252.02047269535,0
13,7577550.50545369,94280.0512702478,0,-90.228766323044,7251.93744218293,0
14,7577456.8065433,101531.944429636,0,-97.1690401610641,7251.84776958542,0
15,7577356.16740303,108783.744595418,0,-104.109225001483,7251.75145498495,0
16,7577248.58812508,116035.445125634,0,-111.049314487753,7251.64849846975,0
17,7577134.06880796,123287.039378417,0,-117.98930226341,7251.53890013411,0
18,7577012.60955657,130538.520711995,0,-124.929181972087,7251.42266007841,0
19,7576884.21048216,137789.882484702,0,-131.868947257512,7251.29977840911,0
20,7576748.87170232,145041.11805498,0,-138.808591763522,7251.17025523877,0
21,7576606.59334101,152292.220781385,0,-145.748109134062,7251.03409068601,0
22,7576457.37552855,159543.184022599,0,-152.687493013193,7250.89128487555,0
23,7576301.2184016,166794.001137427,0,-159.626737045101,7250.74183793818,0
24,7576138.12210319,174044.665484812,0,-166.565834874096,7250.58575001079,0
25,7575968.0867827,181295.170423833,0,-173.504780144627,7250.42302123633,0
26,7575791.11259587,188545.509313718,0,-180.443566501277,7250.25365176386,0
27,7575607.19970479,195795.675513846,0,-187.38218758878,7250.07764174848,0
28,7575416.3482779,203045.662383754,0,-194.320637052018,7249.89499135143,0
29,7575218.55849001,210295.463283144,0,-201.258908536031,7249.70570073998,0
30,7575013.83052228,217545.071571887,0,-208.196995686022,7249.5097700875,0
31,7574802.1645622,224794.480610032,0,-215.134892147363,7249.30719957346,0
32,7574583.56080366,232043.683757809,0,-222.072591565601,7249.09798938338,0
33,7574358.01944687,239292.674375637,0,-229.010087586462,7248.88213970888,0
34,7574125.54069841,246541.445824131,0,-235.947373855861,7248.65965074767,0
35,7573886.12477119,253789.991464105,0,-242.884444019902,7248.43052270351,0
36,7573639.77188452,261038.30465658,0,-249.821291724889,7248.19475578628,0
37,7573386.48226401,268286.378762791,0,-256.75791061733,7247.9523502119,0
38,7573126.25614167,275534.207144192,0,-263.69429434394,7247.7033062024,0
39,7572859.09375583,282781.78316246,0,-270.630436551652,7247.44762398589,0
40,7572584.99535119,290029.100179506,0,-277.56633088762,7247.18530379653,0
41,7572303.9611788,297276.151557476,0,-284.501970999223,7246.91634587459,0
42,7572015.99149605,304522.930658759,0,-291.437350534075,7246.64075046642,0
43,7571721.08656671,311769.430845997,0,-298.372463140027,7246.35851782442,0
44,7571419.24666087,319015.645482083,0,-305.307302465177,7246.06964820711,0
45,7571110.47205499,326261.567930174,0,-312.24186215787,7245.77414187904,0
46,7570794.76303188,333507.191553694,0,-319.176135866709,7245.47199911089,0
47,7570472.1198807,340752.509716341,0,-326.11011724056,7245.16322017939,0
48,7570142.54289696,347997.515782093,0,-333.043799928554,7244.84780536734,0
49,7569806.03238252,355242.203115212,0,-339.977177580098,7244.52575496364,0
50,7569462.5886456,362486.565080254,0,-346.910243844877,7244.19706926325,0
51,7569112.21200075,369730.595042073,0,-353.842992372861,7243.86174856723,0
52,7568754.90276888,376974.286365826,0,-360.775416814312,7243.51979318268,0
53,7568390.66127726,384217.63241698,0,-367.707510819789,7243.17120342282,0
54,7568019.4878595,391460.626561319,0,-374.639268040152,7242.81597960691,0
55,7567641.38285556,398703.26216495,0,-381.570682126572,7242.4541220603,0
56,7567256.34661174,405945.532594306,0,-388.501746730531,7242.08563111443,0
57,7566864.37948071,413187.431216158,0,-395.432455503835,7241.7105071068,0
58,7566465.48182146,420428.951397614,0,-402.362802098612,7241.32875038098,0
59,7566059.65399935,427670.08650613,0,-409.292780167325,7240.94036128663,0
60,7565646.89638609,434910.829909516,0,-416.222383362772,7240.54534017947,0
61,7565227.2093597,442151.174975939,0,-423.151605338095,7240.14368742131,0
62,7564800.5933046,449391.115073931,0,-430.080439746788,7239.73540338002,0
63,7564367.04861151,456630.643572395,0,-437.008880242695,7239.32048842955,0
64,7563926.57567753,463869.753840613,0,-443.936920480025,7238.89894294993,0
65,7563479.17490609,471108.439248247,0,-450.86455411335,7238.47076732724,0
66,7563024.84670695,478346.693165351,0,-457.791774797619,7238.03596195366,0
67,7562563.59149626,485584.50896237,0,-464.718576188155,7237.59452722743,0
68,7562095.40969646,492821.880010156,0,-471.644951940666,7237.14646355286,0
69,7561620.30173637,500058.799679963,0,-478.570895711252,7236.69177134034,0
70,7561138.26805114,507295.261343463,0,-485.496401156407,7236.23045100631,0
71,7560649.30908228,514531.258372743,0,-492.421461933025,7235.76250297331,0
72,7560153.42527761,521766.784140319,0,-499.34607169841,7235.28792766993,0
73,7559650.61709133,529001.832019137,0,-506.270224110278,7234.80672553083,0
74,7559140.88498396,536236.395382582,0,-513.193912826764,7234.31889699676,0
75,7558624.22942236,543470.467604481,0,-520.117131506427,7233.82444251451,0
76,7558100.65087974,550704.042059112,0,-527.039873808258,7233.32336253696,0
77,7557570.14983565,557937.11212121,0,-533.962133391681,7232.81565752305,0
78,7557032.72677597,565169.671165968,0,-540.883903916567,7232.30132793779,0
79,7556488.38219295,572401.712569052,0,-547.805179043231,7231.78037425226,0
80,7555937.11658513,579633.229706598,0,-554.725952432444,7231.25279694361,0
81,7555378.93045744,586864.215955225,0,-561.646217745436,7230.71859649503,0
82,7554813.82432112,594094.664692038,0,-568.5659686439,7230.17777339581,0
83,7554241.79869374,601324.569294632,0,-575.485198790005,7229.6303281413,0
84,7553662.85409923,608553.923141102,0,-582.403901846392,7229.07626123289,0
85,7553076.99106785,615782.719610048,0,-589.322071476187,7228.51557317806,0
86,7552484.2101362,623010.95208058,0,-596.239701343006,7227.94826449036,0
87,7551884.5118472,630238.613932325,0,-603.156785110957,7227.37433568937,0
88,7551277.89675012,637465.69854543,0,-610.073316444649,7226.79378730077,0
89,7550664.36540057,644692.199300574,0,-616.989289009197,7226.20661985628,0
90,7550043.91836047,651918.10957897,0,-623.904696470227,7225.61283389369,0
91,7549416.55619811,659143.42276237,0,-630.819532493885,7225.01242995685,0
92,7548782.27948808,666368.132233075,0,-637.733790746838,7224.40540859567,0
93,7548141.08881132,673592.231373938,0,-644.647464896283,7223.79177036614,0
94,7547492.9847551,680815.713568372,0,-651.560548609952,7223.17151583028,0
95,7546837.96791302,688038.572200352,0,-658.473035556117,7222.54464555618,0
96,7546176.03888502,695260.800654429,0,-665.384919403598,7221.91116011801,0
97,7545507.19827736,702482.392315727,0,-672.296193821767,7221.27106009597,0
98,7544831.44670263,709703.340569955,0,-679.206852480553,7220.62434607633,0
99,7544148.78477976,716923.638803411,0,-686.11688905045,7219.97101865142,0
100,7543459.213134,724143.280402989,0,-693.026297202522,7219.31107841964,0
101,7542762.73239693,731362.258756183,0,-699.935070608408,7218.64452598541,0
102,7542059.34320647,738580.567251095,0,-706.843202940329,7217.97136195925,0
103,7541349.04620685,745798.199276443,0,-713.750687871091,7217.29158695769,0
104,7540631.84204864,753015.14822156,0,-720.657519074097,7216.60520160336,0
105,7539907.73138872,760231.407476408,0,-727.563690223345,7215.91220652492,0
106,7539176.71489032,767446.97043158,0,-734.469194993439,7215.21260235708,0
107,7538438.79322297,774661.830478306,0,-741.374027059593,7214.50638974062,0
108,7537693.96706254,781875.98100846,0,-748.278180097639,7213.79356932235,0
109,7536942.23709123,789089.415414567,0,-755.181647784028,7213.07414175516,0
110,7536183.60399753,796302.127089807,0,-762.08442379584,7212.34810769797,0
111,7535418.0684763,803514.109428021,0,-768.986501810789,7211.61546781576,0
112,7534645.63122868,810725.35582372,0,-775.887875507229,7210.87622277956,0
113,7533866.29296216,817935.859672088,0,-782.788538564155,7210.13037326644,0
114,7533080.05439054,825145.614368988,0,-789.688484661219,7209.37791995954,0
115,7532286.91623394,832354.613310972,0,-796.587707478725,7208.61886354803,0
116,7531486.87921878,839562.849895281,0,-803.486200697641,7207.85320472713,0
117,7530679.94407785,846770.317519857,0,-810.383957999603,7207.08094419812,0
118,7529866.1115502,853977.009583343,0,-817.280973066922,7206.3020826683,0
119,7529045.38238123,861182.919485097,0,-824.177239582588,7205.51662085105,0
120,7528217.75732265,868388.040625189,0,-831.072751230276,7204.72455946577,0
121,7527383.2371325,875592.366404414,0,-837.967501694353,7203.92589923792,0
122,7526541.8225751,882795.890224295,0,-844.861484659884,7203.12064089899,0
123,7525693.51442111,889998.605487088,0,-851.754693812635,7202.30878518652,0
124,7524838.31344751,897200.505595791,0,-858.647122839084,7201.49033284409,0
125,7523976.22043758,904401.583954149,0,-865.538765426419,7200.66528462133,0
126,7523107.23618091,911601.833966658,0,-872.429615262552,7199.83364127391,0
127,7522231.36147341,918801.249038575,0,-879.31966603612,7198.99540356353,0
128,7521348.5971173,925999.82257592,0,-886.208911436492,7198.15057225794,0
129,7520458.9439211,933197.547985484,0,-893.097345153773,7197.29914813092,0
130,7519562.40269965,940394.418674835,0,-899.984960878813,7196.44113196229,0
131,7518658.97427411,947590.428052323,0,-906.871752303212,7195.57652453792,0
132,7517748.65947192,954785.569527089,0,-913.757713119324,7194.70532664971,0
133,7516831.45912684,961979.836509067,0,-920.642837020262,7193.82753909558,0
134,7515907.37407895,969173.222408993,0,-927.527117699909,7192.94316267952,0
135,7514976.40517462,976365.720638409,0,-934.410548852918,7192.05219821152,0
136,7514038.55326652,983557.32460967,0,-941.29312417472,7191.15464650762,0
137,7513093.81921365,990748.027735952,0,-948.174837361531,7190.2505083899,0
138,7512142.20388128,997937.823431255,0,-955.055682110356,7189.33978468645,0
139,7511183.70814101,1005126.70511041,0,-961.935652118996,7188.42247623143,0
140,7510218.33287072,1012314.66618908,0,-968.814741086052,7187.49858386498,0
141,7509246.07895461,1019501.70008378,0,-975.692942710933,7186.56810843332,0
142,7508266.94728318,1026687.80021188,0,-982.570250693861,7185.63105078866,0
143,7507280.93875321,1033872.95999157,0,-989.446658735875,7184.68741178927,0
144,7506288.05426779,1041057.17284196,0,-996.322160538839,7183.73719229942,0
145,7505288.29473631,1048240.43218297,0,-1003.19674980545,7182.78039318943,0
146,7504281.66107445,1055422.73143542,0,-1010.07042023923,7181.81701533564,0
147,7503268.1542042,1062604.06402102,0,-1016.94316554456,7180.8470596204,0
148,7502247.77505384,1069784.42336234,0,-1023.81497942666,7179.87052693211,0
149,7501220.52455792,1076963.80288286,0,-1030.68585559159,7178.88741816517,0
150,7500186.40365733,1084142.19600694,0,-1037.55578774629,7177.89773422002,0
151,7499145.4132992,1091319.59615987,0,-1044.42476959855,7176.90147600312,0
152,7498097.55443699,1098495.99676783,0,-1051.29279485704,7175.89864442694,0
153,7497042.82803045,1105671.39125791,0,-1058.1598572313,7174.88924040999,0
154,7495981.23504559,1112845.77305814,0,-1065.02595043176,7173.87326487677,0
155,7494912.77645474,1120019.13559747,0,-1071.89106816972,7172.85071875783,0
156,7493837.4532365,1127191.47230578,0,-1078.75520415739,7171.82160298972,0
157,7492755.26637577,1134362.77661388,0,-1085.61835210788,7170.78591851502,0
158,7491666.21686373,1141533.04195355,0,-1092.4805057352,7169.74366628231,0
159,7490570.30569784,1148702.26175751,0,-1099.34165875426,7168.6948472462,0
160,7489467.53388185,1155870.42945943,0,-1106.2018048809,7167.6394623673,0
161,7488357.9024258,1163037.53849395,0,-1113.06093783187,7166.57751261225,0
162,7487241.412346,1170203.58229669,0,-1119.91905132488,7165.50899895369,0
163,7486118.06466506,1177368.55430422,0,-1126.77613907853,7164.43392237028,0
164,7484987.86041185,1184532.44795411,0,-1133.63219481238,7163.35228384669,0
165,7483850.80062154,1191695.25668493,0,-1140.48721224695,7162.2640843736,0
166,7482706.88633555,1198856.97393621,0,-1147.34118510368,7161.16932494768,0
167,7481556.11860162,1206017.59314851,0,-1154.19410710499,7160.06800657165,0
168,7480398.49847372,1213177.10776337,0,-1161.04597197426,7158.96013025419,0
169,7479234.02701214,1220335.51122337,0,-1167.89677343582,7157.84569701003,0
170,7478062.70528341,1227492.79697209,0,-1174.746505215,7156.72470785987,0
171,7476884.53436036,1234648.95845413,0,-1181.59516103809,7155.59716383043,0
172,7475699.51532208,1241803.98911514,0,-1188.44273463237,7154.46306595444,0
173,7474507.64925393,1248957.88240177,0,-1195.28921972612,7153.32241527063,0
174,7473308.93724755,1256110.63176176,0,-1202.13461004861,7152.17521282372,0
175,7472103.38040084,1263262.23064385,0,-1208.97889933012,7151.02145966444,0
176,7470890.97981799,1270412.67249787,0,-1215.82208130191,7149.86115684951,0
177,7469671.73660943,1277561.95077468,0,-1222.6641496963,7148.69430544167,0
178,7468445.65189188,1284710.05892624,0,-1229.50509824659,7147.52090650964,0
179,7467212.72678831,1291856.99040555,0,-1236.34492068714,7146.34096112814,0
180,7465972.96242796,1299002.73866671,0,-1243.1836107533,7145.15447037789,0
181,7464726.35994635,1306147.29716488,0,-1250.02116218149,7143.9614353456,0
182,7463472.92048523,1313290.65935634,0,-1256.85756870917,7142.76185712398,0
183,7462212.64519265,1320432.81869843,0,-1263.69282407483,7141.55573681173,0
184,7460945.53522289,1327573.76864963,0,-1270.52692201803,7140.34307551354,0
185,7459671.59173651,1334713.5026695,0,-1277.3598562794,7139.12387434009,0
186,7458390.81590031,1341852.01421872,0,-1284.1916206006,7137.89813440805,0
187,7457103.20888737,1348989.2967591,0,-1291.0222087244,7136.66585684009,0
188,7455808.77187701,1356125.34375357,0,-1297.85161439462,7135.42704276486,0
189,7454507.50605482,1363260.14866618,0,-1304.67983135618,7134.18169331698,0
190,7453199.41261262,1370393.70496212,0,-1311.50685335508,7132.92980963709,0
191,7451884.49274851,1377526.00610775,0,-1318.33267413842,7131.67139287179,0
192,7450562.74766683,1384657.04557056,0,-1325.15728745439,7130.40644417366,0
193,7449234.17857818,1391786.81681918,0,-1331.9806870523,7129.13496470129,0
194,7447898.78669939,1398915.31332342,0,-1338.80286668257,7127.85695561922,0
195,7446556.57325355,1406042.52855427,0,-1345.62382009672,7126.57241809799,0
196,7445207.53947001,1413168.45598386,0,-1352.44354104741,7125.28135331412,0
197,7443851.68658436,1420293.08908554,0,-1359.26202328842,7123.98376245009,0
198,7442489.01583842,1427416.4213338,0,-1366.07926057468,7122.67964669439,0
199,7441119.52848028,1434538.44620436,0,-1372.89524666224,7121.36900724144,0
200,7439743.22576424,1441659.15717412,0,-1379.70997530831,7120.05184529168,0
201,7438360.10895089,1448778.54772118,0,-1386.52344027125,7118.7281620515,0
202,7436970.17930701,1455896.61132486,0,-1393.33563531056,7117.39795873327,0
203,7435573.43810565,1463013.34146569,0,-1400.14655418692,7116.06123655532,0
204,7434169.8866261,1470128.73162543,0,-1406.95619066219,7114.71799674197,0
205,7432759.52615387,1477242.77528704,0,-1413.76453849938,7113.3682405235,0
206,7431342.35798073,1484355.46593475,0,-1420.57159146269,7112.01196913615,0
207,7429918.38340465,1491466.79705401,0,-1427.37734331751,7110.64918382215,0
208,7428487.60372987,1498576.7621315,0,-1434.18178783042,7109.27988582967,0
209,7427050.02026685,1505685.35465519,0,-1440.98491876919,7107.90407641286,0
210,7425605.63433227,1512792.56811427,0,-1447.7867299028,7106.52175683182,0
211,7424154.44724905,1519898.39599922,0,-1454.58721500144,7105.13292835265,0
212,7422696.46034635,1527002.83180177,0,-1461.38636783652,7103.73759224736,0
213,7421231.67495955,1534105.86901493,0,-1468.18418218065,7102.33574979396,0
214,7419760.09243023,1541207.501133,0,-1474.98065180769,7100.92740227639,0
215,7418281.71410624,1548307.72165156,0,-1481.77577049271,7099.51255098457,0
216,7416796.54134164,1555406.52406748,0,-1488.56953201203,7098.09119721438,0
217,7415304.57549668,1562503.90187893,0,-1495.36193014321,7096.66334226763,0
218,7413805.81793789,1569599.84858539,0,-1502.15295866506,7095.2289874521,0
219,7412300.27003796,1576694.35768765,0,-1508.94261135765,7093.78813408153,0
220,7410787.93317585,1583787.42268781,0,-1515.7308820023,7092.3407834756,0
221,7409268.80873671,1590879.0370893,0,-1522.51776438159,7090.88693695995,0
222,7407742.89811192,1597969.19439687,0,-1529.3032522794,7089.42659586616,0
223,7406210.20269905,1605057.88811661,0,-1536.08733948085,7087.95976153176,0
224,7404670.72390192,1612145.11175597,0,-1542.87001977237,7086.48643530024,0
225,7403124.46313055,1619230.8588237,0,-1549.65128694166,7085.00661852103,0
226,7401571.42180115,1626315.12282994,0,-1556.43113477775,7083.52031254949,0
227,7400011.60133617,1633397.89728619,0,-1563.20955707091,7082.02751874694,0
228,7398445.00316426,1640479.17570528,0,-1569.98654761278,7080.52823848063,0
229,7396871.62872027,1647558.95160145,0,-1576.76210019626,7079.02247312377,0
230,7395291.47944526,1654637.21849029,0,-1583.5362086156,7077.5102240555,0
231,7393704.55678649,1661713.96988879,0,-1590.30886666635,7075.99149266088,0
232,7392110.86219745,1668789.1993153,0,-1597.08006814541,7074.46628033093,0
233,7390510.39713779,1675862.9002896,0,-1603.849806851,7072.93458846261,0
234,7388903.1630734,1682935.06633285,0,-1610.61807658268,7071.39641845879,0
235,7387289.16147635,1690005.69096761,0,-1617.38487114137,7069.8517717283,0
236,7385668.39382491,1697074.76771787,0,-1624.15018432931,7068.30064968588,0
237,7384040.86160355,1704142.29010902,0,-1630.91400995013,7066.74305375221,0
238,7382406.56630293,1711208.25166789,0,-1637.67634180881,7065.17898535391,0
239,7380765.50941992,1718272.64592272,0,-1644.43717371169,7063.6084459235,0
240,7379117.69245756,1725335.4664032,0,-1651.19649946649,7062.03143689947,0
241,7377463.1169251,1732396.70664047,0,-1657.95431288232,7060.44795972619,0
242,7375801.78433797,1739456.36016709,0,-1664.71060776966,7058.85801585398,0
243,7374133.6962178,1746514.42051709,0,-1671.46537794038,7057.26160673907,0
244,7372458.85409239,1753570.88122597,0,-1678.21861720777,7055.65873384364,0
245,7370777.25949574,1760625.73583068,0,-1684.97031938648,7054.04939863575,0
246,7369088.91396804,1767678.97786963,0,-1691.72047829262,7052.4336025894,0
247,7367393.81905564,1774730.60088273,0,-1698.46908774367,7050.81134718452,0
248,7365691.9763111,1781780.59841137,0,-1705.21614155854,7049.18263390692,0
249,7363983.38729313,1788828.96399842,0,-1711.96163355759,7047.54746424837,0
250,7362268.05356665,1795875.69118824,0,-1718.70555756257,7045.90583970651,0
251,7360545.97670273,1802920.77352671,0,-1725.44790739671,7044.25776178492,0
252,7358817.15827864,1809964.20456119,0,-1732.18867688463,7042.60323199308,0
253,7357081.5998778,1817005.97784058,0,-1738.92785985245,7040.94225184639,0
254,7355339.30308983,1824046.08691527,0,-1745.66545012771,7039.27482286614,0
255,7353590.2695105,1831084.52533721,0,-1752.40144153942,7037.60094657955,0
256,7351834.50074176,1838121.28665984,0,-1759.13582791805,7035.92062451971,0
257,7350071.99839173,1845156.36443817,0,-1765.86860309555,7034.23385822565,0
258,7348302.76407469,1852189.75222873,0,-1772.59976090532,7032.54064924229,0
259,7346526.7994111,1859221.4435896,0,-1779.32929518228,7030.84099912044,0
260,7344744.10602756,1866251.43208044,0,-1786.0571997628,7029.13490941682,0
261,7342954.68555686,1873279.71126243,0,-1792.78346848478,7027.42238169405,0
262,7341158.53963793,1880306.27469834,0,-1799.50809518758,7025.70341752064,0
263,7339355.66991588,1887331.11595251,0,-1806.23107371208,7023.97801847099,0
264,7337546.07804195,1894354.22859085,0,-1812.95239790068,7022.24618612542,0
265,7335729.76567357,1901375.60618086,0,-1819.67206159728,7020.5079220701,0
266,7333906.73447431,1908395.24229162,0,-1826.39005864732,7018.76322789714,0
267,7332076.98611388,1915413.13049382,0,-1833.10638289773,7017.01210520449,0
268,7330240.52226816,1922429.26435973,0,-1839.82102819702,7015.25455559603,0
269,7328397.34461918,1929443.63746324,0,-1846.5339883952,7013.4905806815,0
270,7326547.45485512,1936456.24337986,0,-1853.24525734384,7011.72018207653,0
271,7324690.85467029,1943467.0756867,0,-1859.95482889606,7009.94336140265,0
272,7322827.54576517,1950476.12796252,0,-1866.66269690652,7008.16012028724,0
273,7320957.52984638,1957483.39378767,0,-1873.36885523146,7006.37046036359,0
274,7319080.80862665,1964488.86674419,0,-1880.07329772867,7004.57438327086,0
275,7317197.38382491,1971492.54041571,0,-1886.77601825753,7002.77189065409,0
276,7315307.25716618,1978494.40838754,0,-1893.47701067897,7000.96298416418,0
277,7313410.43038163,1985494.46424663,0,-1900.17626885552,6999.14766545792,0
278,7311506.90520859,1992492.7015816,0,-1906.87378665131,6997.32593619798,0
279,7309596.6833905,1999489.11398273,0,-1913.56955793204,6995.49779805287,0
280,7307679.76667694,2006483.69504197,0,-1920.26357656503,6993.66325269701,0
281,7305756.15682363,2013476.43835295,0,-1926.95583641918,6991.82230181066,0
282,7303825.85559241,2020467.33751098,0,-1933.64633136502,6989.97494707995,0
283,7301888.86475124,2027456.38611306,0,-1940.33505527471,6988.1211901969,0
284,7299945.18607424,2034443.57775789,0,-1947.02200202199,6986.26103285935,0
285,7297994.82134163,2041428.90604586,0,-1953.70716548227,6984.39447677105,0
286,7296037.77233975,2048412.36457908,0,-1960.39053953258,6982.52152364158,0
287,7294074.04086108,2055393.94696137,0,-1967.07211805156,6980.64217518639,0
288,7292103.6287042,2062373.64679825,0,-1973.75189491955,6978.75643312677,0
289,7290126.53767383,2069351.45769699,0,-1980.42986401849,6976.86429918989,0
290,7288142.76958079,2076327.37326658,0,-1987.106019232,6974.96577510877,0
291,7286152.32624203,2083301.38711774,0,-1993.78035444535,6973.06086262228,0
292,7284155.2094806,2090273.49286294,0,-2000.4528635455,6971.14956347512,0
293,7282151.42112568,2097243.68411639,0,-2007.12354042105,6969.23187941788,0
294,7280140.96301254,2104211.95449406,0,-2013.7923789623,6967.30781220696,0
295,7278123.83698257,2111178.29761367,0,-2020.45937306124,6965.37736360463,0
296,7276100.04488327,2118142.70709473,0,-2027.12451661152,6963.44053537899,0
297,7274069.58856823,2125105.17655848,0,-2033.78780350851,6961.49732930401,0
298,7272032.46989717,2132065.69962798,0,-2040.44922764927,6959.54774715946,0
299,7269988.69073588,2139024.26992804,0,-2047.10878293257,6957.59179073098,0
300,7267938.25295629,2145980.88108528,0,-2053.76646325889,6955.62946181004,0
301,7265881.15843639,2152935.52672809,0,-2060.42226253043,6953.66076219395,0
302,7263817.40906028,2159888.2004867,0,-2067.07617465111,6951.68569368585,0
303,7261747.00671817,2166838.8959931,0,-2073.72819352658,6949.70425809471,0
304,7259669.95330634,2173787.60688113,0,-2080.37831306423,6947.71645723534,0
305,7257586.25072718,2180734.32678642,0,-2087.02652717317,6945.72229292838,0
306,7255495.90088916,2187679.04934645,0,-2093.67282976427,6943.72176700029,0
307,7253398.90570685,2194621.7682005,0,-2100.31721475015,6941.71488128337,0
308,7251295.26710089,2201562.4769897,0,-2106.95967604519,6939.70163761572,0
309,7249184.98699802,2208501.16935702,0,-2113.60020756553,6937.68203784129,0
310,7247068.06733105,2215437.83894729,0,-2120.23880322907,6935.65608380985,0
311,7244944.51003888,2222372.47940718,0,-2126.87545695548,6933.62377737696,0
312,7242814.31706648,2229305.0843852,0,-2133.51016266623,6931.58512040404,0
313,7240677.49036491,2236235.64753176,0,-2140.14291428455,6929.5401147583,0
314,7238534.0318913,2243164.16249912,0,-2146.77370573547,6927.48876231276,0
315,7236383.94360885,2250090.62294141,0,-2153.40253094582,6925.43106494628,0
316,7234227.22748684,2257015.02251466,0,-2160.02938384423,6923.3670245435,0
317,7232063.88550062,2263937.35487678,0,-2166.65425836113,6921.29664299489,0
318,7229893.9196316,2270857.61368757,0,-2173.27714842876,6919.21992219673,0
319,7227717.33186727,2277775.79260873,0,-2179.89804798119,6917.13686405109,0
320,7225534.12420117,2284691.88530386,0,-2186.5169509543,6915.04747046586,0
321,7223344.29863291,2291605.88543848,0,-2193.1338512858,6912.95174335472,0
322,7221147.85716816,2298517.78668003,0,-2199.74874291526,6910.84968463716,0
323,7218944.80181867,2305427.58269786,0,-2206.36161978404,6908.74129623846,0
324,7216735.1346022,2312335.26716326,0,-2212.97247583539,6906.62658008972,0
325,7214518.85754262,2319240.83374944,0,-2219.58130501439,6904.5055381278,0
326,7212295.97266982,2326144.27613156,0,-2226.18810126798,6902.37817229537,0
327,7210066.48201974,2333045.58798672,0,-2232.79285854497,6900.24448454092,0
328,7207830.3876344,2339944.76299398,0,-2239.39557079603,6898.10447681868,0
329,7205587.69156184,2346841.79483436,0,-2245.99623197369,6895.95815108871,0
330,7203338.39585616,2353736.67719081,0,-2252.59483603238,6893.80550931683,0
331,7201082.5025775,2360629.4037483,0,-2259.19137692841,6891.64655347465,0
332,7198820.01379204,2367519.96819373,0,-2265.78584861998,6889.48128553959,0
333,7196550.93157201,2374408.36421601,0,-2272.37824506716,6887.30970749481,0
334,7194275.25799566,2381294.58550601,0,-2278.96856023197,6885.13182132928,0
335,7191992.99514731,2388178.62575663,0,-2285.55678807828,6882.94762903773,0
336,7189704.14511729,2395060.47866271,0,-2292.14292257192,6880.75713262067,0
337,7187408.71000197,2401940.13792116,0,-2298.72695768061,6878.5603340844,0
338,7185106.69190374,2408817.59723085,0,-2305.308887374,6876.35723544096,0
339,7182798.09293103,2415692.85029268,0,-2311.88870562367,6874.14783870819,0
340,7180482.91519831,2422565.89080957,0,-2318.46640640313,6871.93214590969,0
341,7178161.16082606,2429436.71248649,0,-2325.04198368784,6869.71015907482,0
342,7175832.83194078,2436305.30903039,0,-2331.61543145518,6867.4818802387,0
343,7173497.93067499,2443171.67415031,0,-2338.18674368451,6865.24731144224,0
344,7171156.45916726,2450035.8015573,0,-2344.75591435712,6863.00645473207,0
345,7168808.41956214,2456897.68496449,0,-2351.32293745629,6860.75931216062,0
346,7166453.81401021,2463757.31808702,0,-2357.88780696725,6858.50588578606,0
347,7164092.64466807,2470614.69464214,0,-2364.45051687719,6856.2461776723,0
348,7161724.91369832,2477469.80834914,0,-2371.0110611753,6853.98018988902,0
349,7159350.62326959,2484322.65292939,0,-2377.56943385275,6851.70792451166,0
350,7156969.77555649,2491173.22210633,0,-2384.12562890269,6849.4293836214,0
351,7154582.37273966,2498021.50960549,0,-2390.67964032026,6847.14456930515,0
352,7152188.41700573,2504867.5091545,0,-2397.23146210263,6844.85348365559,0
353,7149787.91054734,2511711.21448306,0,-2403.78108824893,6842.55612877115,0
354,7147380.85556311,2518552.61932299,0,-2410.32851276034,6840.25250675597,0
355,7144967.25425769,2525391.71740823,0,-2416.87372964004,6837.94261971996,0
356,7142547.10884171,2532228.5024748,0,-2423.41673289324,6835.62646977875,0
357,7140120.42153178,2539062.96826086,0,-2429.95751652715,6833.30405905372,0
358,7137687.19455052,2545895.10850669,0,-2436.49607455106,6830.97538967197,0
359,7135247.43012655,2552724.91695469,0,-2443.03240097625,6828.64046376635,0
360,7132801.13049443,2559552.38734942,0,-2449.56648981608,6826.29928347541,0
361,7130348.29789477,2566377.51343756,0,-2456.09833508595,6823.95185094347,0
362,7127888.93457411,2573200.28896795,0,-2462.62793080329,6821.59816832055,0
363,7125423.04278501,2580020.70769156,0,-2469.15527098764,6819.2382377624,0
364,7122950.62478598,2586838.76336155,0,-2475.68034966055,6816.87206143048,0
365,7120471.68284152,2593654.44973322,0,-2482.20316084569,6814.49964149199,0
366,7117986.21922211,2600467.76056405,0,-2488.72369856877,6812.12098011985,0
367,7115494.23620419,2607278.68961371,0,-2495.2419568576,6809.73607949268,0
368,7112995.73607019,2614087.23064402,0,-2501.75792974208,6807.34494179481,0
369,7110490.7211085,2620893.377419,0,-2508.2716112542,6804.94756921632,0
370,7107979.19361346,2627697.12370489,0,-2514.78299542805,6802.54396395295,0
371,7105461.15588541,2634498.46327008,0,-2521.29207629981,6800.1341282062,0
372,7102936.61023062,2641297.38988521,0,-2527.79884790778,6797.71806418322,0
373,7100405.55896134,2648093.89732309,0,-2534.30330429239,6795.29577409692,0
374,7097868.00439576,2654887.97935878,0,-2540.80543949617,6792.86726016588,0
375,7095323.94885806,2661679.62976955,0,-2547.30524756377,6790.43252461439,0
376,7092773.39467833,2668468.84233488,0,-2553.802722542,6787.99156967242,0
377,7090216.34419265,2675255.61083651,0,-2560.29785847979,6785.54439757567,0
378,7087652.79974303,2682039.9290584,0,-2566.79064942821,6783.09101056552,0
379,7085082.76367744,2688821.79078675,0,-2573.28108944048,6780.63141088902,0
380,7082506.23834978,2695601.18981004,0,-2579.76917257197,6778.16560079895,0
381,7079923.2261199,2702378.11991896,0,-2586.25489288022,6775.69358255374,0
382,7077333.72935361,2709152.57490651,0,-2592.73824442492,6773.21535841754,0
383,7074737.75042262,2715924.54856793,0,-2599.21922126794,6770.73093066016,0
384,7072135.29170462,2722694.03470072,0,-2605.69781747332,6768.24030155709,0
385,7069526.3555832,2729461.02710469,0,-2612.17402710729,6765.74347338952,0
386,7066910.9444479,2736225.5195819,0,-2618.64784423825,6763.24044844431,0
387,7064289.0606942,2742987.50593675,0,-2625.1192629368,6760.73122901399,0
388,7061660.70672348,2749746.97997587,0,-2631.58827727574,6758.21581739676,0
389,7059025.88494308,2756503.93550824,0,-2638.05488133006,6755.69421589651,0
390,7056384.59776623,2763258.36634514,0,-2644.51906917697,6753.16642682277,0
391,7053736.8476121,2770010.26630014,0,-2650.98083489589,6750.63245249077,0
392,7051082.63690578,2776759.62918914,0,-2657.44017256845,6748.09229522138,0
393,7048421.96807828,2783506.44883038,0,-2663.89707627853,6745.54595734115,0
394,7045754.84356652,2790250.7190444,0,-2670.3515401122,6742.99344118228,0
395,7043081.26581332,2796992.43365409,0,-2676.80355815779,6740.43474908263,0
396,7040401.23726743,2803731.5864847,0,-2683.25312450587,6737.86988338572,0
397,7037714.76038351,2810468.17136378,0,-2689.70023324924,6735.29884644073,0
398,7035021.83762211,2817202.18212128,0,-2696.14487848298,6732.72164060247,0
399,7032322.47144968,2823933.61258947,0,-2702.58705430439,6730.13826823143,0
400,7029616.6643386,2830662.45660302,0,-2709.02675481306,6727.54873169373,0
401,7026904.41876713,2837388.70799893,0,-2715.46397411083,6724.95303336113,0
402,7024185.73721942,2844112.3606166,0,-2721.89870630183,6722.35117561105,0
403,7021460.62218552,2850833.40829781,0,-2728.33094549244,6719.74316082655,0
404,7018729.07616139,2857551.84488671,0,-2734.76068579135,6717.12899139631,0
405,7015991.10164887,2864267.66422985,0,-2741.18792130954,6714.50866971468,0
406,7013246.70115566,2870980.86017619,0,-2747.61264616025,6711.8821981816,0
407,7010495.8771954,2877691.42657706,0,-2754.03485445906,6709.24957920269,0
408,7007738.63228756,2884399.35728625,0,-2760.45454032384,6706.61081518917,0
409,7004974.96895752,2891104.6461599,0,-2766.87169787476,6703.9659085579,0
410,7002204.88973654,2897807.28705663,0,-2773.28632123431,6701.31486173135,0
411,6999428.39716174,2904507.27383744,0,-2779.69840452731,6698.65767713765,0
412,6996645.49377613,2911204.60036579,0,-2786.10794188091,6695.99435721051,0
413,6993856.18212858,2917899.26050757,0,-2792.51492742457,6693.32490438928,0
414,6991060.46477384,2924591.24813109,0,-2798.91935529011,6690.64932111893,0
415,6988258.34427252,2931280.55710714,0,-2805.32121961168,6687.96760985004,0
416,6985449.82319109,2937967.18130894,0,-2811.72051452578,6685.2797730388,0
417,6982634.90410189,2944651.11461219,0,-2818.11723417126,6682.58581314702,0
418,6979813.58958312,2951332.35089503,0,-2824.51137268934,6679.8857326421,0
419,6976985.88221884,2958010.88403809,0,-2830.90292422359,6677.17953399706,0
420,6974151.78459895,2964686.70792447,0,-2837.29188291997,6674.46721969052,0
421,6971311.29931923,2971359.81643975,0,-2843.67824292679,6671.74879220671,0
422,6968464.42898128,2978030.20347199,0,-2850.06199839475,6669.02425403544,0
423,6965611.17619257,2984697.86291175,0,-2856.44314347695,6666.29360767214,0
424,6962751.5435664,2991362.7886521,0,-2862.82167232885,6663.55685561781,0
425,6959885.53372193,2998024.9745886,0,-2869.19757910834,6660.81400037906,0
426,6957013.14928416,3004684.4146193,0,-2875.57085797569,6658.06504446809,0
427,6954134.3928839,3011341.10264481,0,-2881.94150309358,6655.30999040267,0
428,6951249.26715783,3017995.03256823,0,-2888.3095086271,6652.54884070618,0
429,6948357.77474845,3024646.19829519,0,-2894.67486874378,6649.78159790756,0
430,6945459.91830409,3031294.59373386,0,-2901.03757761354,6647.00826454135,0
431,6942555.70047891,3037940.21279493,0,-2907.39762940875,6644.22884314766,0
432,6939645.12393291,3044583.04939166,0,-2913.7550183042,6641.44333627216,0
433,6936728.19133188,3051223.09743983,0,-2920.10973847713,6638.65174646613,0
434,6933804.90534747,3057860.3508578,0,-2926.46178410723,6635.85407628639,0
435,6930875.26865712,3064494.80356647,0,-2932.81114937662,6633.05032829535,0
436,6927939.2839441,3071126.44948931,0,-2939.15782846989,6630.24050506096,0
437,6924996.95389751,3077755.28255237,0,-2945.50181557408,6627.42460915676,0
438,6922048.28121222,3084381.29668426,0,-2951.84310487871,6624.60264316184,0
439,6919093.26858895,3091004.48581619,0,-2958.18169057576,6621.77460966086,0
440,6916131.91873421,3097624.84388194,0,-2964.51756685967,6618.94051124402,0
441,6913164.23436031,3104242.3648179,0,-2970.85072792741,6616.10035050709,0
442,6910190.21818536,3110857.04256305,0,-2977.18116797838,6613.25413005139,0
443,6907209.87293329,3117468.87105897,0,-2983.50888121452,6610.40185248378,0
444,6904223.2013338,3124077.84424985,0,-2989.83386184023,6607.54352041667,0
445,6901230.20612241,3130683.95608251,0,-2996.15610406244,6604.67913646804,0
446,6898230.89004041,3137287.20050637,0,-3002.47560209057,6601.80870326138,0
447,6895225.25583489,3143887.57147349,0,-3008.79235013656,6598.93222342574,0
448,6892213.30625872,3150485.06293855,0,-3015.10634241488,6596.04969959569,0
449,6889195.04407058,3157079.66885889,0,-3021.41757314251,6593.16113441136,0
450,6886170.47203488,3163671.38319447,0,-3027.72603653895,6590.2665305184,0
451,6883139.59292187,3170260.19990791,0,-3034.03172682626,6587.36589056798,0
452,6880102.40950753,3176846.11296448,0,-3040.33463822903,6584.45921721682,0
453,6877058.92457363,3183429.1163321,0,-3046.63476497438,6581.54651312716,0
454,6874009.14090772,3190009.20398137,0,-3052.93210129201,6578.62778096676,0
455,6870953.06130311,3196586.36988557,0,-3059.22664141414,6575.70302340889,0
456,6867890.68855888,3203160.60802062,0,-3065.51837957558,6572.77224313236,0
457,6864822.02547987,3209731.91236515,0,-3071.8073100137,6569.83544282148,0
458,6861747.07487668,3216300.27690048,0,-3078.09342696843,6566.89262516608,0
459,6858665.83956568,3222865.6956106,0,-3084.37672468228,6563.9437928615,0
460,6855578.32236898,3229428.16248222,0,-3090.65719740036,6560.9889486086,0
461,6852484.52611446,3235987.67150474,0,-3096.93483937035,6558.02809511373,0
462,6849384.45363574,3242544.21667027,0,-3103.20964484252,6555.06123508874,0
463,6846278.10777219,3249097.79197364,0,-3109.48160806976,6552.08837125101,0
464,6843165.49136893,3255648.39141241,0,-3115.75072330753,6549.1095063234,0
465,6840046.60727682,3262196.00898684,0,-3122.01698481392,6546.12464303425,0
466,6836921.45835246,3268740.63869993,0,-3128.28038684964,6543.13378411742,0
467,6833790.04745819,3275282.27455744,0,-3134.54092367801,6540.13693231225,0
468,6830652.37746208,3281820.91056784,0,-3140.79858956496,6537.13409036357,0
469,6827508.45123795,3288356.54074237,0,-3147.05337877907,6534.12526102171,0
470,6824358.27166532,3294889.15909501,0,-3153.30528559156,6531.11044704246,0
471,6821201.84162947,3301418.7596425,0,-3159.55430427626,6528.08965118711,0
472,6818039.16402139,3307945.33640434,0,-3165.80042910967,6525.06287622241,0
473,6814870.24173778,3314468.88340283,0,-3172.04365437093,6522.03012492061,0
474,6811695.07768108,3320989.394663,0,-3178.28397434185,6518.99140005942,0
475,6808513.67475943,3327506.86421269,0,-3184.52138330688,6515.94670442201,0
476,6805326.0358867,3334021.28608251,0,-3190.75587555314,6512.89604079705,0
477,6802132.16398247,3340532.65430589,0,-3196.98744537045,6509.83941197865,0
478,6798932.06197201,3347040.96291901,0,-3203.21608705127,6506.77682076639,0
479,6795725.73278631,3353546.20596089,0,-3209.44179489076,6503.70826996532,0
480,6792513.17936207,3360048.37747335,0,-3215.66456318676,6500.63376238592,0
481,6789294.40464169,3366547.47150101,0,-3221.88438623981,6497.55330084417,0
482,6786069.41157324,3373043.48209132,0,-3228.10125835314,6494.46688816147,0
483,6782838.20311053,3379536.40329456,0,-3234.31517383269,6491.37452716468,0
484,6779600.78221302,3386026.22916382,0,-3240.5261269871,6488.27622068611,0
485,6776357.15184589,3392512.95375505,0,-3246.73411212773,6485.17197156351,0
486,6773107.31498,3398996.57112702,0,-3252.93912356866,6482.06178264009,0
487,6769851.27459188,3405477.07534134,0,-3259.14115562669,6478.94565676447,0
488,6766589.03366376,3411954.46046251,0,-3265.34020262133,6475.82359679074,0
489,6763320.59518355,3418428.72055785,0,-3271.53625887487,6472.6956055784,0
490,6760045.96214482,3424899.84969754,0,-3277.72931871229,6469.56168599239,0
491,6756765.13754682,3431367.84195466,0,-3283.91937646135,6466.42184090309,0
492,6753478.12439448,3437832.69140514,0,-3290.10642645254,6463.2760731863,0
493,6750184.92569839,3444294.39212779,0,-3296.29046301911,6460.12438572325,0
494,6746885.54447481,3450752.9382043,0,-3302.47148049706,6456.96678140057,0
495,6743579.98374565,3457208.32371927,0,-3308.64947322519,6453.80326311033,0
496,6740268.24653849,3463660.54276016,0,-3314.82443554503,6450.63383375002,0
497,6736950.33588658,3470109.58941738,0,-3320.99636180091,6447.45849622252,0
498,6733626.2548288,3476555.45778419,0,-3327.16524633992,6444.27725343616,0
499,6730296.00640969,3482998.1419568,0,-3333.33108351195,6441.09010830464,0
500,6726959.59367944,3489437.63603432,0,-3339.4938676697,6437.89706374708,0
501,6723617.0196939,3495873.93411879,0,-3345.65359316862,6434.69812268802,0
502,6720268.28751454,3502307.03031518,0,-3351.810254367,6431.49328805738,0
503,6716913.40020848,3508736.91873136,0,-3357.96384562593,6428.28256279047,0
504,6713552.36084848,3515163.59347819,0,-3364.11436130929,6425.06594982802,0
505,6710185.17251293,3521587.04866944,0,-3370.2617957838,6421.84345211615,0
506,6706811.83828586,3528007.27842182,0,-3376.40614341899,6418.61507260634,0
507,6703432.36125692,3534424.27685503,0,-3382.54739858723,6415.3808142555,0
508,6700046.74452138,3540838.03809171,0,-3388.68555566372,6412.14068002589,0
509,6696654.99118016,3547248.55625745,0,-3394.82060902647,6408.89467288518,0
510,6693257.10433977,3553655.82548083,0,-3400.95255305638,6405.64279580638,0
511,6689853.08711237,3560059.83989341,0,-3407.08138213715,6402.38505176792,0
512,6686442.94261569,3566460.59362971,0,-3413.20709065536,6399.12144375357,0
513,6683026.67397311,3572858.08082725,0,-3419.32967300046,6395.8519747525,0
514,6679604.28431361,3579252.29562655,0,-3425.44912356473,6392.57664775922,0
515,6676175.77677178,3585643.23217111,0,-3431.56543674334,6389.29546577362,0
516,6672741.15448779,3592030.88460744,0,-3437.67860693433,6386.00843180096,0
517,6669300.42060744,3598415.24708505,0,-3443.78862853861,6382.71554885184,0
518,6665853.57828211,3604796.31375649,0,-3449.89549596,6379.41681994223,0
519,6662400.63066878,3611174.07877729,0,-3455.99920360517,6376.11224809345,0
520,6658941.58093002,3617548.53630603,0,-3462.09974588371,6372.80183633218,0
521,6655476.43223399,3623919.68050433,0,-3468.19711720811,6369.48558769044,0
522,6652005.18775445,3630287.5055368,0,-3474.29131199375,6366.1635052056,0
523,6648527.85067071,3636652.00557114,0,-3480.38232465893,6362.83559192036,0
524,6645044.4241677,3643013.17477806,0,-3486.47014962487,6359.50185088279,0
525,6641554.91143589,3649371.00733134,0,-3492.55478131569,6356.16228514627,0
526,6638059.31567135,3655725.4974078,0,-3498.63621415844,6352.81689776952,0
527,6634557.64007571,3662076.63918735,0,-3504.71444258312,6349.46569181661,0
528,6631049.88785618,3668424.42685293,0,-3510.78946102265,6346.10867035691,0
529,6627536.06222552,3674768.85459059,0,-3516.86126391288,6342.74583646514,0
530,6624016.16640205,3681109.91658941,0,-3522.92984569263,6339.37719322135,0
531,6620490.20360969,3687447.60704161,0,-3528.99520080364,6336.00274371087,0
532,6616958.17707786,3693781.92014244,0,-3535.05732369064,6332.6224910244,0
533,6613420.09004156,3700112.85009029,0,-3541.11620880129,6329.23643825791,0
534,6609875.94574136,3706440.39108663,0,-3547.17185058622,6325.84458851271,0
535,6606325.74742335,3712764.53733603,0,-3553.22424349905,6322.44694489542,0
536,6602769.49833917,3719085.28304617,0,-3559.27338199637,6319.04351051795,0
537,6599207.20174601,3725402.62242785,0,-3565.31926053773,6315.63428849752,0
538,6595638.86090659,3731716.54969499,0,-3571.36187358568,6312.21928195666,0
539,6592064.47908918,3738027.05906463,0,-3577.40121560578,6308.79849402318,0
540,6588484.05956757,3744334.14475695,0,-3583.43728106654,6305.37192783021,0
541,6584897.60562108,3750637.80099525,0,-3589.47006443952,6301.93958651616,0
542,6581305.12053456,3756938.02200599,0,-3595.49956019925,6298.50147322471,0
543,6577706.60759839,3763234.80201876,0,-3601.5257628233,6295.05759110486,0
544,6574102.07010846,3769528.13526631,0,-3607.54866679222,6291.60794331088,0
545,6570491.5113662,3775818.01598454,0,-3613.56826658962,6288.15253300231,0
546,6566874.93467851,3782104.43841253,0,-3619.58455670212,6284.69136334398,0
547,6563252.34335786,3788387.3967925,0,-3625.59753161936,6281.22443750599,0
548,6559623.74072218,3794666.88536987,0,-3631.60718583403,6277.75175866373,0
549,6555989.13009492,3800942.89839322,0,-3637.61351384186,6274.27332999782,0
550,6552348.51480506,3807215.43011432,0,-3643.61651014163,6270.78915469419,0
551,6548701.89818704,3813484.47478813,0,-3649.61616923515,6267.299235944,0
552,6545049.28358083,3819750.02667279,0,-3655.61248562732,6263.80357694368,0
553,6541390.67433185,3826012.08002967,0,-3661.60545382608,6260.30218089494,0
554,6537726.07379107,3832270.6291233,0,-3667.59506834243,6256.79505100472,0
555,6534055.48531489,3838525.66822147,0,-3673.58132369047,6253.2821904852,0
556,6530378.91226524,3844777.19159514,0,-3679.56421438735,6249.76360255385,0
557,6526696.35800949,3851025.19351851,0,-3685.54373495331,6246.23929043335,0
558,6523007.82592053,3857269.66826902,0,-3691.51987991168,6242.70925735163,0
559,6519313.3193767,3863510.6101273,0,-3697.49264378887,6239.17350654187,0
560,6515612.84176181,3869748.01337727,0,-3703.46202111442,6235.63204124249,0
561,6511906.39646514,3875981.87230604,0,-3709.42800642092,6232.08486469712,0
562,6508193.98688146,3882212.181204,0,-3715.39059424412,6228.53198015465,0
563,6504475.61641097,3888438.93436477,0,-3721.34977912284,6224.97339086918,0
564,6500751.28845935,3894662.12608524,0,-3727.30555559903,6221.40910010003,0
565,6497021.00643772,3900881.75066556,0,-3733.25791821778,6217.83911111176,0
566,6493284.77376268,3907097.80240915,0,-3739.20686152729,6214.26342717414,0
567,6489542.59385625,3913310.27562269,0,-3745.15238007888,6210.68205156216,0
568,6485794.47014592,3919519.16461614,0,-3751.09446842704,6207.09498755601,0
569,6482040.40606462,3925724.46370276,0,-3757.03312112936,6203.50223844111,0
570,6478280.40505069,3931926.16719908,0,-3762.96833274661,6199.90380750807,0
571,6474514.47054796,3938124.26942494,0,-3768.90009784271,6196.29969805271,0
572,6470742.60600566,3944318.76470345,0,-3774.82841098471,6192.68991337605,0
573,6466964.81487846,3950509.64736105,0,-3780.75326674285,6189.07445678432,0
574,6463181.10062645,3956696.91172748,0,-3786.67465969052,6185.45333158893,0
575,6459391.46671515,3962880.5521358,0,-3792.59258440429,6181.82654110648,0
576,6455595.91661552,3969060.56292237,0,-3798.5070354639,6178.19408865876,0
577,6451794.45380392,3975236.9384269,0,-3804.41800745229,6174.55597757277,0
578,6447987.08176211,3981409.67299242,0,-3810.32549495555,6170.91221118066,0
579,6444173.8039773,3987578.76096528,0,-3816.22949256299,6167.26279281978,0
580,6440354.62394209,3993744.19669518,0,-3822.12999486712,6163.60772583265,0
581,6436529.54515447,3999905.97453518,0,-3828.02699646363,6159.94701356696,0
582,6432698.57111786,4006064.08884167,0,-3833.92049195144,6156.28065937557,0
583,6428861.70534107,4012218.53397441,0,-3839.81047593265,6152.60866661653,0
584,6425018.9513383,4018369.3042965,0,-3845.69694301261,6148.93103865301,0
585,6421170.31262914,4024516.39417444,0,-3851.57988779986,6145.24777885339,0
586,6417315.79273859,4030659.79797806,0,-3857.4593049062,6141.55889059117,0
587,6413455.39519702,4036799.51008059,0,-3863.33518894664,6137.86437724503,0
588,6409589.12354018,4042935.52485865,0,-3869.20753453942,6134.16424219879,0
589,6405716.98130922,4049067.83669222,0,-3875.07633630604,6130.45848884143,0
590,6401838.97205064,4055196.43996469,0,-3880.94158887122,6126.74712056705,0
591,6397955.09931633,4061321.32906285,0,-3886.80328686296,6123.03014077492,0
592,6394065.36666356,4067442.49837687,0,-3892.6614249125,6119.30755286945,0
593,6390169.77765494,4073559.94230035,0,-3898.51599765434,6115.57936026016,0
594,6386268.33585847,4079673.65523029,0,-3904.36699972625,6111.84556636173,0
595,6382361.0448475,4085783.63156712,0,-3910.21442576927,6108.10617459396,0
596,6378447.90820073,4091889.86571467,0,-3916.05827042771,6104.36118838177,0
597,6374528.92950222,4097992.35208021,0,-3921.89852834916,6100.61061115521,0
598,6370604.11234139,4104091.08507445,0,-3927.73519418451,6096.85444634947,0
599,6366673.460313,4110186.05911153,0,-3933.56826258792,6093.09269740482,0
600,6362736.97701714,4116277.26860903,0,-3939.39772821686,6089.32536776667,0
601,6358794.66605927,4122364.70798798,0,-3945.22358573209,6085.55246088555,0
602,6354846.53105016,4128448.37167287,0,-3951.04582979768,6081.77398021706,0
603,6350892.57560594,4134528.25409164,0,-3956.86445508101,6077.98992922194,0
604,6346932.80334804,4140604.34967569,0,-3962.67945625278,6074.20031136603,0
605,6342967.21790324,4146676.65285991,0,-3968.49082798698,6070.40513012024,0
606,6338995.82290365,4152745.15808263,0,-3974.29856496096,6066.60438896061,0
607,6335018.62198668,4158809.85978568,0,-3980.10266185539,6062.79809136826,0
608,6331035.61879507,4164870.75241438,0,-3985.90311335425,6058.98624082938,0
609,6327046.81697688,4170927.83041752,0,-3991.6999141449,6055.16884083528,0
610,6323052.22018545,4176981.0882474,0,-3997.49305891802,6051.34589488233,0
611,6319051.83207948,4183030.5203598,0,-4003.28254236762,6047.51740647198,0
612,6315045.65632293,4189076.12121403,0,-4009.06835919111,6043.68337911076,0
613,6311033.69658507,4195117.88527288,0,-4014.85050408921,6039.84381631028,0
614,6307015.95654049,4201155.80700267,0,-4020.62897176603,6035.99872158722,0
615,6302992.43986904,4207189.88087325,0,-4026.40375692905,6032.14809846331,0
616,6298963.1502559,4213220.10135798,0,-4032.17485428912,6028.29195046536,0
617,6294928.0913915,4219246.46293374,0,-4037.94225856045,6024.43028112523,0
618,6290887.26697157,4225268.96008096,0,-4043.70596446066,6020.56309397985,0
619,6286840.68069712,4231287.58728361,0,-4049.46596671073,6016.69039257119,0
620,6282788.33627445,4237302.33902919,0,-4055.22226003505,6012.81218044628,0
621,6278730.23741512,4243313.20980878,0,-4060.97483916141,6008.92846115719,0
622,6274666.38783595,4249320.19411697,0,-4066.72369882098,6005.03923826104,0
623,6270596.79125906,4255323.28645195,0,-4072.46883374837,6001.14451531998,0
624,6266521.45141179,4261322.48131545,0,-4078.21023868157,5997.24429590122,0
625,6262440.37202678,4267317.77321279,0,-4083.947908362,5993.33858357699,0
626,6258353.5568419,4273309.15665283,0,-4089.6818375345,5989.42738192453,0
627,6254261.00960029,4279296.62614805,0,-4095.41202094735,5985.51069452615,0
628,6250162.73405034,4285280.1762145,0,-4101.13845335222,5981.58852496915,0
629,6246058.73394568,4291259.8013718,0,-4106.86112950427,5977.66087684588,0
630,6241949.01304517,4297235.4961432,0,-4112.58004416205,5973.72775375368,0
631,6237833.57511293,4303207.25505552,0,-4118.2951920876,5969.78915929492,0
632,6233712.42391831,4309175.0726392,0,-4124.00656804637,5965.84509707697,0
633,6229585.5632359,4315138.94342829,0,-4129.71416680729,5961.89557071223,0
634,6225452.99684551,4321098.86196045,0,-4135.41798314274,5957.94058381808,0
635,6221314.72853217,4327054.82277696,0,-4141.11801182857,5953.98014001692,0
636,6217170.76208614,4333006.82042272,0,-4146.8142476441,5950.01424293613,0
637,6213021.10130291,4338954.84944628,0,-4152.50668537211,5946.04289620811,0
638,6208865.74998316,4344898.9043998,0,-4158.19531979887,5942.06610347022,0
639,6204704.71193281,4350838.9798391,0,-4163.88014571413,5938.08386836483,0
640,6200537.99096297,4356775.07032363,0,-4169.56115791114,5934.09619453929,0
641,6196365.59088997,4362707.17041649,0,-4175.23835118662,5930.10308564593,0
642,6192187.51553531,4368635.27468445,0,-4180.91172034081,5926.10454534206,0
643,6188003.76872572,4374559.37769793,0,-4186.58126017745,5922.10057728995,0
644,6183814.35429312,4380479.474031,0,-4192.24696550376,5918.09118515687,0
645,6179619.27607462,4386395.55826144,0,-4197.90883113051,5914.07637261503,0
646,6175418.53791249,4392307.62497065,0,-4203.56685187197,5910.05614334163,0
647,6171212.14365423,4398215.66874377,0,-4209.22102254592,5906.03050101881,0
648,6167000.09715248,4404119.68416957,0,-4214.87133797368,5901.99944933367,0
649,6162782.40226509,4410019.66584055,0,-4220.5177929801,5897.96299197828,0
650,6158559.06285505,4415915.60835287,0,-4226.16038239357,5893.92113264964,0
651,6154330.08279055,4421807.50630642,0,-4231.799101046,5889.87387504972,0
652,6150095.46594494,4427695.35430478,0,-4237.43394377288,5885.82122288542,0
653,6145855.2161967,4433579.14695524,0,-4243.06490541321,5881.76317986858,0
654,6141609.33742952,4439458.87886881,0,-4248.69198080958,5877.69974971598,0
655,6137357.83353222,4445334.5446602,0,-4254.31516480812,5873.63093614935,0
656,6133100.70839876,4451206.13894788,0,-4259.93445225852,5869.55674289532,0
657,6128837.96592826,4457073.65635401,0,-4265.54983801406,5865.47717368546,0
658,6124569.61002501,4462937.09150451,0,-4271.16131693157,5861.39223225629,0
659,6120295.64459839,4468796.43902903,0,-4276.76888387147,5857.30192234921,0
660,6116016.07356297,4474651.69356096,0,-4282.37253369777,5853.20624771056,0
661,6111730.90083842,4480502.84973746,0,-4287.97226127805,5849.10521209159,0
662,6107440.13034954,4486349.9021994,0,-4293.5680614835,5844.99881924845,0
663,6103143.76602628,4492192.84559146,0,-4299.15992918889,5840.88707294222,0
664,6098841.8118037,4498031.67456206,0,-4304.74785927261,5836.76997693886,0
665,6094534.27162198,4503866.38376337,0,-4310.33184661665,5832.64753500923,0
666,6090221.14942642,4509696.96785136,0,-4315.9118861066,5828.51975092911,0
667,6085902.44916742,4515523.42148577,0,-4321.48797263167,5824.38662847916,0
668,6081578.17480051,4521345.73933012,0,-4327.0601010847,5820.24817144491,0
669,6077248.33028631,4527163.91605173,0,-4332.62826636216,5816.1043836168,0
670,6072912.91959055,4532977.94632169,0,-4338.19246336413,5811.95526879015,0
671,6068571.94668404,4538787.82481491,0,-4343.75268699434,5807.80083076516,0
672,6064225.41554271,4544593.54621009,0,-4349.30893216015,5803.64107334688,0
673,6059873.33014757,4550395.10518974,0,-4354.86119377256,5799.47600034527,0
674,6055515.69448472,4556192.49644019,0,-4360.40946674624,5795.30561557514,0
675,6051152.51254532,4561985.71465157,0,-4365.9537459995,5791.12992285615,0
676,6046783.78832565,4567774.75451786,0,-4371.4940264543,5786.94892601286,0
677,6042409.52582704,4573559.61073683,0,-4377.03030303627,5782.76262887465,0
678,6038029.72905589,4579340.27801012,0,-4382.56257067471,5778.57103527577,0
679,6033644.40202369,4585116.75104318,0,-4388.09082430258,5774.37414905533,0
680,6029253.54874698,4590889.0245453,0,-4393.61505885654,5770.17197405728,0
681,6024857.17324736,4596657.09322965,0,-4399.13526927691,5765.9645141304,0
682,6020455.27955149,4602420.95181321,0,-4404.6514505077,5761.75177312833,0
683,6016047.87169109,4608180.59501683,0,-4410.16359749662,5757.53375490954,0
684,6011634.95370293,4613936.01756524,0,-4415.67170519505,5753.31046333733,0
685,6007216.52962881,4619687.21418701,0,-4421.17576855811,5749.08190227984,0
686,6002792.6035156,4625434.1796146,0,-4426.67578254459,5744.84807561003,0
687,5998363.17941519,4631176.90858432,0,-4432.17174211699,5740.60898720568,0
688,5993928.26138452,4636915.39583639,0,-4437.66364224156,5736.36464094939,0
689,5989487.85348554,4642649.6361149,0,-4443.15147788821,5732.11504072858,0
690,5985041.95978524,4648379.62416782,0,-4448.63524403063,5727.86019043548,0
691,5980590.58435565,4654105.35474704,0,-4454.1149356462,5723.60009396712,0
692,5976133.7312738,4659826.82260833,0,-4459.59054771605,5719.33475522536,0
693,5971671.40462174,4665544.02251137,0,-4465.06207522503,5715.06417811683,0
694,5967203.60848654,4671256.94921975,0,-4470.52951316175,5710.78836655297,0
695,5962730.34696028,4676965.59750096,0,-4475.99285651855,5706.50732445003,0
696,5958251.62414003,4682669.96212644,0,-4481.45210029154,5702.22105572904,0
697,5953767.44412789,4688370.03787152,0,-4486.90723948055,5697.9295643158,0
698,5949277.81103093,4694065.81951549,0,-4492.35826908921,5693.63285414091,0
699,5944782.72896123,4699757.30184153,0,-4497.80518412489,5689.33092913976,0
700,5940282.20203587,4705444.4796368,0,-4503.24797959873,5685.02379325249,0
701,5935776.23437688,4711127.34769239,0,-4508.68665052565,5680.71145042404,0
702,5931264.83011132,4716805.90080332,0,-4514.12119192435,5676.3939046041,0
703,5926747.9933712,4722480.13376858,0,-4519.5515988173,5672.07115974712,0
704,5922225.72829352,4728150.04139112,0,-4524.97786623076,5667.74321981234,0
705,5917698.03902023,4733815.61847784,0,-4530.39998919479,5663.41008876374,0
706,5913164.92969827,4739476.8598396,0,-4535.81796274324,5659.07177057005,0
707,5908626.40447953,4745133.76029125,0,-4541.23178191377,5654.72826920475,0
708,5904082.46752088,4750786.31465161,0,-4546.64144174782,5650.37958864609,0
709,5899533.12298413,4756434.51774348,0,-4552.04693729067,5646.02573287704,0
710,5894978.37503605,4762078.36439363,0,-4557.44826359139,5641.66670588532,0
711,5890418.22784835,4767717.84943284,0,-4562.84541570289,5637.30251166338,0
712,5885852.68559769,4773352.96769587,0,-4568.23838868188,5632.93315420841,0
713,5881281.75246568,4778983.71402151,0,-4573.62717758892,5628.55863752232,0
714,5876705.43263885,4784610.08325251,0,-4579.01177748838,5624.17896561176,0
715,5872123.73030868,4790232.07023566,0,-4584.39218344849,5619.79414248809,0
716,5867536.64967157,4795849.66982175,0,-4589.7683905413,5615.40417216739,0
717,5862944.19492886,4801462.8768656,0,-4595.14039384273,5611.00905867046,0
718,5858346.37028679,4807071.68622604,0,-4600.50818843252,5606.6088060228,0
719,5853743.17995654,4812676.09276594,0,-4605.87176939429,5602.20341825462,0
720,5849134.62815418,4818276.09135219,0,-4611.23113181551,5597.79289940085,0
721,5844520.71910072,4823871.67685573,0,-4616.5862707875,5593.37725350109,0
722,5839901.45702206,4829462.84415153,0,-4621.93718140548,5588.95648459966,0
723,5835276.846149,4835049.58811861,0,-4627.28385876852,5584.53059674557,0
724,5830646.89071724,4840631.90364005,0,-4632.62629797957,5580.09959399249,0
725,5826011.59496739,4846209.78560298,0,-4637.96449414546,5575.66348039883,0
726,5821370.96314493,4851783.22889859,0,-4643.29844237691,5571.22226002762,0
727,5816724.99950024,4857352.22842213,0,-4648.62813778854,5566.77593694661,0
728,5812073.70828858,4862916.77907294,0,-4653.95357549884,5562.3245152282,0
729,5807417.0937701,4868476.8757544,0,-4659.27475063023,5557.86799894948,0
730,5802755.16020981,4874032.51337401,0,-4664.59165830902,5553.40639219218,0
731,5798087.91187759,4879583.68684332,0,-4669.90429366542,5548.93969904273,0
732,5793415.35304821,4885130.39107799,0,-4675.21265183356,5544.46792359217,0
733,5788737.48800127,4890672.62099777,0,-4680.51672795149,5539.99106993624,0
734,5784054.32102127,4896210.3715265,0,-4685.81651716119,5535.50914217531,0
735,5779365.85639754,4901743.63759212,0,-4691.11201460855,5531.02214441439,0
736,5774672.09842426,4907272.4141267,0,-4696.4032154434,5526.53008076316,0
737,5769973.05140047,4912796.69606639,0,-4701.69011481949,5522.0329553359,0
738,5765268.71963006,4918316.47835148,0,-4706.97270789455,5517.53077225157,0
739,5760559.10742173,4923831.75592638,0,-4712.2509898302,5513.02353563373,0
740,5755844.21908905,4929342.52373962,0,-4717.52495579205,5508.51124961058,0
741,5751124.05895041,4934848.77674385,0,-4722.79460094965,5503.99391831495,0
742,5746398.63132903,4940350.50989587,0,-4728.05992047649,5499.47154588428,0
743,5741667.94055295,4945847.71815662,0,-4733.32090955006,5494.94413646065,0
744,5736931.99095502,4951340.39649117,0,-4738.57756335179,5490.41169419071,0
745,5732190.78687294,4956828.53986877,0,-4743.82987706707,5485.87422322577,0
746,5727444.33264919,4962312.14326278,0,-4749.07784588529,5481.33172772171,0
747,5722692.63263107,4967791.20165075,0,-4754.32146499981,5476.78421183902,0
748,5717935.69117069,4973265.71001438,0,-4759.56072960797,5472.2316797428,0
749,5713173.51262495,4978735.66333955,0,-4764.79563491111,5467.67413560274,0
750,5708406.10135557,4984201.0566163,0,-4770.02617611454,5463.1115835931,0
751,5703633.46172902,4989661.88483884,0,-4775.2523484276,5458.54402789276,0
752,5698855.5981166,4995118.14300558,0,-4780.4741470636,5453.97147268517,0
753,5694072.51489438,5000569.82611911,0,-4785.69156723987,5449.39392215834,0
754,5689284.2164432,5006016.92918619,0,-4790.90460417776,5444.81138050488,0
755,5684490.7071487,5011459.44721781,0,-4796.11325310261,5440.22385192196,0
756,5679691.99140126,5016897.37522912,0,-4801.3175092438,5435.63134061132,0
757,5674888.07359606,5022330.70823952,0,-4806.51736783472,5431.03385077926,0
758,5670078.95813303,5027759.44127258,0,-4811.71282411281,5426.43138663666,0
759,5665264.64941686,5033183.5693561,0,-4816.9038733195,5421.82395239892,0
760,5660445.151857,5038603.08752209,0,-4822.09051070031,5417.21155228602,0
761,5655620.46986765,5044017.99080679,0,-4827.27273150476,5412.59419052248,0
762,5650790.60786776,5049428.27425066,0,-4832.45053098642,5407.97187133736,0
763,5645955.57028103,5054833.9328984,0,-4837.62390440294,5403.34459896427,0
764,5641115.36153589,5060234.96179894,0,-4842.79284701598,5398.71237764135,0
765,5636269.98606551,5065631.35600544,0,-4847.95735409129,5394.07521161128,0
766,5631419.4483078,5071023.11057534,0,-4853.11742089868,5389.43310512125,0
767,5626563.75270538,5076410.22057028,0,-4858.27304271201,5384.78606242299,0
768,5621702.90370561,5081792.6810562,0,-4863.42421480922,5380.13408777276,0
769,5616836.90576057,5087170.48710326,0,-4868.57093247232,5375.47718543132,0
770,5611965.76332705,5092543.63378592,0,-4873.71319098743,5370.81535966395,0
771,5607089.48086655,5097912.11618287,0,-4878.8509856447,5366.14861474044,0
772,5602208.06284528,5103275.92937711,0,-4883.98431173842,5361.47695493509,0
773,5597321.51373416,5108635.06845588,0,-4889.11316456695,5356.80038452668,0
774,5592429.8380088,5113989.52851072,0,-4894.23753943274,5352.11890779852,0
775,5587533.04014951,5119339.30463746,0,-4899.35743164235,5347.43252903839,0
776,5582631.1246413,5124684.39193622,0,-4904.47283650645,5342.74125253857,0
777,5577724.09597385,5130024.78551139,0,-4909.58374933982,5338.04508259582,0
778,5572811.95864152,5135360.48047169,0,-4914.69016546134,5333.34402351139,0
779,5567894.71714339,5140691.47193014,0,-4919.79208019403,5328.638079591,0
780,5562972.37598316,5146017.75500403,0,-4924.889488865,5323.92725514484,0
781,5558044.93966923,5151339.32481502,0,-4929.98238680553,5319.21155448759,0
782,5553112.41271468,5156656.17648905,0,-4935.07076935101,5314.49098193838,0
783,5548174.79963722,5161968.30515638,0,-4940.15463184095,5309.7655418208,0
784,5543232.10495923,5167275.70595161,0,-4945.23396961902,5305.03523846291,0
785,5538284.33320777,5172578.37401367,0,-4950.30877803304,5300.30007619721,0
786,5533331.4889145,5177876.30448581,0,-4955.37905243495,5295.56005936067,0
787,5528373.57661578,5183169.49251564,0,-4960.44478818088,5290.81519229468,0
788,5523410.60085258,5188457.93325511,0,-4965.50598063109,5286.0654793451,0
789,5518442.5661705,5193741.62186049,0,-4970.56262515001,5281.31092486221,0
790,5513469.4771198,5199020.55349244,0,-4975.61471710623,5276.55153320074,0
791,5508491.33825535,5204294.72331595,0,-4980.66225187251,5271.78730871982,0
792,5503508.15413665,5209564.12650039,0,-4985.70522482581,5267.01825578304,0
793,5498519.92932784,5214828.75821949,0,-4990.74363134722,5262.24437875839,0
794,5493526.66839764,5220088.61365134,0,-4995.77746682205,5257.4656820183,0
795,5488528.37591941,5225343.68797841,0,-5000.80672663979,5252.68216993959,0
796,5483525.05647112,5230593.97638756,0,-5005.83140619411,5247.89384690352,0
797,5478516.71463532,5235839.47407003,0,-5010.85150088289,5243.10071729571,0
798,5473503.35499917,5241080.17622143,0,-5015.86700610819,5238.30278550624,0
799,5468484.98215445,5246316.07804178,0,-5020.87791727628,5233.50005592954,0
800,5463461.6006975,5251547.17473549,0,-5025.88422979766,5228.69253296446,0
801,5458433.21522927,5256773.46151138,0,-5030.88593908701,5223.88022101424,0
802,5453399.83035527,5261994.93358266,0,-5035.88304056324,5219.06312448648,0
803,5448361.4506856,5267211.58616696,0,-5040.87552964949,5214.24124779321,0
804,5443318.08083496,5272423.41448633,0,-5045.86340177311,5209.41459535079,0
805,5438269.72542257,5277630.41376722,0,-5050.84665236568,5204.58317157998,0
806,5433216.38907226,5282832.57924052,0,-5055.82527686301,5199.74698090591,0
807,5428158.07641239,5288029.90614154,0,-5060.79927070517,5194.90602775807,0
808,5423094.79207592,5293222.38971002,0,-5065.76862933645,5190.06031657031,0
809,5418026.54070031,5298410.02519015,0,-5070.73334820538,5185.20985178083,0
810,5412953.32692761,5303592.80783053,0,-5075.69342276476,5180.35463783221,0
811,5407875.1554044,5308770.73288424,0,-5080.64884847162,5175.49467917136,0
812,5402792.0307818,5313943.79560879,0,-5085.59962078728,5170.62998024954,0
813,5397703.95771546,5319111.99126614,0,-5090.54573517729,5165.76054552235,0
814,5392610.94086559,5324275.31512272,0,-5095.48718711149,5160.88637944973,0
815,5387512.9848969,5329433.76244941,0,-5100.42397206397,5156.00748649596,0
816,5382410.09447863,5334587.32852157,0,-5105.35608551311,5151.12387112962,0
817,5377302.27428455,5339736.00861902,0,-5110.28352294156,5146.23553782366,0
818,5372189.52899293,5344879.79802607,0,-5115.20627983625,5141.34249105532,0
819,5367071.86328656,5350018.69203147,0,-5120.12435168842,5136.44473530617,0
820,5361949.28185273,5355152.68592851,0,-5125.03773399357,5131.54227506207,0
821,5356821.78938325,5360281.77501493,0,-5129.94642225151,5126.63511481323,0
822,5351689.39057441,5365405.95459297,0,-5134.85041196635,5121.72325905414,0
823,5346552.090127,5370525.21996937,0,-5139.74969864651,5116.80671228358,0
824,5341409.89274629,5375639.56645537,0,-5144.6442778047,5111.88547900465,0
825,5336262.80314206,5380748.98936671,0,-5149.53414495795,5106.95956372472,0
826,5331110.82602854,5385853.48402365,0,-5154.41929562761,5102.02897095547,0
827,5325953.96612446,5390953.04575096,0,-5159.29972533935,5097.09370521286,0
828,5320792.228153,5396047.66987793,0,-5164.17542962315,5092.15377101711,0
829,5315625.61684184,5401137.35173835,0,-5169.04640401334,5087.20917289273,0
830,5310454.1369231,5406222.08667058,0,-5173.91264404857,5082.25991536851,0
831,5305277.79313335,5411301.87001747,0,-5178.77414527181,5077.3060029775,0
832,5300096.59021364,5416376.69712642,0,-5183.63090323041,5072.34744025701,0
833,5294910.53290946,5421446.56334939,0,-5188.48291347603,5067.38423174861,0
834,5289719.62597074,5426511.46404284,0,-5193.33017156469,5062.41638199813,0
835,5284523.87415186,5431571.39456782,0,-5198.17267305677,5057.44389555564,0
836,5279323.28221164,5436626.35028991,0,-5203.01041351699,5052.46677697548,0
837,5274117.85491331,5441676.32657924,0,-5207.84338851444,5047.4850308162,0
838,5268907.59702457,5446721.31881053,0,-5212.67159362258,5042.49866164062,0
839,5263692.51331751,5451761.32236304,0,-5217.49502441923,5037.50767401577,0
840,5258472.60856864,5456796.33262061,0,-5222.31367648658,5032.51207251293,0
841,5253247.88755891,5461826.34497163,0,-5227.12754541122,5027.51186170759,0
842,5248018.35507367,5466851.35480911,0,-5231.93662678409,5022.50704617946,0
843,5242784.01590267,5471871.35753061,0,-5236.74091620053,5017.49763051249,0
844,5237544.87484006,5476886.34853829,0,-5241.54040926027,5012.48361929482,0
845,5232300.9366844,5481896.32323888,0,-5246.33510156744,5007.46501711881,0
846,5227052.20623864,5486901.27704374,0,-5251.12498873054,5002.44182858101,0
847,5221798.68831011,5491901.20536879,0,-5255.9100663625,4997.4140582822,0
848,5216540.38771055,5496896.10363458,0,-5260.69033008064,4992.38171082734,0
849,5211277.30925605,5501885.96726626,0,-5265.46577550669,4987.34479082557,0
850,5206009.45776709,5506870.79169359,0,-5270.23639826681,4982.30330289024,0
851,5200736.83806853,5511850.57235094,0,-5275.00219399155,4977.25725163886,0
852,5195459.45498957,5516825.3046773,0,-5279.76315831589,4972.20664169315,0
853,5190177.31336382,5521794.9841163,0,-5284.51928687926,4967.15147767897,0
854,5184890.41802919,5526759.60611618,0,-5289.27057532548,4962.09176422639,0
855,5179598.77382799,5531719.16612982,0,-5294.01701930282,4957.02750596961,0
856,5174302.38560686,5536673.65961473,0,-5298.75861446401,4951.95870754702,0
857,5169001.25821678,5541623.08203307,0,-5303.49535646618,4946.88537360114,0
858,5163695.39651309,5546567.42885164,0,-5308.22724097093,4941.80750877869,0
859,5158384.80535545,5551506.69554189,0,-5312.9542636443,4936.72511773048,0
860,5153069.48960785,5556440.87757991,0,-5317.6764201568,4931.63820511152,0
861,5147749.45413863,5561369.97044647,0,-5322.39370618337,4926.54677558093,0
862,5142424.70382042,5566293.96962699,0,-5327.10611740343,4921.45083380198,0
863,5137095.2435302,5571212.87061155,0,-5331.81364950086,4916.35038444206,0
864,5131761.07814923,5576126.6688949,0,-5336.51629816401,4911.2454321727,0
865,5126422.21256312,5581035.35997648,0,-5341.21405908569,4906.13598166955,0
866,5121078.65166174,5585938.93936039,0,-5345.90692796321,4901.02203761238,0
867,5115730.40033931,5590837.40255542,0,-5350.59490049835,4895.90360468508,0
868,5110377.46349429,5595730.74507503,0,-5355.27797239736,4890.78068757564,0
869,5105019.84602949,5600618.96243741,0,-5359.956139371,4885.65329097618,0
870,5099657.55285195,5605502.05016539,0,-5364.62939713451,4880.5214195829,0
871,5094290.58887305,5610380.00378654,0,-5369.29774140764,4875.3850780961,0
872,5088918.95900839,5615252.81883312,0,-5373.96116791462,4870.24427122018,0
873,5083542.6681779,5620120.49084209,0,-5378.6196723842,4865.09900366364,0
874,5078161.72130573,5624983.01535512,0,-5383.27325054963,4859.94928013905,0
875,5072776.12332032,5629840.38791861,0,-5387.92189814867,4854.79510536307,0
876,5067385.87915437,5634692.60408367,0,-5392.56561092361,4849.63648405644,0
877,5061990.99374483,5639539.65940612,0,-5397.20438462125,4844.47342094395,0
878,5056591.4720329,5644381.54944653,0,-5401.83821499292,4839.30592075448,0
879,5051187.31896404,5649218.26977019,0,-5406.46709779445,4834.13398822098,0
880,5045778.53948792,5654049.81594711,0,-5411.09102878625,4828.95762808044,0
881,5040365.13855848,5658876.18355206,0,-5415.71000373321,4823.77684507391,0
882,5034947.12113388,5663697.36816455,0,-5420.32401840482,4818.59164394651,0
883,5029524.4921765,5668513.36536883,0,-5424.93306857506,4813.40202944737,0
884,5024097.25665297,5673324.1707539,0,-5429.53715002248,4808.2080063297,0
885,5018665.41953411,5678129.77991353,0,-5434.13625853019,4803.00957935072,0
886,5013228.98579496,5682930.18844624,0,-5438.73038988584,4797.8067532717,0
887,5007787.96041479,5687725.3919553,0,-5443.31953988163,4792.59953285793,0
888,5002342.34837705,5692515.38604876,0,-5447.90370431436,4787.38792287874,0
889,4996892.15466941,5697300.16633946,0,-5452.48287898534,4782.17192810746,0
890,4991437.38428373,5702079.72844497,0,-5457.05705970051,4776.95155332144,0
891,4985978.04221606,5706854.06798769,0,-5461.62624227034,4771.72680330206,0
892,4980514.13346663,5711623.18059476,0,-5466.19042250989,4766.49768283469,0
893,4975045.66303988,5716387.06189814,0,-5470.74959623882,4761.2641967087,0
894,4969572.63594439,5721145.70753456,0,-5475.30375928135,4756.02634971747,0
895,4964095.05719293,5725899.11314555,0,-5479.85290746629,4750.78414665837,0
896,4958612.93180246,5730647.27437745,0,-5484.39703662708,4745.53759233276,0
897,4953126.26479407,5735390.1868814,0,-5488.93614260171,4740.28669154599,0
898,4947635.06119304,5740127.84631333,0,-5493.47022123279,4735.03144910737,0
899,4942139.32602878,5744860.248334,0,-5497.99926836754,4729.77186983022,0
900,4936639.06433485,5749587.38860898,0,-5502.52327985779,4724.50795853181,0
901,4931134.28114899,5754309.26280866,0,-5507.04225155996,4719.23972003337,0
902,4925624.98151304,5759025.86660825,0,-5511.55617933512,4713.96715916012,0
903,4920111.17047301,5763737.1956878,0,-5516.06505904893,4708.69028074122,0
904,4914592.85307901,5768443.24573217,0,-5520.56888657168,4703.40908960979,0
905,4909070.0343853,5773144.01243106,0,-5525.06765777831,4698.12359060289,0
906,4903542.71945026,5777839.49147903,0,-5529.56136854835,4692.83378856155,0
907,4898010.91333639,5782529.67857545,0,-5534.05001476601,4687.53968833071,0
908,4892474.62111029,5787214.56942457,0,-5538.53359232011,4682.24129475927,0
909,4886933.84784267,5791894.15973548,0,-5543.01209710411,4676.93861270006,0
910,4881388.59860837,5796568.4452221,0,-5547.48552501614,4671.63164700982,0
911,4875838.8784863,5801237.42160324,0,-5551.95387195895,4666.32040254924,0
912,4870284.69255947,5805901.08460256,0,-5556.41713383997,4661.0048841829,0
913,4864726.045915,5810559.42994859,0,-5560.87530657128,4655.68509677932,0
914,4859162.94364407,5815212.45337473,0,-5565.32838606961,4650.36104521092,0
915,4853595.39084197,5819860.15061925,0,-5569.77636825636,4645.03273435401,0
916,4848023.39260802,5824502.5174253,0,-5574.2192490576,4639.70016908884,0
917,4842446.95404567,5829139.54954092,0,-5578.65702440409,4634.36335429951,0
918,4836866.08026239,5833771.24271902,0,-5583.08969023123,4629.02229487405,0
919,4831280.77636973,5838397.59271742,0,-5587.51724247914,4623.67699570435,0
920,4825691.04748331,5843018.59529881,0,-5591.93967709258,4618.32746168621,0
921,4820096.89872277,5847634.24623081,0,-5596.35699002104,4612.97369771929,0
922,4814498.33521184,5852244.5412859,0,-5600.76917721867,4607.61570870712,0
923,4808895.36207826,5856849.47624151,0,-5605.17623464433,4602.25349955712,0
924,4803287.98445382,5861449.04687994,0,-5609.57815826157,4596.88707518055,0
925,4797676.20747435,5866043.24898843,0,-5613.97494403866,4591.51644049256,0
926,4792060.0362797,5870632.07835913,0,-5618.36658794855,4586.14160041213,0
927,4786439.47601375,5875215.5307891,0,-5622.75308596891,4580.7625598621,0
928,4780814.5318244,5879793.60208034,0,-5627.13443408213,4575.37932376918,0
929,4775185.20886356,5884366.28803977,0,-5631.51062827532,4569.99189706387,0
930,4769551.51228716,5888933.58447924,0,-5635.88166454029,4564.60028468057,0
931,4763913.44725512,5893495.48721555,0,-5640.24753887358,4559.20449155747,0
932,4758271.01893139,5898051.99207042,0,-5644.60824727649,4553.8045226366,0
933,4752624.23248388,5902603.09487054,0,-5648.963785755,4548.40038286383,0
934,4746973.09308452,5907148.79144752,0,-5653.31415031986,4542.99207718884,0
935,4741317.60590921,5911689.07763793,0,-5657.65933698656,4537.5796105651,0
936,4735657.77613784,5916223.94928332,0,-5661.99934177531,4532.16298794994,0
937,4729993.60895427,5920753.40223016,0,-5666.33416071108,4526.74221430446,0
938,4724325.10954635,5925277.4323299,0,-5670.66378982359,4521.31729459357,0
939,4718652.28310589,5929796.03543898,0,-5674.98822514731,4515.88823378599,0
940,4712975.13482864,5934309.20741877,0,-5679.30746272147,4510.45503685422,0
941,4707293.66991435,5938816.94413564,0,-5683.62149859006,4505.01770877455,0
942,4701607.89356668,5943319.24146093,0,-5687.93032880183,4499.57625452705,0
943,4695917.81099328,5947816.09527096,0,-5692.2339494103,4494.13067909559,0
944,4690223.42740571,5952307.50144705,0,-5696.53235647377,4488.68098746778,0
945,4684524.74801949,5956793.4558755,0,-5700.8255460553,4483.22718463504,0
946,4678821.77805407,5961273.95444759,0,-5705.11351422275,4477.76927559252,0
947,4673114.52273283,5965748.99305961,0,-5709.39625704873,4472.30726533914,0
948,4667402.98728306,5970218.56761286,0,-5713.67377061067,4466.8411588776,0
949,4661687.176936,5974682.67401363,0,-5717.94605099076,4461.37096121433,0
950,4655967.09692678,5979141.30817323,0,-5722.21309427602,4455.8966773595,0
951,4650242.75249445,5983594.46600796,0,-5726.47489655822,4450.41831232704,0
952,4644514.14888196,5988042.14343916,0,-5730.73145393397,4444.93587113461,0
953,4638781.29133618,5992484.33639318,0,-5734.98276250466,4439.44935880361,0
954,4633044.18510785,5996921.0408014,0,-5739.22881837649,4433.95878035916,0
955,4627302.83545163,6001352.2526002,0,-5743.4696176605,4428.46414083011,0
956,4621557.24762602,6005777.96773104,0,-5747.7051564725,4422.96544524902,0
957,4615807.42689346,6010198.18214036,0,-5751.93543093314,4417.46269865217,0
958,4610053.37852023,6014612.89177968,0,-5756.1604371679,4411.95590607957,0
959,4604295.10777649,6019022.09260555,0,-5760.38017130707,4406.4450725749,0
960,4598532.61993627,6023425.78057954,0,-5764.59462948578,4400.93020318557,0
961,4592765.92027746,6027823.95166831,0,-5768.80380784399,4395.41130296268,0
962,4586995.01408181,6032216.60184354,0,-5773.00770252648,4389.888376961,0
963,4581219.90663492,6036603.72708199,0,-5777.20630968289,4384.36143023903,0
964,4575440.60322624,6040985.32336546,0,-5781.39962546769,4378.8304678589,0
965,4569657.10914905,6045361.38668084,0,-5785.58764604021,4373.29549488646,0
966,4563869.4297005,6049731.91302006,0,-5789.77036756462,4367.75651639123,0
967,4558077.57018155,6054096.89838014,0,-5793.94778620994,4362.21353744636,0
968,4552281.53589699,6058456.33876316,0,-5798.11989815005,4356.66656312872,0
969,4546481.33215543,6062810.2301763,0,-5802.2866995637,4351.11559851879,0
970,4540676.96426931,6067158.5686318,0,-5806.44818663449,4345.56064870074,0
971,4534868.43755488,6071501.35014699,0,-5810.6043555509,4340.00171876237,0
972,4529055.75733219,6075838.57074431,0,-5814.75520250627,4334.43881379512,0
973,4523238.92892512,6080170.22645127,0,-5818.90072369881,4328.8719388941,0
974,4517417.95766131,6084496.31330049,0,-5823.04091533164,4323.30109915803,0
975,4511592.84887224,6088816.82732968,0,-5827.17577361271,4317.72629968928,0
976,4505763.60789314,6093131.76458166,0,-5831.30529475491,4312.14754559382,0
977,4499930.24006304,6097441.12110436,0,-5835.42947497597,4306.56484198126,0
978,4494092.75072475,6101744.89295082,0,-5839.54831049854,4300.97819396483,0
979,4488251.14522486,6106043.07617919,0,-5843.66179755017,4295.38760666138,0
980,4482405.42891373,6110335.66685275,0,-5847.76993236328,4289.79308519133,0
981,4476555.60714547,6114622.6610399,0,-5851.87271117521,4284.19463467876,0
982,4470701.68527796,6118904.05481414,0,-5855.97013022822,4278.59226025129,0
983,4464843.66867285,6123179.84425414,0,-5860.06218576945,4272.98596704018,0
984,4458981.56269551,6127450.02544367,0,-5864.14887405098,4267.37576018026,0
985,4453115.37271508,6131714.59447166,0,-5868.23019132977,4261.76164480994,0
986,4447245.10410443,6135973.54743217,0,-5872.30613386774,4256.14362607122,0
987,4441370.76224017,6140226.8804244,0,-5876.37669793171,4250.52170910967,0
988,4435492.35250264,6144474.58955269,0,-5880.44187979343,4244.89589907443,0
989,4429609.88027589,6148716.67092657,0,-5884.50167572958,4239.26620111821,0
990,4423723.35094773,6152953.12066068,0,-5888.55608202177,4233.63262039727,0
991,4417832.76990964,6157183.93487483,0,-5892.60509495655,4227.99516207145,0
992,4411938.14255683,6161409.10969401,0,-5896.64871082541,4222.35383130411,0
993,4406039.47428824,6165628.64124835,0,-5900.68692592478,4216.70863326217,0
994,4400136.77050648,6169842.52567316,0,-5904.71973655605,4211.05957311611,0
995,4394230.03661785,6174050.75910894,0,-5908.74713902554,4205.40665603993,0
996,4388319.27803237,6178253.33770132,0,-5912.76912964453,4199.74988721115,0
997,4382404.50016374,6182450.25760117,0,-5916.78570472926,4194.08927181085,0
998,4376485.70842932,6186641.51496448,0,-5920.79686060093,4188.42481502361,0
999,4370562.90825017,6190827.10595248,0,-5924.80259358571,4182.75652203752,0
1000,4364636.105051,6195007.02673156,0,-5928.80290001473,4177.08439804421,0
1001,4358705.30426021,6199181.2734733,0,-5932.79777622407,4171.40844823881,0
1002,4352770.51130985,6203349.8423545,0,-5936.78721855482,4165.72867781994,0
1003,4346831.73163561,6207512.72955714,0,-5940.77122335303,4160.04509198974,0
1004,4340888.97067687,6211669.93126841,0,-5944.74978696973,4154.35769595382,0
1005,4334942.23387661,6215821.44368071,0,-5948.72290576093,4148.66649492131,0
1006,4328991.5266815,6219967.26299165,0,-5952.69057608763,4142.9714941048,0
1007,4323036.8545418,6224107.38540406,0,-5956.65279431582,4137.27269872037,0
1008,4317078.22291144,6228241.80712598,0,-5960.6095568165,4131.57011398757,0
1009,4311115.63724796,6232370.52437066,0,-5964.56085996563,4125.86374512943,0
1010,4305149.1030125,6236493.53335661,0,-5968.50670014421,4120.15359737245,0
1011,4299178.62566986,6240610.83030752,0,-5972.44707373821,4114.43967594657,0
1012,4293204.21068842,6244722.41145235,0,-5976.38197713864,4108.7219860852,0
1013,4287225.86354018,6248828.27302529,0,-5980.31140674148,4103.00053302521,0
1014,4281243.58970074,6252928.41126575,0,-5984.23535894777,4097.2753220069,0
1015,4275257.39464929,6257022.8224184,0,-5988.15383016353,4091.54635827401,0
1016,4269267.28386861,6261111.50273314,0,-5992.06681679981,4085.81364707374,0
1017,4263273.26284507,6265194.44846514,0,-5995.9743152727,4080.0771936567,0
1018,4257275.33706864,6269271.6558748,0,-5999.87632200329,4074.33700327694,0
1019,4251273.51203284,6273343.12122779,0,-6003.77283341772,4068.59308119193,0
1020,4245267.79323477,6277408.84079504,0,-6007.66384594715,4062.84543266255,0
1021,4239258.1861751,6281468.81085272,0,-6011.54935602779,4057.09406295311,0
1022,4233244.69635805,6285523.02768231,0,-6015.42936010087,4051.33897733131,0
1023,4227227.32929141,6289571.48757051,0,-6019.30385461269,4045.58018106825,0
1024,4221206.09048653,6293614.18680932,0,-6023.17283601458,4039.81767943846,0
1025,4215180.98545827,6297651.12169602,0,-6027.03630076291,4034.05147771984,0
1026,4209152.01972507,6301682.28853316,0,-6030.89424531912,4028.28158119368,0
1027,4203119.19880887,6305707.68362857,0,-6034.7466661497,4022.50799514464,0
1028,4197082.52823518,6309727.30329537,0,-6038.5935597262,4016.7307248608,0
1029,4191042.01353301,6313741.14385197,0,-6042.43492252522,4010.94977563358,0
1030,4184997.6602349,6317749.20162209,0,-6046.27075102846,4005.16515275778,0
1031,4178949.47387689,6321751.47293471,0,-6050.10104172264,3999.37686153157,0
1032,4172897.45999856,6325747.95412413,0,-6053.9257910996,3993.58490725646,0
1033,4166841.62414297,6329738.64152997,0,-6057.74499565622,3987.78929523734,0
1034,4160781.97185669,6333723.53149713,0,-6061.55865189447,3981.99003078244,0
1035,4154718.50868978,6337702.62037583,0,-6065.36675632142,3976.18711920333,0
1036,4148651.24019581,6341675.9045216,0,-6069.16930544919,3970.38056581493,0
1037,4142580.17193181,6345643.38029529,0,-6072.96629579501,3964.57037593549,0
1038,4136505.30945831,6349605.04406308,0,-6076.75772388121,3958.75655488659,0
1039,4130426.65833929,6353560.89219645,0,-6080.54358623519,3952.93910799314,0
1040,4124344.22414224,6357510.92107223,0,-6084.32387938947,3947.11804058336,0
1041,4118258.01243807,6361455.12707256,0,-6088.09859988165,3941.2933579888,0
1042,4112168.02880118,6365393.50658492,0,-6091.86774425445,3935.46506554432,0
1043,4106074.27880942,6369326.05600214,0,-6095.63130905569,3929.63316858807,0
1044,4099976.76804408,6373252.77172237,0,-6099.38929083831,3923.79767246152,0
1045,4093875.50208989,6377173.65014912,0,-6103.14168616035,3917.95858250943,0
1046,4087770.48653505,6381088.68769123,0,-6106.88849158497,3912.11590407985,0
1047,4081661.72697117,6384997.8807629,0,-6110.62970368046,3906.26964252412,0
1048,4075549.22899328,6388901.22578369,0,-6114.36531902022,3900.41980319686,0
1049,4069432.99819985,6392798.71917849,0,-6118.09533418279,3894.56639145596,0
1050,4063313.04019278,6396690.35737758,0,-6121.81974575182,3888.70941266259,0
1051,4057189.36057735,6400576.13681659,0,-6125.5385503161,3882.8488721812,0
1052,4051061.96496228,6404456.05393651,0,-6129.25174446958,3876.98477537947,0
1053,4044930.85895968,6408330.1051837,0,-6132.9593248113,3871.11712762836,0
1054,4038796.04818506,6412198.28700991,0,-6136.66128794549,3865.24593430207,0
1055,4032657.53825733,6416060.59587224,0,-6140.35763048149,3859.37120077808,0
1056,4026515.33479876,6419917.02823319,0,-6144.04834903381,3853.49293243706,0
1057,4020369.44343505,6423767.58056063,0,-6147.73344022211,3847.61113466296,0
1058,4014219.86979523,6427612.24932783,0,-6151.41290067118,3841.72581284294,0
1059,4008066.61951174,6431451.03101343,0,-6155.08672701099,3835.8369723674,0
1060,4001909.69822037,6435283.92210148,0,-6158.75491587666,3829.94461862996,0
1061,3995749.11156026,6439110.91908141,0,-6162.41746390849,3824.04875702744,0
1062,3989584.86517395,6442932.01844805,0,-6166.07436775193,3818.14939295991,0
1063,3983416.96470727,6446747.21670164,0,-6169.7256240576,3812.24653183061,0
1064,3977245.41580946,6450556.51034782,0,-6173.3712294813,3806.34017904601,0
1065,3971070.22413305,6454359.89589765,0,-6177.011180684,3800.43034001577,0
1066,3964891.39533394,6458157.36986758,0,-6180.64547433185,3794.51702015273,0
1067,3958708.93507135,6461948.92877948,0,-6184.27410709619,3788.60022487293,0
1068,3952522.84900782,6465734.56916066,0,-6187.89707565352,3782.67995959559,0
1069,3946333.14280922,6469514.28754381,0,-6191.51437668557,3776.75622974312,0
1070,3940139.82214473,6473288.08046709,0,-6195.12600687921,3770.82904074109,0
1071,3933942.89268684,6477055.94447405,0,-6198.73196292655,3764.89839801824,0
1072,3927742.36011136,6480817.8761137,0,-6202.33224152487,3758.96430700647,0
1073,3921538.23009737,6484573.87194045,0,-6205.92683937665,3753.02677314085,0
1074,3915330.50832728,6488323.92851417,0,-6209.5157531896,3747.0858018596,0
1075,3909119.20048677,6492068.04240018,0,-6213.0989796766,3741.14139860407,0
1076,3902904.3122648,6495806.21016921,0,-6216.67651555575,3735.19356881878,0
1077,3896685.84935362,6499538.42839745,0,-6220.24835755038,3729.24231795137,0
1078,3890463.81744875,6503264.69366656,0,-6223.81450238903,3723.28765145262,0
1079,3884238.22224898,6506985.00256363,0,-6227.37494680543,3717.32957477645,0
1080,3878009.06945637,6510699.35168121,0,-6230.92968753856,3711.36809337988,0
1081,3871776.36477622,6514407.73761731,0,-6234.47872133262,3705.40321272306,0
1082,3865540.1139171,6518110.15697539,0,-6238.02204493702,3699.43493826926,0
1083,3859300.32259082,6521806.6063644,0,-6241.55965510643,3693.46327548484,0
1084,3853056.99651245,6525497.08239874,0,-6245.09154860073,3687.48822983929,0
1085,3846810.14140026,6529181.58169828,0,-6248.61772218503,3681.50980680518,0
1086,3840559.76297579,6532860.10088838,0,-6252.1381726297,3675.52801185817,0
1087,3834305.86696379,6536532.63659985,0,-6255.65289671035,3669.54285047702,0
1088,3828048.45909223,6540199.18546902,0,-6259.16189120781,3663.55432814357,0
1089,3821787.5450923,6543859.74413765,0,-6262.66515290818,3657.56245034274,0
1090,3815523.13069842,6547514.30925304,0,-6266.16267860281,3651.56722256251,0
1091,3809255.22164817,6551162.87746795,0,-6269.6544650883,3645.56865029394,0
1092,3802983.82368237,6554805.44544063,0,-6273.1405091665,3639.56673903116,0
1093,3796708.94254504,6558442.00983484,0,-6276.62080764452,3633.56149427134,0
1094,3790430.58398335,6562072.56731984,0,-6280.09535733476,3627.55292151473,0
1095,3784148.75374769,6565697.11457037,0,-6283.56415505484,3621.54102626459,0
1096,3777863.45759162,6569315.64826671,0,-6287.02719762768,3615.52581402726,0
1097,3771574.70127187,6572928.1650946,0,-6290.48448188146,3609.50729031209,0
1098,3765282.49054835,6576534.66174534,0,-6293.93600464964,3603.48546063149,0
1099,3758986.83118412,6580135.13491572,0,-6297.38176277095,3597.46033050087,0
1100,3752687.72894541,6583729.58130803,0,-6300.82175308941,3591.43190543869,0
1101,3746385.1896016,6587317.99763012,0,-6304.2559724543,3585.4001909664,0
1102,3740079.2189252,6590900.38059534,0,-6307.68441772022,3579.36519260848,0
1103,3733769.8226919,6594476.72692255,0,-6311.10708574703,3573.32691589242,0
1104,3727457.0066805,6598047.03333618,0,-6314.52397339989,3567.28536634871,0
1105,3721140.77667294,6601611.29656615,0,-6317.93507754927,3561.24054951082,0
1106,3714821.13845428,6605169.51334795,0,-6321.3403950709,3555.19247091524,0
1107,3708498.09781271,6608721.68042258,0,-6324.73992284585,3549.14113610144,0
1108,3702171.66053954,6612267.79453659,0,-6328.13365776048,3543.08655061185,0
1109,3695841.83242918,6615807.85244209,0,-6331.52159670643,3537.02871999191,0
1110,3689508.61927915,6619341.85089672,0,-6334.90373658069,3530.96764979001,0
1111,3683172.02689008,6622869.78666366,0,-6338.28007428554,3524.90334555751,0
1112,3676832.06106567,6626391.65651167,0,-6341.65060672856,3518.83581284874,0
1113,3670488.72761273,6629907.45721505,0,-6345.01533082268,3512.76505722098,0
1114,3664142.03234117,6633417.18555366,0,-6348.37424348612,3506.69108423448,0
1115,3657791.98106393,6636920.83831292,0,-6351.72734164245,3500.6138994524,0
1116,3651438.57959707,6640418.41228382,0,-6355.07462222054,3494.53350844088,0
1117,3645081.83375971,6643909.90426292,0,-6358.41608215459,3488.44991676897,0
1118,3638721.749374,6647395.31105233,0,-6361.75171838416,3482.36313000866,0
1119,3632358.33226519,6650874.62945976,0,-6365.08152785412,3476.27315373488,0
1120,3625991.58826156,6654347.85629849,0,-6368.40550751468,3470.17999352546,0
1121,3619621.52319445,6657814.98838736,0,-6371.72365432138,3464.08365496116,0
1122,3613248.14289822,6661276.02255082,0,-6375.03596523512,3457.98414362563,0
1123,3606871.45321028,6664730.95561888,0,-6378.34243722215,3451.88146510547,0
1124,3600491.45997109,6668179.78442717,0,-6381.64306725403,3445.77562499013,0
1125,3594108.1690241,6671622.50581686,0,-6384.93785230772,3439.666628872,0
1126,3587721.58621581,6675059.11663477,0,-6388.22678936551,3433.55448234632,0
1127,3581331.71739571,6678489.61373329,0,-6391.50987541503,3427.43919101124,0
1128,3574938.56841632,6681913.99397039,0,-6394.7871074493,3421.32076046779,0
1129,3568542.14513315,6685332.25420969,0,-6398.05848246667,3415.19919631986,0
1130,3562142.45340472,6688744.39132037,0,-6401.3239974709,3409.07450417424,0
1131,3555739.49909254,6692150.40217724,0,-6404.58364947106,3402.94668964055,0
1132,3549333.28806111,6695550.28366072,0,-6407.83743548163,3396.81575833129,0
1133,3542923.8261779,6698944.03265685,0,-6411.08535252246,3390.68171586182,0
1134,3536511.11931338,6702331.64605726,0,-6414.32739761875,3384.54456785032,0
1135,3530095.17334097,6705713.12075924,0,-6417.56356780111,3378.40431991784,0
1136,3523675.99413707,6709088.45366567,0,-6420.7938601055,3372.26097768827,0
1137,3517253.58758104,6712457.64168506,0,-6424.0182715733,3366.11454678833,0
1138,3510827.95955519,6715820.68173156,0,-6427.23679925124,3359.96503284755,0
1139,3504399.11594478,6719177.57072495,0,-6430.44944019146,3353.81244149832,0
1140,3497967.06263803,6722528.30559064,0,-6433.65619145149,3347.65677837581,0
1141,3491531.80552608,6725872.88325966,0,-6436.85705009424,3341.49804911804,0
1142,3485093.35050302,6729211.30066871,0,-6440.05201318804,3335.33625936581,0
1143,3478651.70346587,6732543.55476011,0,-6443.2410778066,3329.17141476273,0
1144,3472206.87031454,6735869.64248183,0,-6446.42424102904,3323.00352095522,0
1145,3465758.85695191,6739189.5607875,0,-6449.60149993989,3316.83258359247,0
1146,3459307.66928374,6742503.30663638,0,-6452.77285162908,3310.6586083265,0
1147,3452853.3132187,6745810.8769934,0,-6455.93829319195,3304.48160081205,0
1148,3446395.79466836,6749112.26882914,0,-6459.09782172927,3298.3015667067,0
1149,3439935.11954721,6752407.47911984,0,-6462.25143434719,3292.11851167075,0
1150,3433471.2937726,6755696.5048474,0,-6465.39912815732,3285.93244136731,0
1151,3427004.32326479,6758979.34299938,0,-6468.54090027667,3279.74336146222,0
1152,3420534.21394691,6762255.99056901,0,-6471.67674782766,3273.5512776241,0
1153,3414060.97174495,6765526.4445552,0,-6474.80666793817,3267.3561955243,0
1154,3407584.6025878,6768790.70196253,0,-6477.93065774148,3261.15812083692,0
1155,3401105.11240719,6772048.75980124,0,-6481.04871437632,3254.95705923883,0
1156,3394622.50713772,6775300.61508726,0,-6484.16083498684,3248.75301640959,0
1157,3388136.79271684,6778546.26484221,0,-6487.26701672264,3242.54599803152,0
1158,3381647.97508485,6781785.70609337,0,-6490.36725673874,3236.33600978966,0
1159,3375156.06018488,6785018.93587373,0,-6493.46155219563,3230.12305737178,0
1160,3368661.05396292,6788245.95122195,0,-6496.54990025922,3223.90714646833,0
1161,3362162.96236777,6791466.7491824,0,-6499.63229810088,3217.68828277251,0
1162,3355661.79135107,6794681.32680513,0,-6502.70874289743,3211.46647198021,0
1163,3349157.54686727,6797889.6811459,0,-6505.77923183113,3205.24171979,0
1164,3342650.23487363,6801091.80926615,0,-6508.84376208972,3199.01403190318,0
1165,3336139.86133025,6804287.70823304,0,-6511.90233086636,3192.78341402371,0
1166,3329626.43219999,6807477.37511943,0,-6514.95493535971,3186.54987185824,0
1167,3323109.95344855,6810660.8070039,0,-6518.00157277387,3180.31341111612,0
1168,3316590.4310444,6813838.00097071,0,-6521.04224031841,3174.07403750933,0
1169,3310067.8709588,6817008.95410986,0,-6524.07693520836,3167.83175675256,0
1170,3303542.2791658,6820173.66351707,0,-6527.10565466423,3161.58657456314,0
1171,3297013.66164221,6823332.12629375,0,-6530.12839591201,3155.33849666106,0
1172,3290482.02436763,6826484.33954706,0,-6533.14515618315,3149.08752876897,0
1173,3283947.37332442,6829630.30038987,0,-6536.15593271459,3142.83367661217,0
1174,3277409.7144977,6832770.00594077,0,-6539.16072274874,3136.57694591857,0
1175,3270869.05387534,6835903.4533241,0,-6542.15952353349,3130.31734241877,0
1176,3264325.39744797,6839030.63966992,0,-6545.15233232224,3124.05487184595,0
1177,3257778.75120894,6842151.56211402,0,-6548.13914637385,3117.78953993594,0
1178,3251229.12115438,6845266.21779793,0,-6551.11996295269,3111.5213524272,0
1179,3244676.51328311,6848374.60386892,0,-6554.09477932862,3105.25031506078,0
1180,3238120.9335967,6851476.71748001,0,-6557.06359277697,3098.97643358036,0
1181,3231562.38809944,6854572.55578996,0,-6560.02640057861,3092.69971373223,0
1182,3225000.88279833,6857662.11596327,0,-6562.98320001987,3086.42016126524,0
1183,3218436.42370309,6860745.3951702,0,-6565.93398839263,3080.13778193089,0
1184,3211869.01682613,6863822.39058676,0,-6568.87876299422,3073.85258148324,0
1185,3205298.66818259,6866893.09939471,0,-6571.81752112753,3067.56456567892,0
1186,3198725.38379026,6869957.51878158,0,-6574.75026010092,3061.27374027716,0
1187,3192149.16966967,6873015.64594066,0,-6577.6769772283,3054.98011103976,0
1188,3185570.03184398,6876067.47807097,0,-6580.59766982905,3048.68368373109,0
1189,3178987.97633908,6879113.01237735,0,-6583.51233522811,3042.38446411808,0
1190,3172403.00918348,6882152.24607036,0,-6586.42097075591,3036.08245797021,0
1191,3165815.13640841,6885185.17636637,0,-6589.32357374844,3029.77767105951,0
1192,3159224.36404772,6888211.80048749,0,-6592.22014154717,3023.47010916058,0
1193,3152630.69813793,6891232.11566162,0,-6595.11067149913,3017.15977805055,0
1194,3146034.14471822,6894246.11912244,0,-6597.99516095686,3010.84668350907,0
1195,3139434.7098304,6897253.80810942,0,-6600.87360727845,3004.53083131834,0
1196,3132832.39951892,6900255.17986779,0,-6603.74600782752,2998.21222726307,0
1197,3126227.21983088,6903250.23164859,0,-6606.61235997321,2991.89087713052,0
1198,3119619.17681598,6906238.96070862,0,-6609.47266109023,2985.56678671044,0
1199,3113008.27652658,6909221.36431051,0,-6612.32690855881,2979.23996179508,0
1200,3106394.52501762,6912197.43972265,0,-6615.17509976473,2972.91040817923,0
1201,3099777.92834667,6915167.18421923,0,-6618.01723209932,2966.57813166014,0
1202,3093158.49257391,6918130.59508027,0,-6620.85330295945,2960.24313803759,0
1203,3086536.22376211,6921087.66959154,0,-6623.68330974756,2953.90543311382,0
1204,3079911.12797664,6924038.40504466,0,-6626.50724987162,2947.56502269358,0
1205,3073283.21128545,6926982.79873703,0,-6629.32512074517,2941.22191258407,0
1206,3066652.47975909,6929920.84797187,0,-6632.13691978733,2934.87610859497,0
1207,3060018.93947068,6932852.5500582,0,-6634.94264442273,2928.52761653845,0
1208,3053382.59649591,6935777.90231086,0,-6637.74229208162,2922.17644222911,0
1209,3046743.45691303,6938696.90205051,0,-6640.53586019976,2915.82259148404,0
1210,3040101.52680287,6941609.54660362,0,-6643.32334621853,2909.46607012274,0
1211,3033456.81224881,6944515.83330249,0,-6646.10474758486,2903.1068839672,0
1212,3026809.31933677,6947415.75948524,0,-6648.88006175123,2896.74503884181,0
1213,3020159.05415522,6950309.3224958,0,-6651.64928617573,2890.38054057343,0
1214,3013506.02279518,6953196.51968394,0,-6654.41241832201,2884.01339499134,0
1215,3006850.23135018,6956077.34840528,0,-6657.16945565931,2877.64360792722,0
1216,3000191.68591631,6958951.80602125,0,-6659.92039566244,2871.2711852152,0
1217,2993530.39259214,6961819.88989911,0,-6662.6652358118,2864.89613269182,0
1218,2986866.3574788,6964681.59741198,0,-6665.40397359338,2858.51845619601,0
1219,2980199.58667991,6967536.92593879,0,-6668.13660649876,2852.13816156912,0
1220,2973530.0863016,6970385.87286435,0,-6670.8631320251,2845.75525465489,0
1221,2966857.86245249,6973228.43557929,0,-6673.58354767517,2839.36974129947,0
1222,2960182.92124371,6976064.61148009,0,-6676.29785095732,2832.98162735136,0
1223,2953505.26878886,6978894.39796908,0,-6679.00603938551,2826.59091866149,0
1224,2946824.91120405,6981717.79245445,0,-6681.7081104793,2820.19762108312,0
1225,2940141.85460784,6984534.79235023,0,-6684.40406176384,2813.80174047191,0
1226,2933456.10512128,6987345.39507633,0,-6687.09389076991,2807.40328268588,0
1227,2926767.66886788,6990149.5980585,0,-6689.77759503387,2801.00225358542,0
1228,2920076.55197361,6992947.39872835,0,-6692.45517209771,2794.59865903324,0
1229,2913382.7605669,6995738.79452337,0,-6695.12661950901,2788.19250489444,0
1230,2906686.30077863,6998523.7828869,0,-6697.791934821,2781.78379703644,0
1231,2899987.17874211,7001302.36126816,0,-6700.45111559249,2775.37254132902,0
1232,2893285.4005931,7004074.52712223,0,-6703.10415938792,2768.95874364426,0
1233,2886580.9724698,7006840.27791008,0,-6705.75106377737,2762.54240985661,0
1234,2879873.90051282,7009599.61109854,0,-6708.39182633652,2756.12354584281,0
1235,2873164.19086521,7012352.52416032,0,-6711.02644464667,2749.70215748193,0
1236,2866451.84967242,7015099.01457401,0,-6713.65491629478,2743.27825065535,0
1237,2859736.88308231,7017839.0798241,0,-6716.2772388734,2736.85183124676,0
1238,2853019.29724516,7020572.71740094,0,-6718.89340998075,2730.42290514215,0
1239,2846299.09831364,7023299.92480078,0,-6721.50342722066,2723.99147822981,0
1240,2839576.2924428,7026020.69952576,0,-6724.1072882026,2717.5575564003,0
1241,2832850.88579011,7028735.03908391,0,-6726.70499054168,2711.1211455465,0
1242,2826122.8845154,7031442.94098915,0,-6729.29653185866,2704.68225156353,0
1243,2819392.29478086,7034144.40276129,0,-6731.88190977992,2698.24088034882,0
1244,2812659.12275109,7036839.42192607,0,-6734.46112193751,2691.79703780205,0
1245,2805923.37459303,7039527.99601509,0,-6737.03416596912,2685.35072982517,0
1246,2799185.05647598,7042210.12256587,0,-6739.60103951807,2678.90196232237,0
1247,2792444.1745716,7044885.79912186,0,-6742.16174023337,2672.45074120012,0
1248,2785700.73505391,7047555.02323237,0,-6744.71626576965,2665.99707236713,0
1249,2778954.74409924,7050217.79245266,0,-6747.2646137872,2659.54096173433,0
1250,2772206.20788628,7052874.10434388,0,-6749.80678195199,2653.08241521492,0
1251,2765455.13259606,7055523.9564731,0,-6752.34276793563,2646.62143872431,0
1252,2758701.52441191,7058167.34641331,0,-6754.8725694154,2640.15803818014,0
1253,2751945.3895195,7060804.27174341,0,-6757.39618407423,2633.69221950226,0
1254,2745186.73410681,7063434.73004824,0,-6759.91360960075,2627.22398861276,0
1255,2738425.56436412,7066058.71891854,0,-6762.42484368922,2620.75335143592,0
1256,2731661.88648401,7068676.23595099,0,-6764.92988403959,2614.28031389822,0
1257,2724895.70666138,7071287.27874819,0,-6767.4287283575,2607.80488192836,0
1258,2718127.0310934,7073891.84491868,0,-6769.92137435422,2601.32706145721,0
1259,2711355.86597954,7076489.93207692,0,-6772.40781974674,2594.84685841784,0
1260,2704582.21752154,7079081.53784331,0,-6774.88806225771,2588.3642787455,0
1261,2697806.09192341,7081666.65984418,0,-6777.36209961546,2581.87932837761,0
1262,2691027.49539145,7084245.29571181,0,-6779.82992955401,2575.39201325379,0
1263,2684246.4341342,7086817.44308442,0,-6782.29154981307,2568.90233931578,0
1264,2677462.91436246,7089383.09960615,0,-6784.74695813801,2562.41031250751,0
1265,2670676.94228931,7091942.26292712,0,-6787.19615227992,2555.91593877506,0
1266,2663888.52413005,7094494.93070338,0,-6789.63912999557,2549.41922406667,0
1267,2657097.66610221,7097041.10059691,0,-6792.07588904744,2542.9201743327,0
1268,2650304.37442558,7099580.77027568,0,-6794.50642720366,2536.41879552566,0
1269,2643508.65532218,7102113.93741359,0,-6796.93074223812,2529.91509360021,0
1270,2636710.51501622,7104640.5996905,0,-6799.34883193036,2523.40907451311,0
1271,2629909.95973417,7107160.75479222,0,-6801.76069406564,2516.90074422325,0
1272,2623106.99570468,7109674.40041053,0,-6804.16632643492,2510.39010869165,0
1273,2616301.62915862,7112181.53424317,0,-6806.56572683488,2503.87717388144,0
1274,2609493.86632907,7114682.15399385,0,-6808.9588930679,2497.36194575783,0
1275,2602683.71345127,7117176.25737224,0,-6811.34582294206,2490.84443028817,0
1276,2595871.1767627,7119663.84209397,0,-6813.72651427115,2484.32463344187,0
1277,2589056.26250297,7122144.90588066,0,-6816.1009648747,2477.80256119045,0
1278,2582238.97691391,7124619.44645988,0,-6818.46917257793,2471.2782195075,0
1279,2575419.32623951,7127087.46156519,0,-6820.83113521179,2464.75161436871,0
1280,2568597.3167259,7129548.94893612,0,-6823.18685061295,2458.22275175182,0
1281,2561772.95462141,7132003.90631819,0,-6825.53631662379,2451.69163763666,0
1282,2554946.2461765,7134452.33146289,0,-6827.87953109243,2445.15827800509,0
1283,2548117.19764379,7136894.22212769,0,-6830.21649187271,2438.62267884105,0
1284,2541285.81527803,7139329.57607605,0,-6832.54719682418,2432.08484613054,0
1285,2534452.10533613,7141758.39107743,0,-6834.87164381216,2425.54478586159,0
1286,2527616.07407711,7144180.66490725,0,-6837.18983070765,2419.00250402426,0
1287,2520777.72776212,7146596.39534695,0,-6839.50175538744,2412.45800661068,0
1288,2513937.07265444,7149005.58018395,0,-6841.80741573401,2405.91129961496,0
1289,2507094.11501947,7151408.21721165,0,-6844.10680963559,2399.36238903329,0
1290,2500248.86112469,7153804.30422948,0,-6846.39993498617,2392.81128086383,0
1291,2493401.31723971,7156193.83904285,0,-6848.68678968546,2386.25798110677,0
1292,2486551.48963623,7158576.81946317,0,-6850.96737163891,2379.70249576432,0
1293,2479699.38458805,7160953.24330785,0,-6853.24167875772,2373.14483084068,0
1294,2472845.00837103,7163323.10840033,0,-6855.50970895886,2366.58499234205,0
1295,2465988.36726313,7165686.41257002,0,-6857.77146016502,2360.02298627661,0
1296,2459129.46754438,7168043.15365236,0,-6860.02693030465,2353.45881865453,0
1297,2452268.3154969,7170393.32948881,0,-6862.27611731196,2346.89249548798,0
1298,2445404.91740482,7172736.93792683,0,-6864.51901912689,2340.32402279107,0
1299,2438539.27955439,7175073.97681989,0,-6866.75563369518,2333.75340657991,0
1300,2431671.40823387,7177404.44402749,0,-6868.98595896829,2327.18065287255,0
1301,2424801.30973357,7179728.33741514,0,-6871.20999290346,2320.60576768902,0
1302,2417928.99034585,7182045.65485438,0,-6873.42773346367,2314.02875705127,0
1303,2411054.45636511,7184356.39422277,0,-6875.63917861771,2307.44962698323,0
1304,2404177.71408776,7186660.55340388,0,-6877.84432634008,2300.86838351076,0
1305,2397298.76981225,7188958.13028733,0,-6880.04317461109,2294.28503266165,0
1306,2390417.62983903,7191249.12276875,0,-6882.23572141679,2287.69958046561,0
1307,2383534.30047057,7193533.52874982,0,-6884.42196474903,2281.11203295431,0
1308,2376648.78801135,7195811.34613824,0,-6886.60190260541,2274.5223961613,0
1309,2369761.09876785,7198082.57284773,0,-6888.77553298932,2267.93067612207,0
1310,2362871.23904853,7200347.20679808,0,-6890.94285390992,2261.336878874,0
1311,2355979.21516385,7202605.24591509,0,-6893.10386338215,2254.7410104564,0
1312,2349085.03342624,7204856.68813061,0,-6895.25855942673,2248.14307691043,0
1313,2342188.70015013,7207101.53138255,0,-6897.40694007016,2241.5430842792,0
1314,2335290.22165189,7209339.77361483,0,-6899.54900334473,2234.94103860765,0
1315,2328389.60424988,7211571.41277743,0,-6901.68474728851,2228.33694594264,0
1316,2321486.85426441,7213796.4468264,0,-6903.81416994537,2221.73081233289,0
1317,2314581.97801774,7216014.8737238,0,-6905.93726936496,2215.12264382898,0
1318,2307674.98183407,7218226.69143777,0,-6908.05404360272,2208.51244648338,0
1319,2300765.87203957,7220431.8979425,0,-6910.16449071988,2201.90022635039,0
1320,2293854.65496232,7222630.49121823,0,-6912.26860878348,2195.28598948618,0
1321,2286941.33693233,7224822.46925125,0,-6914.36639586635,2188.66974194876,0
1322,2280025.92428155,7227007.83003392,0,-6916.45785004711,2182.05148979799,0
1323,2273108.42334384,7229186.57156466,0,-6918.54296941018,2175.43123909554,0
1324,2266188.84045498,7231358.69184795,0,-6920.62175204581,2168.80899590496,0
1325,2259267.18195263,7233524.18889433,0,-6922.69419605001,2162.18476629157,0
1326,2252343.45417639,7235683.06072041,0,-6924.76029952464,2155.55855632254,0
1327,2245417.66346772,7237835.30534888,0,-6926.82006057732,2148.93037206686,0
1328,2238489.81617,7239980.92080848,0,-6928.87347732153,2142.30021959531,0
1329,2231559.91862848,7242119.90513402,0,-6930.92054787652,2135.66810498047,0
1330,2224627.97719027,7244252.25636641,0,-6932.96127036737,2129.03403429674,0
1331,2217693.99820438,7246377.97255262,0,-6934.99564292498,2122.39801362028,0
1332,2210757.98802169,7248497.05174568,0,-6937.02366368606,2115.76004902908,0
1333,2203819.9529949,7250609.49200473,0,-6939.04533079312,2109.12014660286,0
1334,2196879.8994786,7252715.29139497,0,-6941.06064239451,2102.47831242315,0
1335,2189937.83382923,7254814.44798769,0,-6943.06959664441,2095.83455257324,0
1336,2182993.76240504,7256906.95986025,0,-6945.07219170279,2089.18887313818,0
1337,2176047.69156616,7258992.82509613,0,-6947.06842573548,2082.54128020478,0
1338,2169099.62767452,7261072.04178486,0,-6949.05829691411,2075.89177986161,0
1339,2162149.57709389,7263144.60802208,0,-6951.04180341615,2069.24037819896,0
1340,2155197.54618986,7265210.52190952,0,-6953.0189434249,2062.5870813089,0
1341,2148243.54132981,7267269.78155499,0,-6954.98971512948,2055.93189528522,0
1342,2141287.56888297,7269322.38507241,0,-6956.95411672485,2049.27482622342,0
1343,2134329.63522033,7271368.33058179,0,-6958.91214641181,2042.61588022075,0
1344,2127369.74671471,7273407.61620923,0,-6960.863802397,2035.95506337618,0
1345,2120407.9097407,7275440.24008696,0,-6962.80908289287,2029.29238179037,0
1346,2113444.13067468,7277466.20035327,0,-6964.74798611774,2022.62784156572,0
1347,2106478.41589482,7279485.49515258,0,-6966.68051029575,2015.9614488063,0
1348,2099510.77178103,7281498.1226354,0,-6968.60665365691,2009.2932096179,0
1349,2092541.20471503,7283504.08095837,0,-6970.52641443703,2002.62313010799,0
1350,2085569.72108027,7285503.36828422,0,-6972.43979087781,1995.95121638572,0
1351,2078596.32726197,7287495.98278178,0,-6974.34678122678,1989.27747456195,0
1352,2071621.0296471,7289481.92262601,0,-6976.24738373731,1982.60191074917,0
1353,2064643.83462436,7291461.18599798,0,-6978.14159666863,1975.92453106158,0
1354,2057664.7485842,7293433.77108488,0,-6980.02941828582,1969.24534161501,0
1355,2050683.7779188,7295399.67608,0,-6981.91084685982,1962.56434852698,0
1356,2043700.92902207,7297358.89918276,0,-6983.78588066741,1955.88155791663,0
1357,2036716.20828963,7299311.4385987,0,-6985.65451799125,1949.19697590476,0
1358,2029729.62211882,7301257.29253948,0,-6987.51675711985,1942.51060861381,0
1359,2022741.17690869,7303196.45922287,0,-6989.37259634756,1935.82246216787,0
1360,2015750.87905999,7305128.9368728,0,-6991.22203397461,1929.13254269264,0
1361,2008758.73497517,7307054.72371929,0,-6993.0650683071,1922.44085631545,0
1362,2001764.75105837,7308973.81799851,0,-6994.90169765698,1915.74740916524,0
1363,1994768.93371541,7310886.21795274,0,-6996.73192034208,1909.05220737258,0
1364,1987771.2893538,7312791.92183042,0,-6998.55573468608,1902.35525706964,0
1365,1980771.82438271,7314690.92788609,0,-7000.37313901854,1895.65656439019,0
1366,1973770.54521299,7316583.23438045,0,-7002.1841316749,1888.95613546958,0
1367,1966767.45825714,7318468.83958033,0,-7003.98871099645,1882.25397644478,0
1368,1959762.56992932,7320347.74175868,0,-7005.78687533038,1875.55009345433,0
1369,1952755.88664535,7322219.93919463,0,-7007.57862302973,1868.84449263835,0
1370,1945747.41482269,7324085.4301734,0,-7009.36395245344,1862.13718013853,0
1371,1938737.16088042,7325944.21298639,0,-7011.14286196631,1855.42816209812,0
1372,1931725.13123927,7327796.28593113,0,-7012.91534993903,1848.71744466196,0
1373,1924711.3323216,7329641.6473113,0,-7014.68141474817,1842.00503397642,0
1374,1917695.77055137,7331480.29543671,0,-7016.44105477619,1835.29093618943,0
1375,1910678.45235417,7333312.22862336,0,-7018.19426841142,1828.57515745047,0
1376,1903659.38415721,7335137.44519335,0,-7019.94105404808,1821.85770391055,0
1377,1896638.57238928,7336955.94347496,0,-7021.68141008629,1815.13858172222,0
1378,1889616.02348077,7338767.72180263,0,-7023.41533493204,1808.41779703955,0
1379,1882591.74386367,7340572.77851693,0,-7025.14282699722,1801.69535601815,0
1380,1875565.73997156,7342371.1119646,0,-7026.86388469962,1794.97126481514,0
1381,1868538.01823959,7344162.72049855,0,-7028.57850646291,1788.24552958913,0
1382,1861508.58510447,7345947.60247783,0,-7030.28669071666,1781.51815650027,0
1383,1854477.44700451,7347725.75626765,0,-7031.98843589633,1774.78915171019,0
1384,1847444.61037956,7349497.1802394,0,-7033.68374044329,1768.05852138202,0
1385,1840410.08167102,7351261.87277063,0,-7035.3726028048,1761.32627168038,0
1386,1833373.86732186,7353019.83224503,0,-7037.05502143403,1754.59240877136,0
1387,1826335.97377658,7354771.05705249,0,-7038.73099479003,1747.85693882254,0
1388,1819296.40748122,7356515.54558905,0,-7040.40052133778,1741.11986800297,0
1389,1812255.17488335,7358253.29625693,0,-7042.06359954814,1734.38120248318,0
1390,1805212.28243207,7359984.30746451,0,-7043.7202278979,1727.64094843513,0
1391,1798167.73657801,7361708.57762635,0,-7045.37040486975,1720.89911203226,0
1392,1791121.5437733,7363426.10516318,0,-7047.01412895227,1714.15569944945,0
1393,1784073.71047157,7365136.88850191,0,-7048.65139863997,1707.41071686303,0
1394,1777024.24312798,7366840.92607563,0,-7050.28221243327,1700.66417045075,0
1395,1769973.14819917,7368538.2163236,0,-7051.9065688385,1693.91606639181,0
1396,1762920.43214326,7370228.75769126,0,-7053.52446636791,1687.16641086684,0
1397,1755866.10141989,7371912.54863023,0,-7055.13590353964,1680.41521005787,0
1398,1748810.16249013,7373589.58759834,0,-7056.74087887778,1673.66247014837,0
1399,1741752.62181656,7375259.87305956,0,-7058.33939091233,1666.9081973232,0
1400,1734693.48586323,7376923.40348407,0,-7059.9314381792,1660.15239776863,0
1401,1727632.76109562,7378580.17734825,0,-7061.51701922022,1653.39507767233,0
1402,1720570.45398068,7380230.19313463,0,-7063.09613258316,1646.63624322337,0
1403,1713506.57098682,7381873.44933197,0,-7064.66877682169,1639.8759006122,0
1404,1706441.11858389,7383509.9444352,0,-7066.23495049543,1633.11405603064,0
1405,1699374.10324317,7385139.67694544,0,-7067.7946521699,1626.3507156719,0
1406,1692305.53143736,7386762.64537002,0,-7069.34788041657,1619.58588573057,0
1407,1685235.40964062,7388378.84822244,0,-7070.89463381283,1612.81957240257,0
1408,1678163.74432849,7389988.28402243,0,-7072.43491094201,1606.05178188522,0
1409,1671090.54197796,7391590.95129588,0,-7073.96871039334,1599.28252037716,0
1410,1664015.8090674,7393186.84857492,0,-7075.49603076203,1592.51179407839,0
1411,1656939.5520766,7394775.97439784,0,-7077.01687064918,1585.73960919025,0
1412,1649861.77748673,7396358.32730917,0,-7078.53122866186,1578.96597191543,0
1413,1642782.49178036,7397933.90585961,0,-7080.03910341305,1572.19088845792,0
1414,1635701.70144145,7399502.7086061,0,-7081.54049352169,1565.41436502307,0
1415,1628619.41295532,7401064.73411174,0,-7083.03539761264,1558.63640781751,0
1416,1621535.63280868,7402619.98094588,0,-7084.52381431672,1551.85702304923,0
1417,1614450.36748961,7404168.44768405,0,-7086.00574227068,1545.07621692748,0
1418,1607363.62348751,7405710.13290802,0,-7087.48118011721,1538.29399566284,0
1419,1600275.40729319,7407245.03520573,0,-7088.95012650495,1531.51036546719,0
1420,1593185.72539877,7408773.15317138,0,-7090.41258008848,1524.72533255368,0
1421,1586094.58429773,7410294.48540534,0,-7091.86853952835,1517.93890313675,0
1422,1579001.99048487,7411809.03051422,0,-7093.31800349102,1511.15108343213,0
1423,1571907.95045635,7413316.78711085,0,-7094.76097064893,1504.36187965683,0
1424,1564812.47070962,7414817.75381425,0,-7096.19743968045,1497.57129802909,0
1425,1557715.55774347,7416311.92924969,0,-7097.62740926992,1490.77934476846,0
1426,1550617.218058,7417799.31204865,0,-7099.05087810763,1483.98602609571,0
1427,1543517.4581546,7419279.90084882,0,-7100.46784488979,1477.19134823287,0
1428,1536416.284536,7420753.69429413,0,-7101.87830831862,1470.39531740324,0
1429,1529313.70370618,7422220.69103471,0,-7103.28226710227,1463.59793983131,0
1430,1522209.72217044,7423680.88972695,0,-7104.67971995483,1456.79922174285,0
1431,1515104.34643534,7425134.28903344,0,-7106.07066559637,1449.99916936484,0
1432,1507997.58300874,7426580.88762299,0,-7107.45510275292,1443.19778892547,0
1433,1500889.43839976,7428020.68417068,0,-7108.83303015648,1436.39508665417,0
1434,1493779.91911877,7429453.67735777,0,-7110.20444654498,1429.59106878156,0
1435,1486669.03167742,7430879.86587178,0,-7111.56935066234,1422.78574153948,0
1436,1479556.78258862,7432299.24840647,0,-7112.92774125843,1415.97911116095,0
1437,1472443.17836649,7433711.82366181,0,-7114.27961708911,1409.17118388021,0
1438,1465328.22552644,7435117.59034401,0,-7115.62497691618,1402.36196593266,0
1439,1458211.93058507,7436516.54716553,0,-7116.96381950742,1395.55146355491,0
1440,1451094.30006025,7437908.69284505,0,-7118.29614363658,1388.73968298473,0
1441,1443975.34047103,7439294.02610751,0,-7119.62194808338,1381.92663046106,0
1442,1436855.05833771,7440672.54568407,0,-7120.94123163349,1375.112312224,0
1443,1429733.4601818,7442044.25031214,0,-7122.2539930786,1368.29673451484,0
1444,1422610.55252599,7443409.13873536,0,-7123.56023121632,1361.47990357598,0
1445,1415486.3418942,7444767.20970363,0,-7124.85994485028,1354.66182565099,0
1446,1408360.83481152,7446118.46197308,0,-7126.15313279005,1347.84250698459,0
1447,1401234.03780425,7447462.8943061,0,-7127.43979385121,1341.02195382263,0
1448,1394105.95739984,7448800.50547131,0,-7128.71992685528,1334.20017241208,0
1449,1386976.60012694,7450131.29424359,0,-7129.9935306298,1327.37716900105,0
1450,1379845.97251538,7451455.25940406,0,-7131.26060400825,1320.55294983875,0
1451,1372714.08109611,7452772.3997401,0,-7132.52114583013,1313.72752117553,0
1452,1365580.93240129,7454082.71404533,0,-7133.7751549409,1306.90088926282,0
1453,1358446.53296419,7455386.20111962,0,-7135.022630192,1300.07306035318,0
1454,1351310.88931924,7456682.85976912,0,-7136.26357044086,1293.24404070024,0
1455,1344174.00800202,7457972.68880619,0,-7137.4979745509,1286.41383655874,0
1456,1337035.89554923,7459255.68704949,0,-7138.72584139153,1279.5824541845,0
1457,1329896.5584987,7460531.8533239,0,-7139.94716983813,1272.7498998344,0
1458,1322756.00338939,7461801.18646059,0,-7141.16195877209,1265.91617976643,0
1459,1315614.23676136,7463063.68529695,0,-7142.37020708076,1259.08130023962,0
1460,1308471.2651558,7464319.34867667,0,-7143.57191365752,1252.24526751407,0
1461,1301327.09511499,7465568.17544967,0,-7144.76707740172,1245.40808785093,0
1462,1294181.73318231,7466810.16447214,0,-7145.95569721869,1238.56976751242,0
1463,1287035.18590223,7468045.31460655,0,-7147.13777201978,1231.73031276177,0
1464,1279887.4598203,7469273.62472162,0,-7148.31330072231,1224.88972986329,0
1465,1272738.56148317,7470495.09369232,0,-7149.48228224961,1218.0480250823,0
1466,1265588.49743855,7471709.72039991,0,-7150.64471553102,1211.20520468514,0
1467,1258437.27423522,7472917.50373191,0,-7151.80059950184,1204.3612749392,0
1468,1251284.89842301,7474118.4425821,0,-7152.9499331034,1197.51624211285,0
1469,1244131.37655282,7475312.53585053,0,-7154.09271528302,1190.6701124755,0
1470,1236976.7151766,7476499.78244353,0,-7155.22894499402,1183.82289229755,0
1471,1229820.92084733,7477680.1812737,0,-7156.35862119573,1176.97458785041,0
1472,1222664.00011905,7478853.7312599,0,-7157.48174285345,1170.12520540647,0
1473,1215505.95954682,7480020.43132727,0,-7158.59830893853,1163.27475123911,0
1474,1208346.80568671,7481180.28040723,0,-7159.7083184283,1156.42323162269,0
1475,1201186.54509583,7482333.27743746,0,-7160.81177030608,1149.57065283257,0
1476,1194025.1843323,7483479.42136193,0,-7161.90866356123,1142.71702114504,0
1477,1186862.72995525,7484618.71113088,0,-7162.9989971891,1135.86234283739,0
1478,1179699.1885248,7485751.14570082,0,-7164.08277019103,1129.00662418784,0
1479,1172534.56660208,7486876.72403457,0,-7165.15998157441,1122.14987147559,0
1480,1165368.87074919,7487995.44510118,0,-7166.2306303526,1115.29209098077,0
1481,1158202.10752923,7489107.30787603,0,-7167.29471554499,1108.43328898444,0
1482,1151034.28350628,7490212.31134074,0,-7168.35223617699,1101.57347176863,0
1483,1143865.40524539,7491310.45448325,0,-7169.40319128,1094.71264561627,0
1484,1136695.47931255,7492401.73629776,0,-7170.44757989145,1087.85081681123,0
1485,1129524.51227475,7493486.15578475,0,-7171.48540105478,1080.98799163828,0
1486,1122352.51069991,7494563.71195101,0,-7172.51665381945,1074.12417638313,0
1487,1115179.4811569,7495634.40380959,0,-7173.54133724091,1067.25937733238,0
1488,1108005.43021552,7496698.23037984,0,-7174.55945038067,1060.39360077353,0
1489,1100830.36444654,7497755.19068739,0,-7175.57099230623,1053.52685299497,0
1490,1093654.29042163,7498805.28376418,0,-7176.5759620911,1046.659140286,0
1491,1086477.21471338,7499848.50864842,0,-7177.57435881484,1039.79046893679,0
1492,1079299.14389532,7500884.86438461,0,-7178.56618156301,1032.92084523839,0
1493,1072120.08454188,7501914.35002354,0,-7179.55142942718,1026.05027548271,0
1494,1064940.0432284,7502936.96462232,0,-7180.53010150498,1019.17876596256,0
1495,1057759.0265311,7503952.70724431,0,-7181.50219690002,1012.30632297157,0
1496,1050577.04102712,7504961.5769592,0,-7182.46771472197,1005.43295280425,0
1497,1043394.09329447,7505963.57284296,0,-7183.42665408649,998.558661755958,0
1498,1036210.18991206,7506958.69397785,0,-7184.37901411529,991.683456122889,0
1499,1029025.33745965,7507946.93945244,0,-7185.32479393611,984.807342202076,0
1500,1021839.54251788,7508928.30836159,0,-7186.26399268269,977.930326291387,0
1501,1014652.81166826,7509902.79980646,0,-7187.19660949481,971.052414689513,0
1502,1007465.15149315,7510870.41289451,0,-7188.1226435183,964.173613695968,0
1503,1000276.56857577,7511831.14673949,0,-7189.04209390499,957.293929611079,0
1504,993087.069500168,7512785.00046147,0,-7189.95495981275,950.413368735984,0
1505,985896.660851248,7513731.9731868,0,-7190.86124040549,943.53193737262,0
1506,978705.349214739,7514672.06404815,0,-7191.76093485313,936.649641823725,0
1507,971513.141177199,7515605.27218449,0,-7192.65404233164,929.766488392828,0
1508,964320.043326005,7516531.59674108,0,-7193.54056202303,922.882483384242,0
1509,957126.062249352,7517451.0368695,0,-7194.42049311532,915.997633103061,0
1510,949931.204536243,7518363.59172763,0,-7195.29383480258,909.111943855154,0
1511,942735.476776482,7519269.26047965,0,-7196.16058628491,902.225421947156,0
1512,935538.885560673,7520168.04229607,0,-7197.02074676845,895.338073686468,0
1513,928341.437480208,7521059.93635368,0,-7197.87431546537,888.449905381244,0
1514,921143.139127265,7521944.94183559,0,-7198.7212915939,881.560923340394,0
1515,913943.997094802,7522823.05793122,0,-7199.56167437827,874.671133873568,0
1516,906744.017976547,7523694.2838363,0,-7200.39546304878,867.780543291158,0
1517,899543.208366997,7524558.61875287,0,-7201.22265684175,860.889157904292,0
1518,892341.574861408,7525416.06188927,0,-7202.04325499956,853.996984024821,0
1519,885139.124055793,7526266.61246019,0,-7202.85725677061,847.104027965323,0
1520,877935.862546911,7527110.26968658,0,-7203.66466140936,840.210296039089,0
1521,870731.796932265,7527947.03279575,0,-7204.4654681763,833.315794560122,0
1522,863526.933810094,7528776.90102129,0,-7205.25967633797,826.42052984313,0
1523,856321.279779367,7529599.87360313,0,-7206.04728516694,819.52450820352,0
1524,849114.841439778,7530415.9497875,0,-7206.82829394186,812.627735957392,0
1525,841907.62539174,7531225.12882695,0,-7207.60270194737,805.730219421533,0
1526,834699.638236377,7532027.40998035,0,-7208.37050847421,798.831964913413,0
1527,827490.886575519,7532822.79251289,0,-7209.13171281912,791.932978751177,0
1528,820281.377011698,7533611.27569607,0,-7209.88631428493,785.033267253639,0
1529,813071.11614814,7534392.85880772,0,-7210.63431218049,778.13283674028,0
1530,805860.110588756,7535167.54113199,0,-7211.3757058207,771.231693531238,0
1531,798648.366938143,7535935.32195933,0,-7212.11049452652,764.329843947304,0
1532,791435.891801572,7536696.20058653,0,-7212.83867762495,757.427294309916,0
1533,784222.691784985,7537450.1763167,0,-7213.56025444905,750.524050941152,0
1534,777008.773494986,7538197.24845928,0,-7214.27522433791,743.620120163727,0
1535,769794.143538839,7538937.41633,0,-7214.9835866367,736.715508300986,0
1536,762578.808524459,7539670.67925096,0,-7215.68534069662,729.810221676895,0
1537,755362.775060407,7540397.03655054,0,-7216.38048587493,722.904266616042,0
1538,748146.049755882,7541116.48756349,0,-7217.06902153494,715.997649443624,0
1539,740928.63922072,7541829.03163084,0,-7217.75094704603,709.090376485446,0
1540,733710.550065381,7542534.66809997,0,-7218.42626178361,702.182454067913,0
1541,726491.78890095,7543233.3963246,0,-7219.09496512916,695.273888518024,0
1542,719272.362339125,7543925.21566474,0,-7219.75705647021,688.36468616337,0
1543,712052.276992214,7544610.12548676,0,-7220.41253520034,681.454853332122,0
1544,704831.539473128,7545288.12516335,0,-7221.06140071921,674.54439635303,0
1545,697610.156395377,7545959.21407353,0,-7221.70365243251,667.633321555416,0
1546,690388.134373061,7546623.39160264,0,-7222.339289752,660.721635269167,0
1547,683165.480020865,7547280.65714235,0,-7222.96831209549,653.80934382473,0
1548,675942.199954054,7547931.01009068,0,-7223.59071888687,646.896453553107,0
1549,668718.300788466,7548574.44985196,0,-7224.20650955607,639.982970785848,0
1550,661493.789140505,7549210.97583686,0,-7224.81568353908,633.068901855047,0
1551,654268.671627136,7549840.58746239,0,-7225.41824027795,626.154253093331,0
1552,647042.954865881,7550463.28415188,0,-7226.0141792208,619.239030833863,0
1553,639816.645474808,7551079.065335,0,-7226.60349982182,612.323241410328,0
1554,632589.750072531,7551687.93044776,0,-7227.18620154123,605.406891156932,0
1555,625362.275278198,7552289.87893248,0,-7227.76228384533,598.489986408394,0
1556,618134.227711488,7552884.91023785,0,-7228.3317462065,591.572533499941,0
1557,610905.613992607,7553473.02381888,0,-7228.89458810315,584.654538767302,0
1558,603676.440742276,7554054.21913689,0,-7229.45080901978,577.736008546702,0
1559,596446.71458173,7554628.49565959,0,-7230.00040844694,570.816949174857,0
1560,589216.442132713,7555195.85286097,0,-7230.54338588125,563.897366988967,0
1561,581985.630017465,7555756.2902214,0,-7231.0797408254,556.977268326712,0
1562,574754.284858723,7556309.80722758,0,-7231.60947278813,550.056659526245,0
1563,567522.413279711,7556856.40337252,0,-7232.13258128426,543.135546926183,0
1564,560290.021904136,7557396.07815561,0,-7232.64906583468,536.21393686561,0
1565,553057.117356181,7557928.83108255,0,-7233.15892596633,529.29183568406,0
1566,545823.706260499,7558454.66166538,0,-7233.66216121223,522.369249721522,0
1567,538589.795242206,7558973.56942251,0,-7234.15877111146,515.446185318424,0
1568,531355.390926877,7559485.55387865,0,-7234.64875520918,508.522648815636,0
1569,524120.499940538,7559990.61456489,0,-7235.13211305661,501.598646554459,0
1570,516885.128909661,7560488.75101862,0,-7235.60884421103,494.674184876621,0
1571,509649.284461159,7560979.96278362,0,-7236.07894823581,487.749270124269,0
1572,502412.973222377,7561464.24940996,0,-7236.54242470038,480.823908639968,0
1573,495176.201821087,7561941.6104541,0,-7236.99927318023,473.898106766689,0
1574,487938.976885484,7562412.04547881,0,-7237.44949325694,466.971870847809,0
1575,480701.305044178,7562875.55405323,0,-7237.89308451814,460.045207227102,0
1576,473463.192926188,7563332.13575281,0,-7238.33004655756,453.118122248732,0
1577,466224.647160937,7563781.79015939,0,-7238.76037897497,446.19062225725,0
1578,458985.674378244,7564224.51686111,0,-7239.18408137624,439.262713597588,0
1579,451746.28120832,7564660.31545247,0,-7239.60115337328,432.334402615052,0
1580,444506.47428176,7565089.18553434,0,-7240.0115945841,425.405695655315,0
1581,437266.260229539,7565511.12671391,0,-7240.41540463278,418.476599064413,0
1582,430025.645683005,7565926.13860471,0,-7240.81258314947,411.547119188742,0
1583,422784.637273872,7566334.22082664,0,-7241.20312977038,404.617262375045,0
1584,415543.241634216,7566735.37300593,0,-7241.58704413782,397.687034970411,0
1585,408301.465396465,7567129.59477517,0,-7241.96432590015,390.756443322271,0
1586,401059.315193399,7567516.88577328,0,-7242.33497471182,383.825493778388,0
1587,393816.797658138,7567897.24564554,0,-7242.69899023335,376.894192686851,0
1588,386573.91942414,7568270.67404358,0,-7243.05637213134,369.962546396074,0
1589,379330.687125193,7568637.17062538,0,-7243.40712007846,363.030561254786,0
1590,372087.107395408,7568996.73505526,0,-7243.75123375345,356.098243612025,0
1591,364843.186869215,7569349.36700389,0,-7244.08871284115,349.165599817136,0
1592,357598.932181358,7569695.06614829,0,-7244.41955703246,342.23263621976,0
1593,350354.349966884,7570033.83217184,0,-7244.74376602434,335.299359169834,0
1594,343109.446861141,7570365.66476427,0,-7245.06133951986,328.365775017579,0
1595,335864.229499773,7570690.56362163,0,-7245.37227722816,321.4318901135,0
1596,328618.704518709,7571008.52844636,0,-7245.67657886443,314.497710808376,0
1597,321372.878554161,7571319.55894723,0,-7245.97424414997,307.563243453255,0
1598,314126.758242617,7571623.65483937,0,-7246.26527281215,300.628494399451,0
1599,306880.350220834,7571920.81584425,0,-7246.54966458442,293.693469998533,0
1600,299633.661125832,7572211.0416897,0,-7246.82741920628,286.758176602325,0
1601,292386.69759489,7572494.3321099,0,-7247.09853642336,279.822620562897,0
1602,285139.466265536,7572770.68684539,0,-7247.36301598733,272.886808232557,0
1603,277891.973775547,7573040.10564306,0,-7247.62085765595,265.95074596385,0
1604,270644.226762935,7573302.58825613,0,-7247.87206119307,259.01444010955,0
1605,263396.231865948,7573558.1344442,0,-7248.1166263686,252.077897022654,0
1606,256147.99572306,7573806.74397321,0,-7248.35455295855,245.141123056375,0
1607,248899.524972966,7574048.41661547,0,-7248.585840745,238.204124564138,0
1608,241650.826254575,7574283.15214962,0,-7248.81048951612,231.266907899576,0
1609,234401.906207007,7574510.95036066,0,-7249.02849906613,224.329479416517,0
1610,227152.771469583,7574731.81103996,0,-7249.23986919538,217.391845468987,0
1611,219903.428681822,7574945.73398523,0,-7249.44459971027,210.4540124112,0
1612,212653.88448343,7575152.71900053,0,-7249.64269042327,203.51598659755,0
1613,205404.145514303,7575352.76589629,0,-7249.83414115296,196.577774382609,0
1614,198154.218414511,7575545.87448928,0,-7250.01895172399,189.63938212112,0
1615,190904.109824298,7575732.04460263,0,-7250.19712196709,182.700816167991,0
1616,183653.826384074,7575911.27606584,0,-7250.36865171907,175.762082878287,0
1617,176403.374734409,7576083.56871473,0,-7250.53354082283,168.82318860723,0
1618,169152.761516028,7576248.92239151,0,-7250.69178912734,161.884139710185,0
1619,161901.993369803,7576407.33694473,0,-7250.84339648766,154.944942542663,0
1620,154651.076936747,7576558.81222929,0,-7250.98836276495,148.005603460308,0
1621,147400.018858012,7576703.34810646,0,-7251.12668782641,141.066128818894,0
1622,140148.825774875,7576840.94444386,0,-7251.25837154536,134.126524974321,0
1623,132897.504328742,7576971.60111546,0,-7251.38341380118,127.186798282605,0
1624,125646.061161133,7577095.31800159,0,-7251.50181447936,120.246955099877,0
1625,118394.502913679,7577212.09498895,0,-7251.61357347145,113.307001782373,0
1626,111142.836228119,7577321.93197057,0,-7251.71869067508,106.366944686429,0
1627,103891.067746291,7577424.82884585,0,-7251.81716599399,99.4267901684794,0
1628,96639.2041101231,7577520.78552055,0,-7251.90899933797,92.4865445850446,0
1629,89387.2519616345,7577609.80190678,0,-7251.99419062291,85.5462142927298,0
1630,82135.2179429231,7577691.87792302,0,-7252.0727397708,78.6058056482176,0
1631,74883.1086961627,7577767.01349408,0,-7252.14464670967,71.6653250082623,0
1632,67630.9308635956,7577835.20855115,0,-7252.20991137368,64.7247787296842,0
1633,60378.691087527,7577896.46303178,0,-7252.26853370305,57.7841731693637,0
1634,53126.3960103191,7577950.77687985,0,-7252.32051364409,50.8435146842354,0
1635,45874.0522743844,7577998.15004562,0,-7252.36585114918,43.9028096312826,0
1636,38621.6665221801,7578038.58248571,0,-7252.4045461768,36.962064367531,0
1637,31369.2453962019,7578072.07416307,0,-7252.43659869152,30.0212852500433,0
1638,24116.7955389779,7578098.62504704,0,-7252.46200866397,23.0804786359131,0
1639,16864.3235930626,7578118.2351133,0,-7252.48077607088,16.1396508822593,0
1640,9611.83620103058,7578130.90434388,0,-7252.49290089506,9.19880834622011,0
1641,2359.34000547061,7578136.63272718,0,-7252.49838312541,2.25795738494718,0
1642,-4893.15835102046,7578135.42025796,0,-7252.49722275691,-4.6828956444,0
1643,-12145.6522258438,7578127.26693732,0,-7252.48941979061,-11.6237443846601,0
1644,-19398.1349764046,7578112.17277274,0,-7252.47497423367,-18.5645824786757,0
1645,-26650.5999601185,7578090.13777803,0,-7252.45388609932,-25.505403569299,0
1646,-33903.0405344171,7578061.16197339,0,-7252.42615540686,-32.4462012993981,0
1647,-41155.4500567545,7578025.24538534,0,-7252.39178218171,-39.3869693118623,0
1648,-48407.8218846132,7577982.38804679,0,-7252.35076645533,-46.327701249608,0
1649,-55660.1493755104,7577932.58999699,0,-7252.30310826531,-53.2683907555848,0
1650,-62912.4258870037,7577875.85128154,0,-7252.24880765528,-60.2090314727811,0
1651,-70164.6447766974,7577812.17195242,0,-7252.18786467499,-67.1496170442301,0
1652,-77416.7994022487,7577741.55206796,0,-7252.12027938024,-74.0901411130154,0
1653,-84668.8831213735,7577663.99169282,0,-7252.04605183295,-81.0305973222768,0
1654,-91920.8892918529,7577579.49089805,0,-7251.9651821011,-87.9709793152167,0
1655,-99172.8112715387,7577488.04976104,0,-7251.87767025875,-94.9112807351049,0
1656,-106424.64241836,7577389.66836556,0,-7251.78351638607,-101.851495225285,0
1657,-113676.376090329,7577284.34680169,0,-7251.68272056928,-108.791616429182,0
1658,-120928.005645548,7577172.08516591,0,-7251.5752829007,-115.731637990303,0
1659,-128179.524442213,7577052.88356104,0,-7251.46120347875,-122.671553552248,0
1660,-135430.925838622,7576926.74209626,0,-7251.34048240789,-129.611356758717,0
1661,-142682.203193182,7576793.6608871,0,-7251.21311979871,-136.551041253507,0
1662,-149933.349864412,7576653.64005544,0,-7251.07911576785,-143.490600680529,0
1663,-157184.359210951,7576506.67972954,0,-7250.93847043805,-150.430028683805,0
1664,-164435.224591565,7576352.780044,0,-7250.79118393813,-157.369318907481,0
1665,-171685.939365149,7576191.94113977,0,-7250.63725640299,-164.308464995824,0
1666,-178936.496890739,7576024.16316417,0,-7250.47668797361,-171.247460593239,0
1667,-186186.890527514,7575849.44627087,0,-7250.30947879705,-178.186299344264,0
1668,-193437.113634802,7575667.79061989,0,-7250.13562902647,-185.124974893583,0
1669,-200687.159572088,7575479.1963776,0,-7249.95513882109,-192.06348088603,0
1670,-207937.021699021,7575283.66371675,0,-7249.76800834622,-199.001810966592,0
1671,-215186.693375415,7575081.19281642,0,-7249.57423777327,-205.939958780419,0
1672,-222436.16796126,7574871.78386206,0,-7249.3738272797,-212.877917972827,0
1673,-229685.438816728,7574655.43704547,0,-7249.16677704907,-219.815682189305,0
1674,-236934.499302176,7574432.1525648,0,-7248.95308727102,-226.753245075522,0
1675,-244183.342778153,7574201.93062455,0,-7248.73275814127,-233.690600277329,0
1676,-251431.962605408,7573964.77143559,0,-7248.50578986162,-240.627741440768,0
1677,-258680.352144895,7573720.67521513,0,-7248.27218263996,-247.564662212079,0
1678,-265928.504757778,7573469.64218675,0,-7248.03193669023,-254.5013562377,0
1679,-273176.413805439,7573211.67258035,0,-7247.78505223249,-261.437817164281,0
1680,-280424.072649483,7572946.76663223,0,-7247.53152949286,-268.374038638682,0
1681,-287671.474651742,7572674.92458501,0,-7247.27136870354,-275.310014307984,0
1682,-294918.613174286,7572396.14668767,0,-7247.00457010282,-282.245737819494,0
1683,-302165.481579425,7572110.43319554,0,-7246.73113393505,-289.181202820747,0
1684,-309412.073229717,7571817.78437032,0,-7246.45106045067,-296.116402959517,0
1685,-316658.381487973,7571518.20048003,0,-7246.16434990622,-303.051331883822,0
1686,-323904.399717263,7571211.68179907,0,-7245.87100256428,-309.985983241924,0
1687,-331150.121280925,7570898.22860819,0,-7245.57101869354,-316.920350682343,0
1688,-338395.539542565,7570577.84119446,0,-7245.26439856875,-323.854427853859,0
1689,-345640.647866071,7570250.51985135,0,-7244.95114247075,-330.788208405514,0
1690,-352885.439615611,7569916.26487864,0,-7244.63125068645,-337.721685986627,0
1691,-360129.908155646,7569575.07658249,0,-7244.30472350884,-344.65485424679,0
1692,-367374.046850931,7569226.95527537,0,-7243.97156123699,-351.587706835881,0
1693,-374617.849066524,7568871.90127615,0,-7243.63176417604,-358.520237404067,0
1694,-381861.30816779,7568509.91491002,0,-7243.28533263722,-365.452439601807,0
1695,-389104.417520411,7568140.99650852,0,-7242.93226693782,-372.384307079866,0
1696,-396347.170490387,7567765.14640955,0,-7242.57256740122,-379.31583348931,0
1697,-403589.560444044,7567382.36495735,0,-7242.20623435687,-386.247012481521,0
1698,-410831.580748043,7566992.65250251,0,-7241.83326814029,-393.177837708198,0
1699,-418073.224769381,7566596.00940197,0,-7241.45366909309,-400.108302821365,0
1700,-425314.485875401,7566192.43601902,0,-7241.06743756295,-407.038401473373,0
1701,-432555.357433797,7565781.9327233,0,-7240.6745739036,-413.968127316913,0
1702,-439795.832812618,7565364.49989077,0,-7240.27507847489,-420.897474005014,0
1703,-447035.905380279,7564940.13790379,0,-7239.86895164271,-427.826435191053,0
1704,-454275.56850556,7564508.84715101,0,-7239.45619377903,-434.755004528761,0
1705,-461514.815557619,7564070.62802746,0,-7239.03680526191,-441.683175672227,0
1706,-468753.639905994,7563625.48093451,0,-7238.61078647545,-448.610942275905,0
1707,-475992.03492061,7563173.40627987,0,-7238.17813780986,-455.53829799462,0
1708,-483229.993971786,7562714.4044776,0,-7237.73885966139,-462.465236483573,0
1709,-490467.510430239,7562248.4759481,0,-7237.2929524324,-469.391751398346,0
1710,-497704.577667093,7561775.62111811,0,-7236.84041653127,-476.317836394911,0
1711,-504941.189053882,7561295.84042073,0,-7236.3812523725,-483.243485129633,0
1712,-512177.337962559,7560809.13429538,0,-7235.91546037663,-490.168691259276,0
1713,-519413.017765498,7560315.50318786,0,-7235.44304097029,-497.093448441009,0
1714,-526648.221835506,7559814.94755027,0,-7234.96399458617,-504.017750332414,0
1715,-533882.943545824,7559307.46784107,0,-7234.47832166303,-510.941590591488,0
1716,-541117.176270134,7558793.06452507,0,-7233.98602264569,-517.864962876652,0
1717,-548350.913382567,7558271.73807342,0,-7233.48709798506,-524.787860846756,0
1718,-555584.148257709,7557743.4889636,0,-7232.98154813811,-531.710278161084,0
1719,-562816.874270602,7557208.31767943,0,-7232.46937356786,-538.632208479358,0
1720,-570049.084796759,7556666.22471109,0,-7231.95057474343,-545.55364546175,0
1721,-577280.773212163,7556117.21055507,0,-7231.42515213998,-552.474582768881,0
1722,-584511.932893273,7555561.27571422,0,-7230.89310623876,-559.395014061831,0
1723,-591742.557217037,7554998.42069773,0,-7230.35443752706,-566.314933002143,0
1724,-598972.639560888,7554428.64602111,0,-7229.80914649825,-573.234333251829,0
1725,-606202.17330276,7553851.95220623,0,-7229.25723365177,-580.153208473377,0
1726,-613431.151821088,7553268.33978129,0,-7228.69869949312,-587.071552329754,0
1727,-620659.568494813,7552677.80928081,0,-7228.13354453387,-593.989358484416,0
1728,-627887.416703394,7552080.36124566,0,-7227.56176929163,-600.906620601311,0
1729,-635114.68982681,7551475.99622306,0,-7226.98337429011,-607.823332344882,0
1730,-642341.381245564,7550864.71476654,0,-7226.39836005905,-614.739487380082,0
1731,-649567.484340696,7550246.51743598,0,-7225.80672713428,-621.655079372369,0
1732,-656792.992493782,7549621.40479759,0,-7225.20847605767,-628.570101987718,0
1733,-664017.899086944,7548989.37742391,0,-7224.60360737717,-635.484548892626,0
1734,-671242.197502853,7548350.43589382,0,-7223.99212164677,-642.398413754119,0
1735,-678465.88112474,7547704.58079253,0,-7223.37401942655,-649.311690239752,0
1736,-685688.943336398,7547051.81271158,0,-7222.74930128262,-656.224372017622,0
1737,-692911.377522188,7546392.13224884,0,-7222.11796778716,-663.13645275637,0
1738,-700133.177067048,7545725.54000852,0,-7221.48001951842,-670.047926125186,0
1739,-707354.335356495,7545052.03660115,0,-7220.8354570607,-676.95878579382,0
1740,-714574.845776636,7544371.62264361,0,-7220.18428100435,-683.86902543258,0
1741,-721794.70171417,7543684.29875907,0,-7219.5264919458,-690.778638712345,0
1742,-729013.896556394,7542990.06557708,0,-7218.8620904875,-697.687619304565,0
1743,-736232.423691214,7542288.92373347,0,-7218.191077238,-704.595960881271,0
1744,-743450.276507145,7541580.87387043,0,-7217.51345281187,-711.503657115079,0
1745,-750667.448393319,7540865.91663646,0,-7216.82921782976,-718.410701679196,0
1746,-757883.932739494,7540144.0526864,0,-7216.13837291835,-725.317088247427,0
1747,-765099.722936057,7539415.28268141,0,-7215.44091871041,-732.222810494178,0
1748,-772314.812374029,7538679.60728897,0,-7214.73685584472,-739.127862094464,0
1749,-779529.194445075,7537937.02718288,0,-7214.02618496614,-746.032236723915,0
1750,-786742.862541507,7537187.54304328,0,-7213.30890672559,-752.935928058779,0
1751,-793955.810056291,7536431.15555663,0,-7212.58502178002,-759.838929775932,0
1752,-801168.030383053,7535667.86541571,0,-7211.85453079243,-766.741235552882,0
1753,-808379.516916085,7534897.67331961,0,-7211.1174344319,-773.642839067772,0
1754,-815590.26305035,7534120.57997377,0,-7210.37373337352,-780.543733999389,0
1755,-822800.262181493,7533336.58608992,0,-7209.62342829846,-787.443914027171,0
1756,-830009.507705837,7532545.69238612,0,-7208.86651989393,-794.343372831208,0
1757,-837217.993020402,7531747.89958677,0,-7208.10300885318,-801.242104092252,0
1758,-844425.711522898,7530943.20842256,0,-7207.33289587552,-808.140101491722,0
1759,-851632.656611742,7530131.61963051,0,-7206.5561816663,-815.037358711707,0
1760,-858838.821686057,7529313.13395397,0,-7205.77286693691,-821.933869434977,0
1761,-866044.200145682,7528487.75214258,0,-7204.98295240479,-828.829627344983,0
1762,-873248.785391174,7527655.47495232,0,-7204.18643879344,-835.724626125866,0
1763,-880452.570823818,7526816.30314548,0,-7203.38332683238,-842.618859462463,0
1764,-887655.549845633,7525970.23749065,0,-7202.57361725718,-849.512321040313,0
1765,-894857.715859375,7525117.27876275,0,-7201.75731080947,-856.40500454566,0
1766,-902059.062268544,7524257.42774302,0,-7200.9344082369,-863.296903665461,0
1767,-909259.582477392,7523390.68521899,0,-7200.10491029318,-870.188012087392,0
1768,-916459.269890926,7522517.05198452,0,-7199.26881773804,-877.078323499853,0
1769,-923658.117914919,7521636.52883976,0,-7198.42613133726,-883.967831591974,0
1770,-930856.119955909,7520749.11659121,0,-7197.57685186267,-890.85653005362,0
1771,-938053.269421212,7519854.81605164,0,-7196.72098009213,-897.7444125754,0
1772,-945249.559718923,7518953.62804014,0,-7195.85851680953,-904.631472848667,0
1773,-952444.984257924,7518045.55338212,0,-7194.9894628048,-911.51770456553,0
1774,-959639.53644789,7517130.5929093,0,-7194.11381887392,-918.403101418855,0
1775,-966833.209699297,7516208.74745968,0,-7193.2315858189,-925.287657102273,0
1776,-974025.997423423,7515280.01787759,0,-7192.34276444778,-932.171365310185,0
1777,-981217.893032358,7514344.40501365,0,-7191.44735557462,-939.05421973777,0
1778,-988408.889939011,7513401.9097248,0,-7190.54536001955,-945.936214080988,0
1779,-995598.981557112,7512452.53287428,0,-7189.6367786087,-952.817342036586,0
1780,-1002788.16130122,7511496.27533163,0,-7188.72161217425,-959.697597302105,0
1781,-1009976.42258673,7510533.13797268,0,-7187.7998615544,-966.576973575886,0
1782,-1017163.75882988,7509563.12167957,0,-7186.87152759339,-973.455464557075,0
1783,-1024350.16344775,7508586.22734076,0,-7185.93661114148,-980.333063945627,0
1784,-1031535.62985829,7507602.45585098,0,-7184.99511305498,-987.209765442315,0
1785,-1038720.15148027,7506611.80811127,0,-7184.04703419619,-994.085562748735,0
1786,-1045903.72173338,7505614.28502898,0,-7183.09237543348,-1000.96044956731,0
1787,-1053086.33403813,7504609.88751773,0,-7182.13113764121,-1007.8344196013,0
1788,-1060267.98181594,7503598.61649747,0,-7181.1633216998,-1014.7074665548,0
1789,-1067448.65848911,7502580.47289442,0,-7180.18892849566,-1021.57958413275,0
1790,-1074628.35748081,7501555.45764109,0,-7179.20795892126,-1028.45076604095,0
1791,-1081807.07221513,7500523.57167632,0,-7178.22041387506,-1035.32100598604,0
1792,-1088984.79611704,7499484.81594521,0,-7177.22629426156,-1042.19029767555,0
1793,-1096161.52261243,7498439.19139915,0,-7176.22560099128,-1049.05863481785,0
1794,-1103337.24512811,7497386.69899585,0,-7175.21833498076,-1055.92601112219,0
1795,-1110511.95709179,7496327.33969928,0,-7174.20449715257,-1062.79242029873,0
1796,-1117685.65193212,7495261.11447972,0,-7173.18408843527,-1069.65785605847,0
1797,-1124858.32307867,7494188.02431373,0,-7172.15710976347,-1076.52231211333,0
1798,-1132029.96396197,7493108.07018416,0,-7171.12356207779,-1083.38578217612,0
1799,-1139200.56801347,7492021.25308014,0,-7170.08344632484,-1090.24825996056,0
1800,-1146370.12866558,7490927.57399709,0,-7169.03676345729,-1097.10973918127,0
1801,-1153538.63935167,7489827.03393673,0,-7167.98351443379,-1103.97021355379,0
1802,-1160706.09350605,7488719.63390703,0,-7166.92370021902,-1110.82967679457,0
1803,-1167872.48456403,7487605.37492228,0,-7165.85732178366,-1117.688122621,0
1804,-1175037.80596187,7486484.25800302,0,-7164.78438010443,-1124.54554475139,0
1805,-1182202.05113682,7485356.2841761,0,-7163.70487616402,-1131.401936905,0
1806,-1189365.21352711,7484221.45447463,0,-7162.61881095117,-1138.25729280203,0
1807,-1196527.28657196,7483079.76993801,0,-7161.52618546061,-1145.11160616361,0
1808,-1203688.2637116,7481931.23161191,0,-7160.42700069307,-1151.96487071186,0
1809,-1210848.13838726,7480775.84054828,0,-7159.32125765531,-1158.81708016983,0
1810,-1218006.90404116,7479613.59780536,0,-7158.20895736009,-1165.66822826155,0
1811,-1225164.55411657,7478444.50444764,0,-7157.09010082615,-1172.51830871203,0
1812,-1232321.08205774,7477268.5615459,0,-7155.96468907828,-1179.36731524722,0
1813,-1239476.48130999,7476085.77017721,0,-7154.83272314723,-1186.21524159411,0
1814,-1246630.74531966,7474896.13142487,0,-7153.69420406979,-1193.06208148064,0
1815,-1253783.8675341,7473699.64637849,0,-7152.54913288872,-1199.90782863575,0
1816,-1260935.84140175,7472496.31613393,0,-7151.39751065281,-1206.7524767894,0
1817,-1268086.66037207,7471286.14179333,0,-7150.23933841683,-1213.59601967253,0
1818,-1275236.3178956,7470069.1244651,0,-7149.07461724156,-1220.43845101711,0
1819,-1282384.80742393,7468845.2652639,0,-7147.90334819377,-1227.27976455613,0
1820,-1289532.12240972,7467614.56531068,0,-7146.72553234623,-1234.11995402359,0
1821,-1296678.25630672,7466377.02573263,0,-7145.5411707777,-1240.95901315453,0
1822,-1303823.20256973,7465132.64766324,0,-7144.35026457296,-1247.79693568501,0
1823,-1310966.95465468,7463881.43224222,0,-7143.15281482275,-1254.63371535217,0
1824,-1318109.50601856,7462623.38061557,0,-7141.94882262384,-1261.46934589414,0
1825,-1325250.85011948,7461358.49393556,0,-7140.73828907895,-1268.30382105016,0
1826,-1332390.98041664,7460086.77336069,0,-7139.52121529683,-1275.13713456048,0
1827,-1339529.89037036,7458808.22005574,0,-7138.2976023922,-1281.96928016644,0
1828,-1346667.57344209,7457522.83519174,0,-7137.06745148576,-1288.80025161045,0
1829,-1353804.02309438,7456230.61994599,0,-7135.83076370423,-1295.63004263598,0
1830,-1360939.23279092,7454931.57550203,0,-7134.58754018029,-1302.4586469876,0
1831,-1368073.19599654,7453625.70304966,0,-7133.33778205262,-1309.28605841096,0
1832,-1375205.9061772,7452313.00378493,0,-7132.08149046587,-1316.11227065279,0
1833,-1382337.35680003,7450993.47891016,0,-7130.81866657068,-1322.93727746093,0
1834,-1389467.54133329,7449667.12963391,0,-7129.5493115237,-1329.76107258433,0
1835,-1396596.45324642,7448333.95717097,0,-7128.27342648751,-1336.58364977304,0
1836,-1403724.08600999,7446993.96274242,0,-7126.99101263072,-1343.40500277823,0
1837,-1410850.4330958,7445647.14757556,0,-7125.70207112789,-1350.22512535218,0
1838,-1417975.48797676,7444293.51290394,0,-7124.40660315957,-1357.04401124831,0
1839,-1425099.24412702,7442933.05996737,0,-7123.10460991229,-1363.86165422118,0
1840,-1432221.69502189,7441565.79001189,0,-7121.79609257854,-1370.67804802647,0
1841,-1439342.83413788,7440191.70428979,0,-7120.48105235681,-1377.493186421,0
1842,-1446462.65495271,7438810.8040596,0,-7119.15949045155,-1384.30706316277,0
1843,-1453581.15094529,7437423.09058609,0,-7117.83140807317,-1391.11967201091,0
1844,-1460698.31559577,7436028.56514029,0,-7116.49680643809,-1397.93100672571,0
1845,-1467814.14238549,7434627.22899943,0,-7115.15568676866,-1404.74106106865,0
1846,-1474928.62479704,7433219.08344702,0,-7113.80805029323,-1411.54982880235,0
1847,-1482041.75631422,7431804.12977278,0,-7112.4538982461,-1418.35730369064,0
1848,-1489153.53042209,7430382.36927267,0,-7111.09323186754,-1425.16347949852,0
1849,-1496263.94060693,7428953.80324889,0,-7109.7260524038,-1431.96834999217,0
1850,-1503372.98035628,7427518.43300986,0,-7108.35236110709,-1438.77190893899,0
1851,-1510480.64315895,7426076.25987027,0,-7106.97215923557,-1445.57415010755,0
1852,-1517586.92250498,7424627.28515099,0,-7105.58544805338,-1452.37506726766,0
1853,-1524691.81188571,7423171.51017914,0,-7104.19222883061,-1459.17465419031,0
1854,-1531795.30479372,7421708.93628809,0,-7102.79250284333,-1465.97290464775,0
1855,-1538897.3947229,7420239.56481741,0,-7101.38627137353,-1472.7698124134,0
1856,-1545998.07516841,7418763.39711291,0,-7099.97353570921,-1479.56537126196,0
1857,-1553097.33962669,7417280.4345266,0,-7098.55429714429,-1486.35957496933,0
1858,-1560195.18159549,7415790.67841676,0,-7097.12855697866,-1493.15241731268,0
1859,-1567291.59457388,7414294.13014784,0,-7095.69631651816,-1499.9438920704,0
1860,-1574386.5720622,7412790.79109055,0,-7094.25757707459,-1506.73399302215,0
1861,-1581480.10756214,7411280.6626218,0,-7092.81233996569,-1513.52271394884,0
1862,-1588572.19457669,7409763.74612473,0,-7091.36060651518,-1520.31004863266,0
1863,-1595662.82661017,7408240.04298869,0,-7089.90237805268,-1527.09599085704,0
1864,-1602751.99716823,7406709.55460924,0,-7088.43765591381,-1533.88053440671,0
1865,-1609839.69975788,7405172.28238817,0,-7086.96644144011,-1540.66367306767,0
1866,-1616925.92788745,7403628.22773348,0,-7085.48873597908,-1547.44540062721,0
1867,-1624010.67506663,7402077.39205936,0,-7084.00454088414,-1554.22571087392,0
1868,-1631093.93480646,7400519.77678624,0,-7082.51385751469,-1561.00459759768,0
1869,-1638175.70061935,7398955.38334074,0,-7081.01668723604,-1567.78205458966,0
1870,-1645255.96601909,7397384.2131557,0,-7079.51303141947,-1574.55807564237,0
1871,-1652334.72452081,7395806.26767017,0,-7078.00289144217,-1581.33265454961,0
1872,-1659411.96964104,7394221.54832939,0,-7076.4862686873,-1588.10578510651,0
1873,-1666487.69489772,7392630.05658481,0,-7074.96316454393,-1594.87746110953,0
1874,-1673561.89381013,7391031.79389409,0,-7073.43358040709,-1601.64767635646,0
1875,-1680634.559899,7389426.76172108,0,-7071.89751767772,-1608.41642464643,0
1876,-1687705.68668643,7387814.96153585,0,-7070.35497776272,-1615.1836997799,0
1877,-1694775.26769594,7386196.39481464,0,-7068.8059620749,-1621.94949555869,0
1878,-1701843.29645246,7384571.06303991,0,-7067.25047203301,-1628.71380578598,0
1879,-1708909.76648236,7382938.96770032,0,-7065.68850906175,-1635.47662426631,0
1880,-1715974.67131342,7381300.11029069,0,-7064.1200745917,-1642.23794480557,0
1881,-1723038.00447485,7379654.49231208,0,-7062.54517005942,-1648.99776121104,0
1882,-1730099.75949733,7378002.11527171,0,-7060.96379690737,-1655.75606729137,0
1883,-1737159.92991295,7376342.98068301,0,-7059.37595658393,-1662.51285685659,0
1884,-1744218.50925526,7374677.09006557,0,-7057.78165054341,-1669.26812371813,0
1885,-1751275.49105928,7373004.4449452,0,-7056.18088024605,-1676.02186168881,0
1886,-1758330.86886149,7371325.04685389,0,-7054.573647158,-1682.77406458284,0
1887,-1765384.63619982,7369638.89732979,0,-7052.95995275133,-1689.52472621584,0
1888,-1772436.78661371,7367945.99791727,0,-7051.33979850403,-1696.27384040486,0
1889,-1779487.31364405,7366246.35016686,0,-7049.71318590002,-1703.02140096835,0
1890,-1786536.21083322,7364539.95563527,0,-7048.0801164291,-1709.76740172618,0
1891,-1793583.47172511,7362826.8158854,0,-7046.44059158703,-1716.51183649965,0
1892,-1800629.0898651,7361106.93248632,0,-7044.79461287544,-1723.25469911151,0
1893,-1807673.05880008,7359380.30701329,0,-7043.1421818019,-1729.99598338594,0
1894,-1814715.37207842,7357646.94104772,0,-7041.48329987988,-1736.73568314856,0
1895,-1821756.02325006,7355906.83617722,0,-7039.81796862875,-1743.47379222645,0
1896,-1828795.00586641,7354159.99399555,0,-7038.14618957381,-1750.21030444813,0
1897,-1835832.31348045,7352406.41610266,0,-7036.46796424624,-1756.94521364361,0
1898,-1842867.93964666,7350646.10410466,0,-7034.78329418313,-1763.67851364435,0
1899,-1849901.87792108,7348879.05961383,0,-7033.09218092748,-1770.41019828328,0
1900,-1856934.1218613,7347105.28424861,0,-7031.3946260282,-1777.14026139482,0
1901,-1863964.66502644,7345324.7796336,0,-7029.69063104008,-1783.86869681488,0
1902,-1870993.50097721,7343537.54739959,0,-7027.98019752382,-1790.59549838085,0
1903,-1878020.62327584,7341743.58918351,0,-7026.26332704601,-1797.32065993162,0
1904,-1885046.02548617,7339942.90662846,0,-7024.54002117915,-1804.04417530757,0
1905,-1892069.70117359,7338135.50138368,0,-7022.81028150161,-1810.76603835061,0
1906,-1899091.64390509,7336321.37510459,0,-7021.07410959768,-1817.48624290415,0
1907,-1906111.84724924,7334500.52945275,0,-7019.33150705752,-1824.20478281313,0
1908,-1913130.3047762,7332672.96609589,0,-7017.5824754772,-1830.92165192399,0
1909,-1920147.01005772,7330838.68670789,0,-7015.82701645865,-1837.63684408473,0
1910,-1927161.95666717,7328997.69296876,0,-7014.06513160971,-1844.35035314487,0
1911,-1934175.13817953,7327149.98656468,0,-7012.2968225441,-1851.06217295547,0
1912,-1941186.54817139,7325295.56918798,0,-7010.52209088143,-1857.77229736914,0
1913,-1948196.18022097,7323434.44253712,0,-7008.74093824718,-1864.48072024005,0
1914,-1955204.02790811,7321566.60831673,0,-7006.95336627271,-1871.18743542392,0
1915,-1962210.08481428,7319692.06823755,0,-7005.15937659527,-1877.89243677804,0
1916,-1969214.34452261,7317810.82401649,0,-7003.35897085799,-1884.59571816125,0
1917,-1976216.80061786,7315922.8773766,0,-7001.55215070986,-1891.29727343401,0
1918,-1983217.44668644,7314028.23004704,0,-6999.73891780576,-1897.99709645831,0
1919,-1990216.27631644,7312126.88376314,0,-6997.91927380645,-1904.69518109776,0
1920,-1997213.28309758,7310218.84026635,0,-6996.09322037853,-1911.39152121754,0
1921,-2004208.46062128,7308304.10130426,0,-6994.26075919451,-1918.08611068446,0
1922,-2011201.80248061,7306382.66863058,0,-6992.42189193274,-1924.77894336689,0
1923,-2018193.30227034,7304454.54400516,0,-6990.57662027745,-1931.47001313484,0
1924,-2025182.95358693,7302519.72919399,0,-6988.72494591873,-1938.15931385994,0
1925,-2032170.75002851,7300578.22596917,0,-6986.86687055254,-1944.8468394154,0
1926,-2039156.68519493,7298630.03610893,0,-6985.00239588071,-1951.53258367611,0
1927,-2046140.75268774,7296675.16139762,0,-6983.1315236109,-1958.21654051854,0
1928,-2053122.94611019,7294713.60362573,0,-6981.25425545668,-1964.89870382084,0
1929,-2060103.25906727,7292745.36458987,0,-6979.37059313742,-1971.57906746277,0
1930,-2067081.68516566,7290770.44609274,0,-6977.48053837839,-1978.25762532577,0
1931,-2074058.21801379,7288788.84994318,0,-6975.58409291071,-1984.93437129289,0
1932,-2081032.85122182,7286800.57795615,0,-6973.68125847132,-1991.60929924889,0
1933,-2088005.57840165,7284805.63195272,0,-6971.77203680305,-1998.28240308016,0
1934,-2094976.39316693,7282804.01376007,0,-6969.85642965457,-2004.95367667476,0
1935,-2101945.28913305,7280795.72521149,0,-6967.93443878038,-2011.62311392246,0
1936,-2108912.25991717,7278780.76814638,0,-6966.00606594085,-2018.29070871468,0
1937,-2115877.2991382,7276759.14441025,0,-6964.07131290219,-2024.95645494454,0
1938,-2122840.40041683,7274730.85585471,0,-6962.13018143644,-2031.62034650684,0
1939,-2129801.55737553,7272695.90433749,0,-6960.1826733215,-2038.2823772981,0
1940,-2136760.76363852,7270654.29172241,0,-6958.22879034109,-2044.94254121653,0
1941,-2143718.01283185,7268606.01987938,0,-6956.2685342848,-2051.60083216205,0
1942,-2150673.29858333,7266551.09068444,0,-6954.30190694802,-2058.2572440363,0
1943,-2157626.61452258,7264489.5060197,0,-6952.32891013201,-2064.91177074265,0
1944,-2164577.95428104,7262421.26777338,0,-6950.34954564383,-2071.56440618617,0
1945,-2171527.31149192,7260346.37783978,0,-6948.3638152964,-2078.21514427369,0
1946,-2178474.67979028,7258264.83811931,0,-6946.37172090846,-2084.86397891376,0
1947,-2185420.052813,7256176.65051846,0,-6944.37326430457,-2091.51090401668,0
1948,-2192363.42419876,7254081.81694982,0,-6942.36844731514,-2098.1559134945,0
1949,-2199304.78758811,7251980.33933205,0,-6940.35727177639,-2104.79900126103,0
1950,-2206244.13662341,7249872.2195899,0,-6938.33973953036,-2111.44016123182,0
1951,-2213181.46494888,7247757.45965421,0,-6936.31585242491,-2118.07938732421,0
1952,-2220116.76621059,7245636.0614619,0,-6934.28561231374,-2124.7166734573,0
1953,-2227050.03405646,7243508.02695597,0,-6932.24902105636,-2131.35201355196,0
1954,-2233981.26213628,7241373.3580855,0,-6930.20608051808,-2137.98540153085,0
1955,-2240910.4441017,7239232.05680564,0,-6928.15679257005,-2144.61683131842,0
1956,-2247837.57360624,7237084.12507762,0,-6926.10115908922,-2151.24629684092,0
1957,-2254762.64430532,7234929.56486874,0,-6924.03918195836,-2157.87379202637,0
1958,-2261685.64985624,7232768.37815237,0,-6921.97086306603,-2164.49931080463,0
1959,-2268606.58391817,7230600.56690796,0,-6919.89620430663,-2171.12284710736,0
1960,-2275525.4401522,7228426.133121,0,-6917.81520758034,-2177.74439486801,0
1961,-2282442.21222131,7226245.07878309,0,-6915.72787479316,-2184.36394802189,0
1962,-2289356.8937904,7224057.40589185,0,-6913.63420785688,-2190.98150050611,0
1963,-2296269.47852628,7221863.11645099,0,-6911.53420868911,-2197.59704625962,0
1964,-2303179.96009767,7219662.21247026,0,-6909.42787921325,-2204.21057922322,0
1965,-2310088.33217524,7217454.69596549,0,-6907.31522135849,-2210.82209333953,0
1966,-2316994.58843158,7215240.56895855,0,-6905.19623705983,-2217.43158255303,0
1967,-2323898.7225412,7213019.83347737,0,-6903.07092825805,-2224.03904081008,0
1968,-2330800.72818057,7210792.49155593,0,-6900.93929689974,-2230.64446205885,0
1969,-2337700.59902813,7208558.54523427,0,-6898.80134493726,-2237.24784024941,0
1970,-2344598.32876423,7206317.99655847,0,-6896.65707432879,-2243.8491693337,0
1971,-2351493.91107122,7204070.84758065,0,-6894.50648703826,-2250.44844326552,0
1972,-2358387.33963341,7201817.100359,0,-6892.34958503541,-2257.04565600058,0
1973,-2365278.60813705,7199556.75695773,0,-6890.18637029576,-2263.64080149644,0
1974,-2372167.71027041,7197289.8194471,0,-6888.0168448006,-2270.23387371259,0
1975,-2379054.63972373,7195016.28990341,0,-6885.84101053702,-2276.82486661039,0
1976,-2385939.39018923,7192736.170409,0,-6883.65886949787,-2283.41377415312,0
1977,-2392821.95536113,7190449.46305224,0,-6881.47042368178,-2290.00059030598,0
1978,-2399702.32893567,7188156.16992753,0,-6879.27567509317,-2296.58530903606,0
1979,-2406580.50461106,7185856.29313532,0,-6877.07462574222,-2303.16792431238,0
1980,-2413456.47608757,7183549.83478207,0,-6874.86727764487,-2309.74843010591,0
1981,-2420330.23706744,7181236.79698028,0,-6872.65363282285,-2316.32682038951,0
1982,-2427201.78125498,7178917.18184847,0,-6870.43369330364,-2322.90308913801,0
1983,-2434071.1023565,7176590.99151119,0,-6868.20746112051,-2329.47723032818,0
1984,-2440938.19408035,7174258.228099,0,-6865.97493831246,-2336.04923793872,0
1985,-2447803.05013693,7171918.89374851,0,-6863.73612692428,-2342.6191059503,0
1986,-2454665.66423869,7169572.99060231,0,-6861.4910290065,-2349.18682834555,0
1987,-2461526.03010012,7167220.52080903,0,-6859.23964661542,-2355.75239910905,0
1988,-2468384.14143778,7164861.48652331,0,-6856.98198181309,-2362.31581222738,0
1989,-2475239.9919703,7162495.88990579,0,-6854.71803666732,-2368.87706168906,0
1990,-2482093.57541836,7160123.73312315,0,-6852.44781325167,-2375.43614148461,0
1991,-2488944.88550473,7157745.01834805,0,-6850.17131364544,-2381.99304560655,0
1992,-2495793.91595428,7155359.74775916,0,-6847.8885399337,-2388.54776804937,0
1993,-2502640.66049393,7152967.92354118,0,-6845.59949420724,-2395.10030280957,0
1994,-2509485.11285272,7150569.54788477,0,-6843.30417856261,-2401.65064388565,0
1995,-2516327.26676178,7148164.62298663,0,-6841.00259510211,-2408.19878527812,0
1996,-2523167.11595436,7145753.15104944,0,-6838.69474593377,-2414.74472098951,0
1997,-2530004.65416579,7143335.13428188,0,-6836.38063317136,-2421.28844502436,0
1998,-2536839.87513354,7140910.57489862,0,-6834.06025893438,-2427.82995138925,0
1999,-2543672.7725972,7138479.47512032,0,-6831.73362534807,-2434.36923409277,0
2000,-2550503.3402985,7136041.83717365,0,-6829.40073454342,-2440.90628714556,0
2001,-2557331.57198126,7133597.66329124,0,-6827.06158865712,-2447.44110456031,0
2002,-2564157.4613915,7131146.95571173,0,-6824.71618983162,-2453.97368035174,0
2003,-2570981.00227733,7128689.71667974,0,-6822.36454021508,-2460.50400853663,0
2004,-2577802.18838905,7126225.94844586,0,-6820.00664196137,-2467.03208313384,0
2005,-2584621.01347909,7123755.65326666,0,-6817.64249723012,-2473.55789816425,0
2006,-2591437.47130207,7121278.83340471,0,-6815.27210818666,-2480.08144765084,0
2007,-2598251.55561475,7118795.49112853,0,-6812.89547700203,-2486.60272561867,0
2008,-2605063.26017609,7116305.62871264,0,-6810.512605853,-2493.12172609487,0
2009,-2611872.5787472,7113809.2484375,0,-6808.12349692206,-2499.63844310864,0
2010,-2618679.5050914,7111306.35258956,0,-6805.72815239741,-2506.15287069129,0
2011,-2625484.03297419,7108796.94346125,0,-6803.32657447295,-2512.66500287624,0
2012,-2632286.15616328,7106281.02335093,0,-6800.9187653483,-2519.17483369898,0
2013,-2639085.86842856,7103758.59456296,0,-6798.50472722878,-2525.68235719713,0
2014,-2645883.16354214,7101229.65940763,0,-6796.08446232542,-2532.18756741041,0
2015,-2652678.03527835,7098694.22020122,0,-6793.65797285496,-2538.69045838068,0
2016,-2659470.47741374,7096152.27926594,0,-6791.22526103983,-2545.1910241519,0
2017,-2666260.48372706,7093603.83892997,0,-6788.78632910816,-2551.68925877018,0
2018,-2673048.04799932,7091048.90152743,0,-6786.34117929378,-2558.18515628374,0
2019,-2679833.16401377,7088487.46939842,0,-6783.88981383621,-2564.67871074296,0
2020,-2686615.82555586,7085919.54488895,0,-6781.43223498068,-2571.16991620037,0
2021,-2693396.02641335,7083345.130351,0,-6778.96844497809,-2577.65876671064,0
2022,-2700173.76037619,7080764.22814249,0,-6776.49844608504,-2584.14525633059,0
2023,-2706949.02123664,7078176.84062728,0,-6774.02224056382,-2590.62937911923,0
2024,-2713721.8027892,7075582.97017517,0,-6771.53983068238,-2597.1111291377,0
2025,-2720492.09883064,7072982.61916191,0,-6769.05121871439,-2603.59050044935,0
2026,-2727259.90316002,7070375.78996915,0,-6766.55640693918,-2610.06748711969,0
2027,-2734025.20957868,7067762.48498453,0,-6764.05539764175,-2616.54208321641,0
2028,-2740788.01189023,7065142.70660156,0,-6761.54819311279,-2623.01428280939,0
2029,-2747548.30390059,7062516.45721972,0,-6759.03479564867,-2629.48407997072,0
2030,-2754306.07941798,7059883.7392444,0,-6756.51520755141,-2635.95146877469,0
2031,-2761061.33225292,7057244.55508693,0,-6753.98943112873,-2642.41644329777,0
2032,-2767814.05621824,7054598.90716454,0,-6751.45746869398,-2648.87899761866,0
2033,-2774564.24512908,7051946.7979004,0,-6748.91932256621,-2655.33912581828,0
2034,-2781311.89280291,7049288.22972358,0,-6746.37499507012,-2661.79682197977,0
2035,-2788056.99305954,7046623.20506909,0,-6743.82448853607,-2668.25208018849,0
2036,-2794799.53972108,7043951.72637783,0,-6741.26780530008,-2674.70489453203,0
2037,-2801539.52661202,7041273.79609662,0,-6738.70494770383,-2681.15525910024,0
2038,-2808276.94755915,7038589.41667819,0,-6736.13591809466,-2687.60316798519,0
2039,-2815011.79639165,7035898.59058118,0,-6733.56071882554,-2694.04861528121,0
2040,-2821744.06694104,7033201.32027012,0,-6730.97935225513,-2700.49159508489,0
2041,-2828473.75304118,7030497.60821547,0,-6728.3918207477,-2706.93210149507,0
2042,-2835200.84852834,7027787.45689356,0,-6725.79812667318,-2713.37012861285,0
2043,-2841925.34724113,7025070.86878664,0,-6723.19827240716,-2719.80567054161,0
2044,-2848647.24302055,7022347.84638284,0,-6720.59226033086,-2726.23872138702,0
2045,-2855366.52970999,7019618.39217619,0,-6717.98009283113,-2732.66927525701,0
2046,-2862083.20115521,7016882.50866662,0,-6715.36177230047,-2739.0973262618,0
2047,-2868797.25120438,7014140.19835992,0,-6712.73730113701,-2745.52286851391,0
2048,-2875508.67370807,7011391.4637678,0,-6710.10668174452,-2751.94589612815,0
2049,-2882217.46251926,7008636.30740784,0,-6707.46991653239,-2758.36640322164,0
2050,-2888923.61149333,7005874.73180349,0,-6704.82700791566,-2764.78438391381,0
2051,-2895627.1144881,7003106.7394841,0,-6702.17795831498,-2771.1998323264,0
2052,-2902327.96536378,7000332.33298489,0,-6699.52277015662,-2777.61274258346,0
2053,-2909026.15798303,6997551.51484695,0,-6696.86144587248,-2784.02310881138,0
2054,-2915721.68621096,6994764.28761724,0,-6694.19398790008,-2790.43092513888,0
2055,-2922414.54391509,6991970.65384859,0,-6691.52039868256,-2796.836185697,0
2056,-2929104.72496539,6989170.61609972,0,-6688.84068066868,-2803.23888461914,0
2057,-2935792.22323431,6986364.17693519,0,-6686.1548363128,-2809.63901604103,0
2058,-2942477.03259672,6983551.33892543,0,-6683.46286807489,-2816.03657410076,0
2059,-2949159.14692999,6980732.10464673,0,-6680.76477842056,-2822.43155293877,0
2060,-2955838.56011392,6977906.47668124,0,-6678.06056982098,-2828.82394669787,0
2061,-2962515.26603081,6975074.45761698,0,-6675.35024475296,-2835.21374952324,0
2062,-2969189.25856543,6972236.05004779,0,-6672.63380569889,-2841.60095556243,0
2063,-2975860.53160504,6969391.2565734,0,-6669.91125514679,-2847.98555896535,0
2064,-2982529.07903939,6966540.07979935,0,-6667.18259559024,-2854.36755388434,0
2065,-2989194.89476072,6963682.52233707,0,-6664.44782952843,-2860.74693447407,0
2066,-2995857.97266378,6960818.5868038,0,-6661.70695946616,-2867.12369489165,0
2067,-3002518.30664582,6957948.27582262,0,-6658.9599879138,-2873.49782929657,0
2068,-3009175.89060661,6955071.59202249,0,-6656.20691738731,-2879.86933185072,0
2069,-3015830.71844844,6952188.53803815,0,-6653.44775040825,-2886.23819671843,0
2070,-3022482.78407612,6949299.11651022,0,-6650.68248950374,-2892.60441806641,0
2071,-3029132.08139698,6946403.33008514,0,-6647.91113720651,-2898.96799006381,0
2072,-3035778.60432091,6943501.18141516,0,-6645.13369605486,-2905.3289068822,0
2073,-3042422.34676032,6940592.67315837,0,-6642.35016859264,-2911.6871626956,0
2074,-3049063.30263018,6937677.80797871,0,-6639.56055736931,-2918.04275168043,0
2075,-3055701.46584799,6934756.5885459,0,-6636.76486493989,-2924.39566801559,0
2076,-3062336.83033384,6931829.0175355,0,-6633.96309386497,-2930.74590588241,0
2077,-3068969.39001036,6928895.09762889,0,-6631.1552467107,-2937.09345946467,0
2078,-3075599.13880276,6925954.83151327,0,-6628.3413260488,-2943.43832294863,0
2079,-3082226.07063882,6923008.22188163,0,-6625.52133445656,-2949.78049052298,0
2080,-3088850.17944889,6920055.2714328,0,-6622.69527451682,-2956.1199563789,0
2081,-3095471.45916593,6917095.98287138,0,-6619.86314881798,-2962.45671471005,0
2082,-3102089.90372547,6914130.35890782,0,-6617.02495995401,-2968.79075971257,0
2083,-3108705.50706565,6911158.40225833,0,-6614.1807105244,-2975.12208558506,0
2084,-3115318.2631272,6908180.11564496,0,-6611.33040313423,-2981.45068652863,0
2085,-3121928.16585347,6905195.50179552,0,-6608.4740403941,-2987.77655674689,0
2086,-3128535.20919041,6902204.56344364,0,-6605.61162492018,-2994.09969044594,0
2087,-3135139.38708661,6899207.30332873,0,-6602.74315933415,-3000.42008183439,0
2088,-3141740.69349325,6896203.724196,0,-6599.86864626327,-3006.73772512337,0
2089,-3148339.12236418,6893193.82879645,0,-6596.98808834031,-3013.05261452652,0
2090,-3154934.66765586,6890177.61988684,0,-6594.1014882036,-3019.36474425999,0
2091,-3161527.3233274,6887155.10022974,0,-6591.20884849697,-3025.67410854247,0
2092,-3168117.08334055,6884126.2725935,0,-6588.31017186982,-3031.9807015952,0
2093,-3174703.94165972,6881091.13975222,0,-6585.40546097706,-3038.28451764192,0
2094,-3181287.89225197,6878049.70448581,0,-6582.49471847912,-3044.58555090894,0
2095,-3187868.92908703,6875001.96957992,0,-6579.57794704197,-3050.88379562513,0
2096,-3194447.04613729,6871947.937826,0,-6576.6551493371,-3057.17924602187,0
2097,-3201022.23737784,6868887.61202124,0,-6573.72632804151,-3063.47189633314,0
2098,-3207594.49678641,6865820.99496861,0,-6570.79148583772,-3069.76174079547,0
2099,-3214163.81834344,6862748.08947685,0,-6567.85062541376,-3076.04877364796,0
2100,-3220730.19603206,6859668.89836044,0,-6564.9037494632,-3082.33298913228,0
2101,-3227293.62383809,6856583.42443963,0,-6561.95086068507,-3088.6143814927,0
2102,-3233854.09575005,6853491.67054041,0,-6558.99196178396,-3094.89294497605,0
2103,-3240411.60575919,6850393.63949455,0,-6556.02705546992,-3101.16867383176,0
2104,-3246966.14785943,6847289.33413954,0,-6553.05614445854,-3107.44156231187,0
2105,-3253517.71604744,6844178.75731864,0,-6550.07923147088,-3113.71160467101,0
2106,-3260066.30432262,6841061.91188082,0,-6547.09631923352,-3119.97879516641,0
2107,-3266611.90668707,6837938.80068084,0,-6544.10741047851,-3126.24312805792,0
2108,-3273154.51714565,6834809.42657915,0,-6541.11250794341,-3132.50459760801,0
2109,-3279694.12970595,6831673.79244198,0,-6538.11161437128,-3138.76319808177,0
2110,-3286230.7383783,6828531.90114126,0,-6535.10473251063,-3145.01892374692,0
2111,-3292764.33717579,6825383.75555467,0,-6532.0918651155,-3151.2717688738,0
2112,-3299294.92011427,6822229.3585656,0,-6529.07301494537,-3157.52172773541,0
2113,-3305822.48121234,6819068.71306319,0,-6526.04818476524,-3163.76879460738,0
2114,-3312347.01449139,6815901.82194229,0,-6523.01737734555,-3170.01296376798,0
2115,-3318868.51397555,6812728.68810347,0,-6519.98059546224,-3176.25422949816,0
2116,-3325386.97369175,6809549.31445301,0,-6516.93784189672,-3182.4925860815,0
2117,-3331902.38766971,6806363.70390292,0,-6513.88911943584,-3188.72802780426,0
2118,-3338414.74994192,6803171.85937092,0,-6510.83443087196,-3194.96054895538,0
2119,-3344924.05454368,6799973.78378044,0,-6507.77377900288,-3201.19014382646,0
2120,-3351430.29551309,6796769.4800606,0,-6504.70716663187,-3207.41680671178,0
2121,-3357933.46689105,6793558.95114624,0,-6501.63459656764,-3213.6405319083,0
2122,-3364433.56272127,6790342.19997791,0,-6498.55607162438,-3219.8613137157,0
2123,-3370930.57705028,6787119.22950184,0,-6495.47159462174,-3226.07914643632,0
2124,-3377424.50392743,6783890.04266997,0,-6492.38116838479,-3232.29402437522,0
2125,-3383915.33740491,6780654.64243992,0,-6489.28479574407,-3238.50594184016,0
2126,-3390403.07153773,6777413.03177501,0,-6486.18247953556,-3244.71489314162,0
2127,-3396887.70038374,6774165.21364425,0,-6483.0742226007,-3250.92087259279,0
2128,-3403369.21800364,6770911.19102233,0,-6479.96002778635,-3257.12387450958,0
2129,-3409847.61846097,6767650.96688964,0,-6476.83989794481,-3263.32389321063,0
2130,-3416322.89582214,6764384.54423221,0,-6473.71383593383,-3269.52092301732,0
2131,-3422795.0441564,6761111.92604179,0,-6470.58184461658,-3275.71495825375,0
2132,-3429264.05753589,6757833.11531578,0,-6467.44392686168,-3281.90599324678,0
2133,-3435729.93003561,6754548.11505727,0,-6464.30008554315,-3288.09402232601,0
2134,-3442192.65573342,6751256.92827499,0,-6461.15032354045,-3294.27903982378,0
2135,-3448652.22871009,6747959.55798337,0,-6457.99464373847,-3300.46104007522,0
2136,-3455108.64304926,6744656.00720248,0,-6454.8330490275,-3306.6400174182,0
2137,-3461561.89283747,6741346.27895806,0,-6451.66554230328,-3312.81596619337,0
2138,-3468011.97216416,6738030.3762815,0,-6448.49212646693,-3318.98888074413,0
2139,-3474458.87512167,6734708.30220986,0,-6445.312804425,-3325.1587554167,0
2140,-3480902.59580525,6731380.05978584,0,-6442.12757908945,-3331.32558456004,0
2141,-3487343.12831306,6728045.6520578,0,-6438.93645337763,-3337.48936252594,0
2142,-3493780.46674618,6724705.08207973,0,-6435.73943021233,-3343.65008366895,0
2143,-3500214.60520864,6721358.35291128,0,-6432.53651252171,-3349.80774234645,0
2144,-3506645.53780736,6718005.46761774,0,-6429.32770323933,-3355.9623329186,0
2145,-3513073.25865223,6714646.42927003,0,-6426.11300530416,-3362.11384974838,0
2146,-3519497.76185607,6711281.2409447,0,-6422.89242166056,-3368.26228720159,0
2147,-3525919.04153463,6707909.90572396,0,-6419.66595525828,-3374.40763964684,0
2148,-3532337.09180665,6704532.42669562,0,-6416.43360905245,-3380.54990145558,0
2149,-3538751.90679379,6701148.80695314,0,-6413.19538600359,-3386.68906700208,0
2150,-3545163.4806207,6697759.04959558,0,-6409.95128907761,-3392.82513066345,0
2151,-3551571.80741498,6694363.15772765,0,-6406.7013212458,-3398.95808681962,0
2152,-3557976.88130721,6690961.13445965,0,-6403.44548548481,-3405.08792985342,0
2153,-3564378.69643096,6687552.98290752,0,-6400.18378477668,-3411.21465415046,0
2154,-3570777.24692278,6684138.7061928,0,-6396.91622210881,-3417.33825409927,0
2155,-3577172.52692219,6680718.30744264,0,-6393.642800474,-3423.45872409121,0
2156,-3583564.53057174,6677291.7897898,0,-6390.36352287037,-3429.5760585205,0
2157,-3589953.25201694,6673859.15637265,0,-6387.07839230143,-3435.69025178425,0
2158,-3596338.68540635,6670420.41033516,0,-6383.78741177606,-3441.80129828244,0
2159,-3602720.82489152,6666975.55482688,0,-6380.49058430847,-3447.90919241794,0
2160,-3609099.664627,6663524.59300297,0,-6377.18791291825,-3454.01392859648,0
2161,-3615475.19877039,6660067.5280242,0,-6373.87940063033,-3460.11550122673,0
2162,-3621847.4214823,6656604.3630569,0,-6370.565050475,-3466.21390472021,0
2163,-3628216.32692639,6653135.101273,0,-6367.24486548787,-3472.30913349136,0
2164,-3634581.90926935,6649659.74585002,0,-6363.91884870993,-3478.40118195754,0
2165,-3640944.1626809,6646178.29997104,0,-6360.58700318749,-3484.49004453902,0
2166,-3647303.08133382,6642690.76682476,0,-6357.24933197221,-3490.57571565896,0
2167,-3653658.65940396,6639197.14960541,0,-6353.90583812107,-3496.65818974348,0
2168,-3660010.89107021,6635697.45151281,0,-6350.5565246964,-3502.73746122161,0
2169,-3666359.77051452,6632191.67575235,0,-6347.20139476585,-3508.81352452531,0
2170,-3672705.29192193,6628679.825535,0,-6343.84045140239,-3514.88637408948,0
2171,-3679047.44948054,6625161.90407728,0,-6340.47369768434,-3520.95600435198,0
2172,-3685386.23738154,6621637.91460125,0,-6337.10113669532,-3527.0224097536,0
2173,-3691721.6498192,6618107.86033457,0,-6333.72277152427,-3533.08558473809,0
2174,-3698053.68099089,6614571.74451043,0,-6330.33860526546,-3539.14552375215,0
2175,-3704382.32509707,6611029.57036758,0,-6326.94864101847,-3545.20222124547,0
2176,-3710707.5763413,6607481.3411503,0,-6323.55288188816,-3551.25567167067,0
2177,-3717029.42893026,6603927.06010844,0,-6320.15133098475,-3557.30586948338,0
2178,-3723347.87707372,6600366.73049738,0,-6316.74399142372,-3563.3528091422,0
2179,-3729662.91498459,6596800.35557805,0,-6313.33086632587,-3569.39648510868,0
2180,-3735974.5368789,6593227.93861691,0,-6309.91195881731,-3575.43689184742,0
2181,-3742282.7369758,6589649.48288594,0,-6306.48727202942,-3581.47402382596,0
2182,-3748587.50949758,6586064.99166269,0,-6303.0568090989,-3587.50787551487,0
2183,-3754888.84866966,6582474.46823019,0,-6299.62057316772,-3593.53844138771,0
2184,-3761186.74872063,6578877.91587702,0,-6296.17856738315,-3599.56571592107,0
2185,-3767481.2038822,6575275.3378973,0,-6292.73079489773,-3605.58969359452,0
2186,-3773772.20838924,6571666.73759063,0,-6289.2772588693,-3611.61036889068,0
2187,-3780059.75647981,6568052.11826215,0,-6285.81796246097,-3617.62773629519,0
2188,-3786343.84239509,6564431.48322251,0,-6282.35290884113,-3623.6417902967,0
2189,-3792624.46037948,6560804.83578786,0,-6278.88210118343,-3629.65252538691,0
2190,-3798901.60468051,6557172.17927987,0,-6275.40554266681,-3635.65993606057,0
2191,-3805175.26954892,6553533.51702571,0,-6271.92323647546,-3641.66401681545,0
2192,-3811445.44923863,6549888.85235805,0,-6268.43518579885,-3647.66476215239,0
2193,-3817712.13800675,6546238.18861504,0,-6264.94139383169,-3653.66216657528,0
2194,-3823975.3301136,6542581.52914037,0,-6261.44186377396,-3659.65622459106,0
2195,-3830235.01982267,6538918.87728316,0,-6257.93659883092,-3665.64693070975,0
2196,-3836491.2014007,6535250.23639807,0,-6254.42560221303,-3671.63427944443,0
2197,-3842743.86911761,6531575.60984523,0,-6250.90887713605,-3677.61826531125,0
2198,-3848993.01724656,6527895.00099023,0,-6247.38642682096,-3683.59888282947,0
2199,-3855238.64006392,6524208.41320418,0,-6243.85825449399,-3689.57612652139,0
2200,-3861480.73184929,6520515.84986363,0,-6240.3243633866,-3695.54999091243,0
2201,-3867719.28688551,6516817.31435061,0,-6236.78475673551,-3701.52047053111,0
2202,-3873954.29945866,6513112.81005264,0,-6233.23943778266,-3707.48755990902,0
2203,-3880185.76385805,6509402.3403627,0,-6229.68840977523,-3713.45125358089,0
2204,-3886413.67437627,6505685.9086792,0,-6226.13167596561,-3719.41154608453,0
2205,-3892638.02530914,6501963.51840607,0,-6222.56923961144,-3725.36843196089,0
2206,-3898858.81095573,6498235.17295264,0,-6219.00110397558,-3731.32190575402,0
2207,-3905076.02561842,6494500.87573374,0,-6215.42727232608,-3737.27196201111,0
2208,-3911289.66360281,6490760.63016962,0,-6211.84774793626,-3743.21859528248,0
2209,-3917499.7192178,6487014.43968598,0,-6208.2625340846,-3749.16180012156,0
2210,-3923706.18677558,6483262.307714,0,-6204.67163405482,-3755.10157108496,0
2211,-3929909.06059162,6479504.23769025,0,-6201.07505113585,-3761.0379027324,0
2212,-3936108.33498466,6475740.23305678,0,-6197.47278862182,-3766.97078962678,0
2213,-3942304.00427676,6471970.29726106,0,-6193.86484981205,-3772.90022633412,0
2214,-3948496.06279328,6468194.43375599,0,-6190.25123801107,-3778.82620742364,0
2215,-3954684.50486289,6464412.6459999,0,-6186.63195652861,-3784.74872746769,0
2216,-3960869.32481755,6460624.93745654,0,-6183.00700867959,-3790.66778104181,0
2217,-3967050.51699257,6456831.31159511,0,-6179.3763977841,-3796.58336272471,0
2218,-3973228.07572655,6453031.7718902,0,-6175.74012716746,-3802.49546709828,0
2219,-3979401.99536144,6449226.32182182,0,-6172.09820016013,-3808.40408874759,0
2220,-3985572.27024251,6445414.96487541,0,-6168.45062009778,-3814.30922226091,0
2221,-3991738.89471839,6441597.70454182,0,-6164.79739032123,-3820.2108622297,0
2222,-3997901.86314103,6437774.54431727,0,-6161.13851417651,-3826.10900324862,0
2223,-4004061.16986574,6433945.48770344,0,-6157.47399501479,-3832.00363991553,0
2224,-4010216.80925118,6430110.53820736,0,-6153.80383619243,-3837.8947668315,0
2225,-4016368.77565936,6426269.69934149,0,-6150.12804107094,-3843.78237860083,0
2226,-4022517.06345567,6422422.97462367,0,-6146.446613017,-3849.66646983101,0
2227,-4028661.66700887,6418570.36757714,0,-6142.75955540245,-3855.54703513278,0
2228,-4034802.58069108,6414711.88173051,0,-6139.06687160428,-3861.42406912011,0
2229,-4040939.79887781,6410847.5206178,0,-6135.36856500464,-3867.29756641019,0
2230,-4047073.31594796,6406977.28777838,0,-6131.66463899083,-3873.16752162345,0
2231,-4053203.12628379,6403101.18675703,0,-6127.95509695529,-3879.03392938357,0
2232,-4059329.22427099,6399219.22110389,0,-6124.23994229561,-3884.89678431748,0
2233,-4065451.60429864,6395331.39437446,0,-6120.51917841452,-3890.75608105537,0
2234,-4071570.26075922,6391437.71012963,0,-6116.79280871988,-3896.61181423067,0
2235,-4077685.18804861,6387538.17193564,0,-6113.0608366247,-3902.46397848009,0
2236,-4083796.38056614,6383632.7833641,0,-6109.3232655471,-3908.31256844361,0
2237,-4089903.83271452,6379721.54799197,0,-6105.58009891034,-3914.15757876447,0
2238,-4096007.53889991,6375804.46940157,0,-6101.83134014281,-3919.99900408919,0
2239,-4102107.49353191,6371881.55118057,0,-6098.07699267802,-3925.8368390676,0
2240,-4108203.69102352,6367952.796922,0,-6094.3170599546,-3931.67107835278,0
2241,-4114296.12579121,6364018.21022421,0,-6090.55154541627,-3937.50171660113,0
2242,-4120384.79225489,6360077.79469092,0,-6086.7804525119,-3943.32874847233,0
2243,-4126469.68483793,6356131.55393117,0,-6083.00378469544,-3949.15216862939,0
2244,-4132550.79796713,6352179.49155935,0,-6079.22154542598,-3954.9719717386,0
2245,-4138628.12607278,6348221.61119516,0,-6075.43373816767,-3960.78815246957,0
2246,-4144701.66358863,6344257.91646364,0,-6071.64036638979,-3966.60070549525,0
2247,-4150771.40495188,6340288.41099518,0,-6067.84143356671,-3972.40962549187,0
2248,-4156837.34460324,6336313.09842544,0,-6064.03694317788,-3978.21490713902,0
2249,-4162899.47698688,6332331.98239545,0,-6060.22689870787,-3984.01654511963,0
2250,-4168957.79655046,6328345.06655153,0,-6056.4113036463,-3989.81453411993,0
2251,-4175012.29774514,6324352.35454531,0,-6052.59016148791,-3995.60886882952,0
2252,-4181062.97502557,6320353.85003374,0,-6048.76347573248,-4001.39954394134,0
2253,-4187109.8228499,6316349.55667906,0,-6044.93124988491,-4007.18655415169,0
2254,-4193152.83567981,6312339.47814884,0,-6041.09348745515,-4012.96989416022,0
2255,-4199192.00798046,6308323.61811591,0,-6037.25019195823,-4018.74955866992,0
2256,-4205227.33422054,6304301.98025843,0,-6033.40136691422,-4024.52554238719,0
2257,-4211258.80887228,6300274.56825983,0,-6029.54701584831,-4030.29784002176,0
2258,-4217286.42641141,6296241.38580884,0,-6025.68714229069,-4036.06644628677,0
2259,-4223310.18131721,6292202.43659947,0,-6021.82174977666,-4041.83135589872,0
2260,-4229330.06807249,6288157.72433102,0,-6017.95084184654,-4047.59256357749,0
2261,-4235346.08116361,6284107.25270806,0,-6014.07442204572,-4053.35006404638,0
2262,-4241358.21508048,6280051.02544042,0,-6010.19249392462,-4059.10385203205,0
2263,-4247366.46431654,6275989.04624324,0,-6006.30506103873,-4064.85392226459,0
2264,-4253370.82336882,6271921.3188369,0,-6002.41212694856,-4070.60026947748,0
2265,-4259371.28673789,6267847.84694705,0,-5998.51369521968,-4076.34288840761,0
2266,-4265367.8489279,6263768.6343046,0,-5994.60976942266,-4082.08177379529,0
2267,-4271360.50444657,6259683.68464572,0,-5990.70035313315,-4087.81692038424,0
2268,-4277349.2478052,6255593.00171185,0,-5986.78544993179,-4093.54832292161,0
2269,-4283334.07351866,6251496.58924965,0,-5982.86506340426,-4099.27597615799,0
2270,-4289314.97610543,6247394.45101105,0,-5978.93919714126,-4104.99987484739,0
2271,-4295291.95008756,6243286.59075322,0,-5975.00785473852,-4110.72001374726,0
2272,-4301264.98999073,6239173.01223856,0,-5971.07103979677,-4116.43638761851,0
2273,-4307234.09034418,6235053.71923473,0,-5967.12875592175,-4122.14899122546,0
2274,-4313199.24568079,6230928.71551461,0,-5963.18100672422,-4127.85781933594,0
2275,-4319160.45053706,6226798.0048563,0,-5959.22779581995,-4133.56286672117,0
2276,-4325117.69945307,6222661.59104315,0,-5955.26912682971,-4139.2641281559,0
2277,-4331070.98697256,6218519.47786372,0,-5951.30500337925,-4144.96159841831,0
2278,-4337020.30764289,6214371.66911178,0,-5947.33542909934,-4150.65527229005,0
2279,-4342965.65601503,6210218.16858634,0,-5943.36040762572,-4156.34514455625,0
2280,-4348907.02664362,6206058.98009161,0,-5939.37994259915,-4162.03121000555,0
2281,-4354844.41408693,6201894.107437,0,-5935.39403766534,-4167.71346343004,0
2282,-4360777.81290687,6197723.55443715,0,-5931.40269647502,-4173.39189962532,0
2283,-4366707.21766901,6193547.32491189,0,-5927.40592268386,-4179.06651339048,0
2284,-4372632.62294259,6189365.42268625,0,-5923.40371995253,-4184.73729952812,0
2285,-4378554.02330049,6185177.85159045,0,-5919.39609194667,-4190.40425284433,0
2286,-4384471.41331928,6180984.6154599,0,-5915.38304233689,-4196.06736814872,0
2287,-4390384.78757919,6176785.71813521,0,-5911.36457479875,-4201.72664025442,0
2288,-4396294.14066413,6172581.16346218,0,-5907.34069301279,-4207.38206397808,0
2289,-4402199.46716169,6168370.95529178,0,-5903.31140066451,-4213.03363413986,0
2290,-4408100.76166316,6164155.09748015,0,-5899.27670144435,-4218.68134556347,0
2291,-4413998.01876352,6159933.59388862,0,-5895.23659904772,-4224.32519307613,0
2292,-4419891.23306143,6155706.44838369,0,-5891.19109717495,-4229.96517150861,0
2293,-4425780.39915928,6151473.66483702,0,-5887.14019953136,-4235.60127569525,0
2294,-4431665.51166314,6147235.24712544,0,-5883.08390982717,-4241.23350047389,0
2295,-4437546.56518282,6142991.19913093,0,-5879.02223177756,-4246.86184068596,0
2296,-4443423.55433182,6138741.52474064,0,-5874.95516910264,-4252.48629117643,0
2297,-4449296.47372739,6134486.22784687,0,-5870.88272552746,-4258.10684679384,0
2298,-4455165.31799049,6130225.31234706,0,-5866.80490478199,-4263.72350239029,0
2299,-4461030.08174581,6125958.78214381,0,-5862.72171060111,-4269.33625282148,0
2300,-4466890.75962179,6121686.64114485,0,-5858.63314672465,-4274.94509294663,0
2301,-4472747.34625061,6117408.89326306,0,-5854.53921689735,-4280.55001762861,0
2302,-4478599.83626818,6113125.54241645,0,-5850.43992486886,-4286.15102173382,0
2303,-4484448.2243142,6108836.59252816,0,-5846.33527439373,-4291.74810013227,0
2304,-4490292.50503208,6104542.04752646,0,-5842.22526923143,-4297.34124769759,0
2305,-4496132.67306902,6100241.91134475,0,-5838.10991314635,-4302.93045930697,0
2306,-4501968.72307598,6095936.18792154,0,-5833.98920990775,-4308.51572984123,0
2307,-4507800.64970771,6091624.88120047,0,-5829.86316328981,-4314.09705418479,0
2308,-4513628.4476227,6087307.99513027,0,-5825.73177707159,-4319.67442722569,0
2309,-4519452.11148325,6082985.53366482,0,-5821.59505503706,-4325.24784385559,0
2310,-4525271.63595543,6078657.50076307,0,-5817.45300097505,-4330.81729896977,0
2311,-4531087.01570912,6074323.90038908,0,-5813.30561867929,-4336.38278746713,0
2312,-4536898.24541798,6069984.73651204,0,-5809.15291194839,-4341.94430425022,0
2313,-4542705.31975947,6065640.01310619,0,-5804.99488458583,-4347.50184422522,0
2314,-4548508.23341487,6061289.73415089,0,-5800.83154039998,-4353.05540230194,0
2315,-4554306.98106927,6056933.90363058,0,-5796.66288320406,-4358.60497339387,0
2316,-4560101.55741155,6052572.52553479,0,-5792.48891681616,-4364.15055241811,0
2317,-4565891.95713444,6048205.60385813,0,-5788.30964505924,-4369.69213429545,0
2318,-4571678.17493449,6043833.14260027,0,-5784.12507176111,-4375.22971395033,0
2319,-4577460.20551206,6039455.14576599,0,-5779.93520075445,-4380.76328631084,0
2320,-4583238.04357138,6035071.61736511,0,-5775.74003587678,-4386.29284630876,0
2321,-4589011.68382047,6030682.56141252,0,-5771.53958097048,-4391.81838887954,0
2322,-4594781.12097126,6026287.98192818,0,-5767.33383988275,-4397.33990896232,0
2323,-4600546.34973946,6021887.88293711,0,-5763.12281646565,-4402.85740149989,0
2324,-4606307.3648447,6017482.26846938,0,-5758.9065145761,-4408.37086143876,0
2325,-4612064.16101041,6013071.14256011,0,-5754.68493807581,-4413.88028372914,0
2326,-4617816.73296393,6008654.50924948,0,-5750.45809083135,-4419.3856633249,0
2327,-4623565.07543645,6004232.37258271,0,-5746.22597671411,-4424.88699518365,0
2328,-4629309.18316303,5999804.73661004,0,-5741.9885996003,-4430.38427426669,0
2329,-4635049.05088261,5995371.60538678,0,-5737.74596337096,-4435.87749553903,0
2330,-4640784.67333803,5990932.98297324,0,-5733.49807191194,-4441.36665396941,0
2331,-4646516.04527599,5986488.8734348,0,-5729.2449291139,-4446.85174453029,0
2332,-4652243.16144711,5982039.28084181,0,-5724.98653887232,-4452.33276219783,0
2333,-4657966.01660589,5977584.2092697,0,-5720.72290508748,-4457.80970195194,0
2334,-4663684.60551073,5973123.66279889,0,-5716.45403166446,-4463.28255877628,0
2335,-4669398.92292397,5968657.6455148,0,-5712.17992251314,-4468.75132765822,0
2336,-4675108.96361182,5964186.16150789,0,-5707.90058154821,-4474.21600358889,0
2337,-4680814.72234444,5959709.21487361,0,-5703.61601268913,-4479.67658156318,0
2338,-4686516.19389588,5955226.80971241,0,-5699.32621986015,-4485.1330565797,0
2339,-4692213.37304414,5950738.95012977,0,-5695.03120699033,-4490.58542364085,0
2340,-4697906.25457116,5946245.64023612,0,-5690.73097801348,-4496.03367775277,0
2341,-4703594.83326278,5941746.88414691,0,-5686.4255368682,-4501.47781392539,0
2342,-4709279.10390882,5937242.68598257,0,-5682.11488749788,-4506.9178271724,0
2343,-4714959.06130302,5932733.04986853,0,-5677.79903385065,-4512.35371251125,0
2344,-4720634.70024308,5928217.97993518,0,-5673.47797987942,-4517.78546496319,0
2345,-4726306.01553065,5923697.48031789,0,-5669.15172954188,-4523.21307955326,0
2346,-4731973.00197136,5919171.55515702,0,-5664.82028680045,-4528.63655131028,0
2347,-4737635.65437477,5914640.20859787,0,-5660.48365562232,-4534.05587526686,0
2348,-4743293.96755445,5910103.44479074,0,-5656.14183997944,-4539.47104645942,0
2349,-4748947.9363279,5905561.26789086,0,-5651.7948438485,-4544.88205992817,0
2350,-4754597.55551664,5901013.68205844,0,-5647.44267121093,-4550.28891071714,0
2351,-4760242.81994615,5896460.69145864,0,-5643.0853260529,-4555.69159387418,0
2352,-4765883.7244459,5891902.30026156,0,-5638.72281236534,-4561.09010445093,0
2353,-4771520.26384937,5887338.51264225,0,-5634.35513414388,-4566.48443750287,0
2354,-4777152.43299401,5882769.3327807,0,-5629.98229538891,-4571.87458808931,0
2355,-4782780.22672131,5878194.76486187,0,-5625.60430010554,-4577.26055127338,0
2356,-4788403.63987672,5873614.8130756,0,-5621.22115230358,-4582.64232212206,0
2357,-4794022.66730974,5869029.48161671,0,-5616.83285599759,-4588.01989570614,0
2358,-4799637.30387389,5864438.77468492,0,-5612.43941520682,-4593.3932671003,0
2359,-4805247.54442667,5859842.69648488,0,-5608.04083395526,-4598.76243138302,0
2360,-4810853.38382965,5855241.25122616,0,-5603.63711627158,-4604.12738363666,0
2361,-4816454.81694841,5850634.44312325,0,-5599.22826618917,-4609.48811894745,0
2362,-4822051.83865258,5846022.27639555,0,-5594.81428774611,-4614.84463240545,0
2363,-4827644.4438158,5841404.75526736,0,-5590.3951849852,-4620.1969191046,0
2364,-4833232.62731579,5836781.8839679,0,-5585.97096195391,-4625.54497414273,0
2365,-4838816.3840343,5832153.66673127,0,-5581.54162270441,-4630.88879262152,0
2366,-4844395.70885715,5827520.10779647,0,-5577.10717129355,-4636.22836964655,0
2367,-4849970.59667419,5822881.21140742,0,-5572.66761178286,-4641.56370032726,0
2368,-4855541.04237937,5818236.9818129,0,-5568.22294823857,-4646.89477977701,0
2369,-4861107.04087068,5813587.42326657,0,-5563.77318473156,-4652.22160311302,0
2370,-4866668.5870502,5808932.540027,0,-5559.31832533739,-4657.54416545644,0
2371,-4872225.67582408,5804272.33635761,0,-5554.85837413628,-4662.86246193231,0
2372,-4877778.30210257,5799606.81652672,0,-5550.39333521314,-4668.17648766957,0
2373,-4883326.46079997,5794935.98480748,0,-5545.92321265751,-4673.48623780108,0
2374,-4888870.1468347,5790259.84547794,0,-5541.44801056359,-4678.79170746361,0
2375,-4894409.35512928,5785578.40282099,0,-5536.96773303025,-4684.09289179787,0
2376,-4899944.08061032,5780891.6611244,0,-5532.482384161,-4689.38978594845,0
2377,-4905474.31820853,5776199.62468078,0,-5527.99196806398,-4694.68238506393,0
2378,-4911000.06285874,5771502.29778757,0,-5523.496488852,-4699.97068429677,0
2379,-4916521.3094999,5766799.68474709,0,-5518.99595064248,-4705.25467880341,0
2380,-4922038.05307507,5762091.78986649,0,-5514.49035755749,-4710.53436374419,0
2381,-4927550.28853143,5757378.61745774,0,-5509.97971372373,-4715.80973428344,0
2382,-4933058.01082031,5752660.17183766,0,-5505.46402327251,-4721.08078558941,0
2383,-4938561.21489715,5747936.45732791,0,-5500.94329033978,-4726.34751283433,0
2384,-4944059.89572154,5743207.47825496,0,-5496.41751906609,-4731.60991119437,0
2385,-4949554.04825722,5738473.23895009,0,-5491.88671359663,-4736.86797584968,0
2386,-4955043.66747205,5733733.74374943,0,-5487.35087808119,-4742.12170198436,0
2387,-4960528.74833808,5728988.9969939,0,-5482.81001667415,-4747.37108478651,0
2388,-4966009.28583149,5724239.00302924,0,-5478.26413353451,-4752.61611944819,0
2389,-4971485.27493263,5719483.76620599,0,-5473.71323282588,-4757.85680116545,0
2390,-4976956.71062601,5714723.29087949,0,-5469.15731871644,-4763.09312513832,0
2391,-4982423.58790032,5709957.58140989,0,-5464.59639537897,-4768.32508657083,0
2392,-4987885.90174841,5705186.64216212,0,-5460.03046699085,-4773.55268067099,0
2393,-4993343.64716734,5700410.47750592,0,-5455.45953773404,-4778.77590265082,0
2394,-4998796.81915832,5695629.09181579,0,-5450.88361179507,-4783.99474772637,0
2395,-5004245.41272677,5690842.48947103,0,-5446.30269336505,-4789.20921111764,0
2396,-5009689.42288229,5686050.67485571,0,-5441.71678663967,-4794.41928804871,0
2397,-5015128.84463868,5681253.65235868,0,-5437.12589581919,-4799.62497374762,0
2398,-5020563.67301396,5676451.42637355,0,-5432.53002510842,-4804.82626344647,0
2399,-5025993.90303034,5671644.0012987,0,-5427.92917871675,-4810.02315238137,0
2400,-5031419.52971424,5666831.38153729,0,-5423.32336085811,-4815.21563579246,0
2401,-5036840.5480963,5662013.57149721,0,-5418.71257575099,-4820.40370892393,0
2402,-5042256.9532114,5657190.57559112,0,-5414.09682761844,-4825.58736702399,0
2403,-5047668.74009861,5652362.39823642,0,-5409.47612068804,-4830.7666053449,0
2404,-5053075.90380125,5647529.04385527,0,-5404.85045919191,-4835.94141914297,0
2405,-5058478.43936688,5642690.51687456,0,-5400.21984736673,-4841.11180367857,0
2406,-5063876.34184729,5637846.82172592,0,-5395.5842894537,-4846.27775421611,0
2407,-5069269.60629851,5632997.9628457,0,-5390.94378969854,-4851.43926602408,0
2408,-5074658.22778082,5628143.94467502,0,-5386.29835235151,-4856.59633437503,0
2409,-5080042.20135877,5623284.77165968,0,-5381.64798166739,-4861.74895454556,0
2410,-5085421.52210113,5618420.44825023,0,-5376.99268190548,-4866.89712181636,0
2411,-5090796.18508097,5613550.97890192,0,-5372.33245732959,-4872.04083147222,0
2412,-5096166.18537561,5608676.36807473,0,-5367.66731220805,-4877.18007880197,0
2413,-5101531.51806663,5603796.62023333,0,-5362.99725081367,-4882.31485909856,0
2414,-5106892.1782399,5598911.73984711,0,-5358.3222774238,-4887.44516765901,0
2415,-5112248.16098557,5594021.73139015,0,-5353.64239632026,-4892.57099978445,0
2416,-5117599.46139807,5589126.59934125,0,-5348.95761178938,-4897.69235078011,0
2417,-5122946.07457611,5584226.34818387,0,-5344.26792812199,-4902.80921595531,0
2418,-5128287.9956227,5579320.98240617,0,-5339.57334961337,-4907.92159062349,0
2419,-5133625.21964515,5574410.50650102,0,-5334.87388056332,-4913.02947010221,0
2420,-5138957.74175508,5569494.92496593,0,-5330.16952527611,-4918.13284971313,0
2421,-5144285.5570684,5564574.24230311,0,-5325.46028806048,-4923.23172478204,0
2422,-5149608.66070533,5559648.46301943,0,-5320.74617322964,-4928.32609063886,0
2423,-5154927.04779042,5554717.59162645,0,-5316.02718510127,-4933.41594261763,0
2424,-5160240.71345254,5549781.63264038,0,-5311.30332799753,-4938.50127605653,0
2425,-5165549.65282487,5544840.59058207,0,-5306.574606245,-4943.58208629788,0
2426,-5170853.86104492,5539894.46997707,0,-5301.84102417475,-4948.65836868814,0
2427,-5176153.33325456,5534943.27535553,0,-5297.10258612229,-4953.73011857793,0
2428,-5181448.06459995,5529987.01125229,0,-5292.35929642759,-4958.79733132198,0
2429,-5186738.05023164,5525025.68220682,0,-5287.61115943504,-4963.86000227924,0
2430,-5192023.28530451,5520059.29276321,0,-5282.85817949348,-4968.91812681276,0
2431,-5197303.76497777,5515087.84747021,0,-5278.10036095619,-4973.97170028979,0
2432,-5202579.48441501,5510111.35088119,0,-5273.33770818089,-4979.02071808173,0
2433,-5207850.43878417,5505129.80755415,0,-5268.57022552971,-4984.06517556416,0
2434,-5213116.62325756,5500143.22205171,0,-5263.7979173692,-4989.10506811685,0
2435,-5218378.03301186,5495151.5989411,0,-5259.02078807035,-4994.14039112372,0
2436,-5223634.66322812,5490154.94279418,0,-5254.23884200857,-4999.17113997291,0
2437,-5228886.50909175,5485153.25818741,0,-5249.45208356364,-5004.19731005672,0
2438,-5234133.56579258,5480146.54970185,0,-5244.66051711979,-5009.21889677166,0
2439,-5239375.82852479,5475134.82192319,0,-5239.86414706565,-5014.23589551844,0
2440,-5244613.29248697,5470118.07944167,0,-5235.06297779422,-5019.24830170195,0
2441,-5249845.9528821,5465096.32685217,0,-5230.25701370292,-5024.25611073132,0
2442,-5255073.80491757,5460069.56875412,0,-5225.44625919356,-5029.25931801986,0
2443,-5260296.84380515,5455037.80975157,0,-5220.63071867233,-5034.25791898512,0
2444,-5265515.06476105,5450001.05445312,0,-5215.81039654981,-5039.25190904885,0
2445,-5270728.46300586,5444959.30747196,0,-5210.98529724096,-5044.24128363703,0
2446,-5275937.03376461,5439912.57342586,0,-5206.15542516511,-5049.22603817986,0
2447,-5281140.77226674,5434860.85693714,0,-5201.32078474595,-5054.2061681118,0
2448,-5286339.67374613,5429804.16263269,0,-5196.48138041157,-5059.1816688715,0
2449,-5291533.73344107,5424742.49514397,0,-5191.6372165944,-5064.15253590189,0
2450,-5296722.9465943,5419675.85910698,0,-5186.78829773122,-5069.11876465013,0
2451,-5301907.308453,5414604.25916228,0,-5181.9346282632,-5074.08035056761,0
2452,-5307086.81426877,5409527.69995498,0,-5177.07621263582,-5079.03728911001,0
2453,-5312261.4592977,5404446.1861347,0,-5172.21305529893,-5083.98957573723,0
2454,-5317431.23880029,5399359.72235565,0,-5167.34516070673,-5088.93720591346,0
2455,-5322596.14804151,5394268.31327654,0,-5162.47253331775,-5093.88017510713,0
2456,-5327756.18229081,5389171.96356061,0,-5157.59517759484,-5098.81847879095,0
2457,-5332911.33682208,5384070.67787563,0,-5152.7130980052,-5103.75211244191,0
2458,-5338061.60691369,5378964.46089391,0,-5147.82629902035,-5108.68107154127,0
2459,-5343206.98784848,5373853.31729224,0,-5142.93478511614,-5113.60535157456,0
2460,-5348347.47491377,5368737.25175195,0,-5138.03856077272,-5118.52494803163,0
2461,-5353483.06340137,5363616.26895887,0,-5133.13763047457,-5123.43985640658,0
2462,-5358613.74860757,5358490.37360333,0,-5128.23199871048,-5128.35007219783,0
2463,-5363739.52583314,5353359.57038017,0,-5123.32166997354,-5133.25559090808,0
2464,-5368860.39038336,5348223.86398871,0,-5118.40664876115,-5138.15640804435,0
2465,-5373976.337568,5343083.25913277,0,-5113.48693957499,-5143.05251911796,0
2466,-5379087.36270135,5337937.76052065,0,-5108.56254692105,-5147.94391964453,0
2467,-5384193.46110219,5332787.37286515,0,-5103.63347530962,-5152.830605144,0
2468,-5389294.62809382,5327632.10088353,0,-5098.69972925524,-5157.71257114064,0
2469,-5394390.85900406,5322471.94929753,0,-5093.76131327675,-5162.58981316303,0
2470,-5399482.14916524,5317306.92283336,0,-5088.81823189729,-5167.46232674407,0
2471,-5404568.49391423,5312137.02622168,0,-5083.87048964425,-5172.33010742102,0
2472,-5409649.88859242,5306962.26419763,0,-5078.91809104927,-5177.19315073544,0
2473,-5414726.32854573,5301782.64150081,0,-5073.9610406483,-5182.05145223326,0
2474,-5419797.80912463,5296598.16287526,0,-5068.99934298151,-5186.90500746472,0
2475,-5424864.32568412,5291408.83306945,0,-5064.03300259336,-5191.75381198444,0
2476,-5429925.87358375,5286214.65683634,0,-5059.06202403253,-5196.59786135136,0
2477,-5434982.44818764,5281015.63893328,0,-5054.08641185196,-5201.43715112881,0
2478,-5440034.04486444,5275811.78412209,0,-5049.10617060886,-5206.27167688445,0
2479,-5445080.65898736,5270603.09716899,0,-5044.12130486464,-5211.10143419031,0
2480,-5450122.28593419,5265389.58284466,0,-5039.13181918496,-5215.9264186228,0
2481,-5455158.92108727,5260171.24592418,0,-5034.13771813973,-5220.74662576269,0
2482,-5460190.55983354,5254948.09118704,0,-5029.13900630306,-5225.56205119513,0
2483,-5465217.19756448,5249720.12341716,0,-5024.1356882533,-5230.37269050965,0
2484,-5470238.82967617,5244487.34740286,0,-5019.12776857301,-5235.17853930016,0
2485,-5475255.45156927,5239249.76793687,0,-5014.11525184897,-5239.97959316495,0
2486,-5480267.05864905,5234007.38981631,0,-5009.09814267217,-5244.77584770673,0
2487,-5485273.64632533,5228760.2178427,0,-5004.0764456378,-5249.56729853257,0
2488,-5490275.21001257,5223508.25682195,0,-4999.05016534526,-5254.35394125397,0
2489,-5495271.7451298,5218251.51156435,0,-4994.01930639815,-5259.13577148681,0
2490,-5500263.24710068,5212989.98688459,0,-4988.98387340425,-5263.91278485139,0
2491,-5505249.71135347,5207723.68760173,0,-4983.94387097554,-5268.68497697243,0
2492,-5510231.13332103,5202452.61853919,0,-4978.89930372819,-5273.45234347904,0
2493,-5515207.50844086,5197176.78452477,0,-4973.85017628253,-5278.21488000478,0
2494,-5520178.83215507,5191896.19039063,0,-4968.79649326309,-5282.97258218761,0
2495,-5525145.0999104,5186610.84097329,0,-4963.73825929857,-5287.72544566993,0
2496,-5530106.30715823,5181320.74111364,0,-4958.67547902182,-5292.47346609857,0
2497,-5535062.44935456,5176025.89565689,0,-4953.60815706986,-5297.21663912479,0
2498,-5540013.52196002,5170726.30945264,0,-4948.53629808389,-5301.9549604043,0
2499,-5544959.52043993,5165421.98735478,0,-4943.45990670924,-5306.68842559725,0
2500,-5549900.4402642,5160112.93422158,0,-4938.37898759541,-5311.41703036824,0
2501,-5554836.27690742,5154799.15491563,0,-4933.29354539604,-5316.1407703863,0
2502,-5559767.02584885,5149480.65430384,0,-4928.20358476889,-5320.85964132495,0
2503,-5564692.68257237,5144157.43725745,0,-4923.10911037591,-5325.57363886214,0
2504,-5569613.24256657,5138829.50865202,0,-4918.01012688313,-5330.28275868031,0
2505,-5574528.70132466,5133496.87336743,0,-4912.90663896075,-5334.98699646634,0
2506,-5579439.05434457,5128159.53628787,0,-4907.79865128308,-5339.68634791161,0
2507,-5584344.29712887,5122817.50230182,0,-4902.68616852853,-5344.38080871196,0
2508,-5589244.42518483,5117470.77630209,0,-4897.56919537967,-5349.07037456769,0
2509,-5594139.43402439,5112119.36318577,0,-4892.44773652315,-5353.75504118363,0
2510,-5599029.3191642,5106763.26785423,0,-4887.32179664975,-5358.43480426905,0
2511,-5603914.07612558,5101402.49521317,0,-4882.19138045433,-5363.10965953775,0
2512,-5608793.70043457,5096037.05017253,0,-4877.05649263587,-5367.77960270799,0
2513,-5613668.18762188,5090666.93764654,0,-4871.91713789744,-5372.44462950256,0
2514,-5618537.53322296,5085292.16255374,0,-4866.7733209462,-5377.10473564873,0
2515,-5623401.73277794,5079912.72981689,0,-4861.62504649339,-5381.75991687828,0
2516,-5628260.78183168,5074528.64436304,0,-4856.47231925435,-5386.41016892753,0
2517,-5633114.67593376,5069139.91112351,0,-4851.31514394849,-5391.05548753727,0
2518,-5637963.41063847,5063746.53503386,0,-4846.15352529928,-5395.69586845284,0
2519,-5642806.98150482,5058348.52103392,0,-4840.98746803427,-5400.33130742409,0
2520,-5647645.38409657,5052945.87406775,0,-4835.8169768851,-5404.9618002054,0
2521,-5652478.61398221,5047538.59908365,0,-4830.64205658742,-5409.58734255567,0
2522,-5657306.66673495,5042126.70103419,0,-4825.46271188098,-5414.20793023835,0
2523,-5662129.53793275,5036710.18487614,0,-4820.27894750957,-5418.82355902143,0
2524,-5666947.22315833,5031289.05557052,0,-4815.09076822102,-5423.43422467742,0
2525,-5671759.71799914,5025863.31808257,0,-4809.89817876721,-5428.03992298339,0
2526,-5676567.01804739,5020432.97738174,0,-4804.70118390406,-5432.64064972096,0
2527,-5681369.11890006,5014998.03844172,0,-4799.49978839152,-5437.23640067631,0
2528,-5686166.01615888,5009558.50624039,0,-4794.29399699357,-5441.82717164015,0
2529,-5690957.70543034,5004114.38575984,0,-4789.08381447823,-5446.41295840779,0
2530,-5695744.18232572,4998665.68198637,0,-4783.86924561752,-5450.99375677908,0
2531,-5700525.44246105,4993212.39991048,0,-4778.6502951875,-5455.56956255844,0
2532,-5705301.48145716,4987754.54452685,0,-4773.42696796822,-5460.14037155487,0
2533,-5710072.29493965,4982292.12083436,0,-4768.19926874377,-5464.70617958194,0
2534,-5714837.87853891,4976825.13383607,0,-4762.9672023022,-5469.26698245781,0
2535,-5719598.22789012,4971353.58853922,0,-4757.73077343561,-5473.82277600522,0
2536,-5724353.33863324,4965877.48995523,0,-4752.48998694006,-5478.37355605148,0
2537,-5729103.20641305,4960396.84309967,0,-4747.24484761561,-5482.91931842853,0
2538,-5733847.82687913,4954911.65299231,0,-4741.99536026631,-5487.46005897287,0
2539,-5738587.19568585,4949421.92465706,0,-4736.74152970019,-5491.99577352561,0
2540,-5743321.3084924,4943927.66312198,0,-4731.48336072926,-5496.52645793248,0
2541,-5748050.16096278,4938428.87341929,0,-4726.22085816951,-5501.0521080438,0
2542,-5752773.74876581,4932925.56058537,0,-4720.95402684089,-5505.5727197145,0
2543,-5757492.06757514,4927417.72966072,0,-4715.68287156731,-5510.08828880413,0
2544,-5762205.11306924,4921905.38569,0,-4710.40739717664,-5514.59881117686,0
2545,-5766912.8809314,4916388.53372199,0,-4705.12760850073,-5519.10428270148,0
2546,-5771615.36684976,4910867.17880959,0,-4699.84351037536,-5523.60469925141,0
2547,-5776312.56651728,4905341.32600985,0,-4694.55510764026,-5528.1000567047,0
2548,-5781004.47563178,4899810.98038392,0,-4689.26240513909,-5532.59035094401,0
2549,-5785691.08989592,4894276.14699707,0,-4683.96540771949,-5537.07557785668,0
2550,-5790372.4050172,4888736.83091868,0,-4678.66412023298,-5541.55573333466,0
2551,-5795048.41670798,4883193.03722225,0,-4673.35854753505,-5546.03081327455,0
2552,-5799719.12068549,4877644.77098535,0,-4668.04869448509,-5550.50081357761,0
2553,-5804384.51267179,4872092.03728967,0,-4662.73456594643,-5554.96573014974,0
2554,-5809044.58839384,4866534.84122099,0,-4657.41616678631,-5559.4255589015,0
2555,-5813699.34358345,4860973.18786917,0,-4652.09350187586,-5563.88029574811,0
2556,-5818348.7739773,4855407.08232815,0,-4646.76657609015,-5568.32993660946,0
2557,-5822992.87531696,4849836.52969597,0,-4641.43539430813,-5572.7744774101,0
2558,-5827631.64334888,4844261.53507471,0,-4636.09996141266,-5577.21391407925,0
2559,-5832265.07382438,4838682.10357054,0,-4630.76028229049,-5581.64824255081,0
2560,-5836893.16249968,4833098.24029369,0,-4625.41636183226,-5586.07745876336,0
2561,-5841515.9051359,4827509.95035845,0,-4620.06820493248,-5590.50155866016,0
2562,-5846133.29749903,4821917.23888316,0,-4614.71581648957,-5594.92053818915,0
2563,-5850745.33535999,4816320.11099022,0,-4609.35920140579,-5599.33439330296,0
2564,-5855352.0144946,4810718.57180604,0,-4603.99836458731,-5603.74311995893,0
2565,-5859953.33068356,4805112.62646113,0,-4598.63331094414,-5608.14671411908,0
2566,-5864549.27971252,4799502.28008998,0,-4593.26404539015,-5612.54517175014,0
2567,-5869139.85737201,4793887.53783115,0,-4587.89057284309,-5616.93848882354,0
2568,-5873725.05945751,4788268.4048272,0,-4582.51289822453,-5621.32666131541,0
2569,-5878304.88176941,4782644.88622472,0,-4577.13102645994,-5625.70968520662,0
2570,-5882879.32011303,4777016.98717432,0,-4571.74496247857,-5630.08755648272,0
2571,-5887448.37029861,4771384.71283063,0,-4566.35471121356,-5634.460271134,0
2572,-5892012.02814134,4765748.06835226,0,-4560.96027760187,-5638.82782515547,0
2573,-5896570.28946134,4760107.05890186,0,-4555.56166658428,-5643.19021454687,0
2574,-5901123.15008369,4754461.68964605,0,-4550.15888310541,-5647.54743531267,0
2575,-5905670.60583838,4748811.96575544,0,-4544.75193211369,-5651.89948346206,0
2576,-5910212.65256039,4743157.89240466,0,-4539.34081856137,-5656.24635500898,0
2577,-5914749.28608964,4737499.47477228,0,-4533.92554740453,-5660.5880459721,0
2578,-5919280.50227099,4731836.7180409,0,-4528.50612360303,-5664.92455237487,0
2579,-5923806.29695428,4726169.62739705,0,-4523.08255212055,-5669.25587024544,0
2580,-5928326.66599432,4720498.20803124,0,-4517.65483792458,-5673.58199561674,0
2581,-5932841.60525088,4714822.46513797,0,-4512.22298598636,-5677.90292452645,0
2582,-5937351.11058871,4709142.40391566,0,-4506.78700128098,-5682.21865301702,0
2583,-5941855.17787751,4703458.02956672,0,-4501.34688878727,-5686.52917713564,0
2584,-5946353.80299201,4697769.3472975,0,-4495.90265348785,-5690.83449293429,0
2585,-5950846.98181188,4692076.36231828,0,-4490.45430036914,-5695.1345964697,0
2586,-5955334.71022181,4686379.07984329,0,-4485.0018344213,-5699.42948380339,0
2587,-5959816.98411145,4680677.50509071,0,-4479.54526063827,-5703.71915100165,0
2588,-5964293.79937547,4674971.64328264,0,-4474.08458401776,-5708.00359413555,0
2589,-5968765.15191354,4669261.49964511,0,-4468.61980956123,-5712.28280928096,0
2590,-5973231.03763032,4663547.07940805,0,-4463.15094227388,-5716.55679251851,0
2591,-5977691.45243548,4657828.38780534,0,-4457.67798716469,-5720.82553993365,0
2592,-5982146.39224371,4652105.43007476,0,-4452.20094924636,-5725.0890476166,0
2593,-5986595.85297471,4646378.21145799,0,-4446.71983353533,-5729.34731166241,0
2594,-5991039.83055319,4640646.73720062,0,-4441.23464505179,-5733.6003281709,0
2595,-5995478.32090889,4634911.01255213,0,-4435.74538881965,-5737.84809324672,0
2596,-5999911.31997659,4629171.0427659,0,-4430.25206986654,-5742.09060299931,0
2597,-6004338.82369606,4623426.8330992,0,-4424.75469322382,-5746.32785354295,0
2598,-6008760.82801215,4617678.38881317,0,-4419.25326392657,-5750.55984099671,0
2599,-6013177.32887471,4611925.71517286,0,-4413.74778701357,-5754.7865614845,0
2600,-6017588.32223865,4606168.81744715,0,-4408.23826752732,-5759.00801113504,0
2601,-6021993.80406392,4600407.70090882,0,-4402.724710514,-5763.22418608188,0
2602,-6026393.77031552,4594642.37083451,0,-4397.20712102353,-5767.43508246341,0
2603,-6030788.2169635,4588872.8325047,0,-4391.68550410947,-5771.64069642286,0
2604,-6035177.13998295,4583099.09120376,0,-4386.15986482911,-5775.84102410827,0
2605,-6039560.53535405,4577321.15221986,0,-4380.63020824341,-5780.03606167254,0
2606,-6043938.39906203,4571539.02084506,0,-4375.09653941701,-5784.22580527343,0
2607,-6048310.72709716,4565752.70237525,0,-4369.55886341822,-5788.41025107352,0
2608,-6052677.51545483,4559962.20211013,0,-4364.01718531903,-5792.58939524026,0
2609,-6057038.76013546,4554167.52535325,0,-4358.47151019509,-5796.76323394595,0
2610,-6061394.45714457,4548368.677412,0,-4352.9218431257,-5800.93176336776,0
2611,-6065744.60249276,4542565.66359755,0,-4347.36818919384,-5805.09497968769,0
2612,-6070089.1921957,4536758.48922493,0,-4341.81055348613,-5809.25287909265,0
2613,-6074428.22227417,4530947.15961294,0,-4336.24894109282,-5813.4054577744,0
2614,-6078761.68875402,4525131.68008422,0,-4330.68335710783,-5817.55271192956,0
2615,-6083089.58766622,4519312.05596519,0,-4325.11380662871,-5821.69463775965,0
2616,-6087411.91504681,4513488.29258608,0,-4319.54029475663,-5825.83123147106,0
2617,-6091728.66693697,4507660.39528089,0,-4313.9628265964,-5829.96248927505,0
2618,-6096039.83938295,4501828.36938742,0,-4308.38140725645,-5834.0884073878,0
2619,-6100345.42843612,4495992.22024727,0,-4302.79604184883,-5838.20898203035,0
2620,-6104645.43015299,4490151.95320578,0,-4297.2067354892,-5842.32420942864,0
2621,-6108939.84059516,4484307.57361208,0,-4291.61349329684,-5846.43408581353,0
2622,-6113228.65582935,4478459.08681908,0,-4286.01632039462,-5850.53860742075,0
2623,-6117511.87192742,4472606.49818342,0,-4280.41522190903,-5854.63777049095,0
2624,-6121789.48496635,4466749.81306553,0,-4274.81020297013,-5858.7315712697,0
2625,-6126061.49102825,4460889.03682956,0,-4269.20126871159,-5862.82000600745,0
2626,-6130327.88620038,4455024.17484344,0,-4263.58842427066,-5866.90307095959,0
2627,-6134588.66657512,4449155.23247882,0,-4257.97167478818,-5870.98076238642,0
2628,-6138843.82824999,4443282.21511109,0,-4252.35102540854,-5875.05307655316,0
2629,-6143093.36732768,4437405.12811937,0,-4246.72648127974,-5879.12000972996,0
2630,-6147337.27991602,4431523.97688653,0,-4241.09804755331,-5883.1815581919,0
2631,-6151575.56212797,4425638.76679914,0,-4235.46572938437,-5887.23771821899,0
2632,-6155808.21008169,4419749.50324748,0,-4229.82953193159,-5891.28848609616,0
2633,-6160035.21990046,4413856.19162556,0,-4224.18946035719,-5895.3338581133,0
2634,-6164256.58771275,4407958.83733111,0,-4218.54551982693,-5899.37383056523,0
2635,-6168472.30965219,4402057.44576552,0,-4212.89771551014,-5903.40839975173,0
2636,-6172682.38185757,4396152.02233392,0,-4207.24605257965,-5907.43756197751,0
2637,-6176886.80047287,4390242.57244512,0,-4201.59053621186,-5911.46131355224,0
2638,-6181085.56164724,4384329.1015116,0,-4195.93117158669,-5915.47965079054,0
2639,-6185278.66153502,4378411.61494954,0,-4190.26796388756,-5919.49257001201,0
2640,-6189466.09629572,4372490.1181788,0,-4184.60091830145,-5923.50006754119,0
2641,-6193647.86209405,4366564.61662291,0,-4178.93004001882,-5927.50213970759,0
2642,-6197823.95509992,4360635.11570907,0,-4173.25533423367,-5931.4987828457,0
2643,-6201994.37148842,4354701.62086812,0,-4167.57680614348,-5935.48999329497,0
2644,-6206159.10743984,4348764.13753459,0,-4161.89446094924,-5939.47576739983,0
2645,-6210318.15913969,4342822.67114665,0,-4156.20830385544,-5943.4561015097,0
2646,-6214471.52277866,4336877.22714612,0,-4150.51834007007,-5947.43099197896,0
2647,-6218619.19455267,4330927.81097845,0,-4144.82457480459,-5951.40043516699,0
2648,-6222761.17066284,4324974.42809276,0,-4139.12701327393,-5955.36442743816,0
2649,-6226897.44731553,4319017.08394176,0,-4133.42566069654,-5959.32296516183,0
2650,-6231028.02072229,4313055.78398182,0,-4127.72052229431,-5963.27604471236,0
2651,-6235152.88709992,4307090.53367293,0,-4122.01160329259,-5967.22366246909,0
2652,-6239272.04267042,4301121.33847869,0,-4116.29890892022,-5971.1658148164,0
2653,-6243385.48366105,4295148.20386631,0,-4110.58244440949,-5975.10249814364,0
2654,-6247493.20630427,4289171.13530661,0,-4104.86221499612,-5979.03370884518,0
2655,-6251595.20683782,4283190.13827402,0,-4099.13822591931,-5982.95944332041,0
2656,-6255691.48150464,4277205.21824658,0,-4093.41048242169,-5986.87969797373,0
2657,-6259782.02655294,4271216.38070588,0,-4087.67898974932,-5990.79446921456,0
2658,-6263866.83823616,4265223.63113715,0,-4081.94375315171,-5994.70375345734,0
2659,-6267945.91281302,4259226.97502916,0,-4076.20477788178,-5998.60754712154,0
2660,-6272019.24654745,4253226.41787429,0,-4070.4620691959,-6002.50584663166,0
2661,-6276086.83570869,4247221.96516847,0,-4064.71563235384,-6006.39864841722,0
2662,-6280148.6765712,4241213.62241122,0,-4058.96547261878,-6010.28594891278,0
2663,-6284204.76541472,4235201.3951056,0,-4053.21159525734,-6014.16774455795,0
2664,-6288255.09852426,4229185.28875824,0,-4047.4540055395,-6018.04403179738,0
2665,-6292299.6721901,4223165.30887932,0,-4041.69270873868,-6021.91480708075,0
2666,-6296338.4827078,4217141.46098258,0,-4035.92771013168,-6025.7800668628,0
2667,-6300371.52637819,4211113.75058528,0,-4030.15901499869,-6029.63980760332,0
2668,-6304398.79950738,4205082.18320823,0,-4024.38662862328,-6033.49402576716,0
2669,-6308420.29840678,4199046.76437578,0,-4018.61055629241,-6037.34271782421,0
2670,-6312436.01939308,4193007.49961579,0,-4012.83080329642,-6041.18588024944,0
2671,-6316445.95878825,4186964.39445966,0,-4007.047374929,-6045.02350952289,0
2672,-6320450.11291958,4180917.4544423,0,-4001.26027648723,-6048.85560212964,0
2673,-6324448.47811964,4174866.68510213,0,-3995.46951327154,-6052.68215455987,0
2674,-6328441.0507263,4168812.09198108,0,-3989.67509058572,-6056.50316330881,0
2675,-6332427.82708275,4162753.68062457,0,-3983.87701373691,-6060.31862487679,0
2676,-6336408.80353749,4156691.45658155,0,-3978.07528803559,-6064.12853576921,0
2677,-6340383.97644431,4150625.42540442,0,-3972.2699187956,-6067.93289249654,0
2678,-6344353.34216234,4144555.5926491,0,-3966.4609113341,-6071.73169157436,0
2679,-6348316.89705601,4138481.96387498,0,-3960.64827097159,-6075.52492952334,0
2680,-6352274.63749509,4132404.54464492,0,-3954.83200303189,-6079.31260286922,0
2681,-6356226.55985466,4126323.34052527,0,-3949.01211284216,-6083.09470814287,0
2682,-6360172.66051514,4120238.35708582,0,-3943.18860573285,-6086.87124188022,0
2683,-6364112.93586226,4114149.59989984,0,-3937.36148703776,-6090.64220062233,0
2684,-6368047.38228713,4108057.07454406,0,-3931.53076209396,-6094.40758091537,0
2685,-6371975.99618615,4101960.78659864,0,-3925.69643624184,-6098.1673793106,0
2686,-6375898.77396109,4095860.74164722,0,-3919.8585148251,-6101.92159236441,0
2687,-6379815.71201906,4089756.94527684,0,-3914.01700319071,-6105.67021663829,0
2688,-6383726.80677252,4083649.40307801,0,-3908.17190668894,-6109.41324869886,0
2689,-6387632.05463927,4077538.12064466,0,-3902.32323067335,-6113.15068511786,0
2690,-6391531.45204248,4071423.10357413,0,-3896.47098050076,-6116.88252247215,0
2691,-6395424.99541067,4065304.35746721,0,-3890.61516153128,-6120.60875734373,0
2692,-6399312.68117773,4059181.88792808,0,-3884.75577912828,-6124.32938631972,0
2693,-6403194.5057829,4053055.70056434,0,-3878.89283865841,-6128.04440599237,0
2694,-6407070.46567081,4046925.80098699,0,-3873.02634549155,-6131.75381295908,0
2695,-6410940.55729145,4040792.19481045,0,-3867.15630500086,-6135.45760382238,0
2696,-6414804.77710017,4034654.88765251,0,-3861.28272256274,-6139.15577518997,0
2697,-6418663.12155771,4028513.88513437,0,-3855.40560355682,-6142.84832367465,0
2698,-6422515.58713022,4022369.19288059,0,-3849.524953366,-6146.53524589442,0
2699,-6426362.17028918,4016220.81651912,0,-3843.64077737638,-6150.21653847239,0
2700,-6430202.8675115,4010068.76168131,0,-3837.75308097731,-6153.89219803686,0
2701,-6434037.67527946,4003913.03400184,0,-3831.86186956137,-6157.56222122127,0
2702,-6437866.59008075,3997753.63911878,0,-3825.96714852434,-6161.22660466423,0
2703,-6441689.60840844,3991590.58267355,0,-3820.06892326523,-6164.88534500952,0
2704,-6445506.72676101,3985423.87031091,0,-3814.16719918624,-6168.53843890606,0
2705,-6449317.94164234,3979253.507679,0,-3808.2619816928,-6172.18588300798,0
2706,-6453123.24956172,3973079.50042928,0,-3802.35327619353,-6175.82767397457,0
2707,-6456922.64703386,3966901.85421654,0,-3796.44108810023,-6179.46380847029,0
2708,-6460716.13057886,3960720.57469894,0,-3790.52542282792,-6183.09428316479,0
2709,-6464503.69672226,3954535.66753792,0,-3784.60628579477,-6186.71909473289,0
2710,-6468285.34199501,3948347.13839829,0,-3778.68368242215,-6190.33823985462,0
2711,-6472061.06293347,3942154.99294813,0,-3772.75761813461,-6193.95171521518,0
2712,-6475830.85607945,3935959.23685888,0,-3766.82809835986,-6197.55951750497,0
2713,-6479594.71798017,3929759.87580525,0,-3760.89512852876,-6201.1616434196,0
2714,-6483352.6451883,3923556.91546527,0,-3754.95871407537,-6204.75808965984,0
2715,-6487104.63426192,3917350.36152025,0,-3749.01886043687,-6208.34885293171,0
2716,-6490850.68176459,3911140.21965482,0,-3743.07557305359,-6211.9339299464,0
2717,-6494590.78426526,3904926.49555687,0,-3737.12885736903,-6215.51331742033,0
2718,-6498324.93833837,3898709.19491759,0,-3731.17871882982,-6219.08701207511,0
2719,-6502053.14056379,3892488.32343142,0,-3725.22516288571,-6222.65501063758,0
2720,-6505775.38752683,3886263.8867961,0,-3719.26819498959,-6226.2173098398,0
2721,-6509491.67581827,3880035.89071262,0,-3713.30782059749,-6229.77390641903,0
2722,-6513202.00203434,3873804.34088522,0,-3707.34404516853,-6233.32479711777,0
2723,-6516906.36277675,3867569.24302142,0,-3701.37687416497,-6236.86997868375,0
2724,-6520604.75465264,3861330.60283198,0,-3695.40631305217,-6240.40944786991,0
2725,-6524297.17427464,3855088.42603089,0,-3689.4323672986,-6243.94320143444,0
2726,-6527983.61826085,3848842.7183354,0,-3683.45504237582,-6247.47123614075,0
2727,-6531664.08323483,3842593.48546597,0,-3677.47434375849,-6250.9935487575,0
2728,-6535338.56582562,3836340.73314632,0,-3671.49027692437,-6254.51013605859,0
2729,-6539007.06266776,3830084.46710337,0,-3665.50284735428,-6258.02099482316,0
2730,-6542669.57040125,3823824.69306726,0,-3659.51206053216,-6261.5261218356,0
2731,-6546326.08567157,3817561.41677135,0,-3653.51792194498,-6265.02551388553,0
2732,-6549976.60512971,3811294.64395221,0,-3647.52043708281,-6268.51916776786,0
2733,-6553621.12543214,3805024.38034961,0,-3641.51961143877,-6272.00708028273,0
2734,-6557259.64324083,3798750.6317065,0,-3635.51545050906,-6275.48924823553,0
2735,-6560892.15522323,3792473.40376905,0,-3629.50795979291,-6278.96566843694,0
2736,-6564518.65805232,3786192.7022866,0,-3623.4971447926,-6282.43633770289,0
2737,-6568139.14840656,3779908.53301168,0,-3617.48301101349,-6285.90125285457,0
2738,-6571753.62296992,3773620.90169999,0,-3611.46556396393,-6289.36041071845,0
2739,-6575362.0784319,3767329.8141104,0,-3605.44480915534,-6292.81380812627,0
2740,-6578964.51148748,3761035.27600495,0,-3599.42075210217,-6296.26144191505,0
2741,-6582560.91883719,3754737.29314883,0,-3593.39339832186,-6299.70330892708,0
2742,-6586151.29718706,3748435.8713104,0,-3587.36275333491,-6303.13940600993,0
2743,-6589735.64324864,3742131.01626117,0,-3581.32882266481,-6306.56973001648,0
2744,-6593313.953739,3735822.73377577,0,-3575.29161183807,-6309.99427780487,0
2745,-6596886.22538077,3729511.02963201,0,-3569.2511263842,-6313.41304623854,0
2746,-6600452.45490207,3723195.90961079,0,-3563.20737183571,-6316.82603218622,0
2747,-6604012.63903659,3716877.37949617,0,-3557.16035372811,-6320.23323252194,0
2748,-6607566.77452352,3710555.44507533,0,-3551.11007759988,-6323.63464412504,0
2749,-6611114.85810763,3704230.11213854,0,-3545.05654899251,-6327.03026388014,0
2750,-6614656.88653919,3697901.38647922,0,-3538.99977345045,-6330.42008867717,0
2751,-6618192.85657407,3691569.27389387,0,-3532.93975652114,-6333.80411541139,0
2752,-6621722.76497362,3685233.78018212,0,-3526.87650375497,-6337.18234098333,0
2753,-6625246.60850481,3678894.91114666,0,-3520.8100207053,-6340.55476229888,0
2754,-6628764.38394013,3672552.6725933,0,-3514.74031292846,-6343.92137626921,0
2755,-6632276.08805761,3666207.07033093,0,-3508.66738598372,-6347.28217981082,0
2756,-6635781.71764089,3659858.11017152,0,-3502.59124543331,-6350.63716984554,0
2757,-6639281.26947913,3653505.7979301,0,-3496.51189684239,-6353.98634330052,0
2758,-6642774.74036708,3647150.1394248,0,-3490.42934577906,-6357.32969710823,0
2759,-6646262.12710506,3640791.14047679,0,-3484.34359781438,-6360.66722820648,0
2760,-6649743.42649894,3634428.80691031,0,-3478.25465852229,-6363.9989335384,0
2761,-6653218.63536019,3628063.14455265,0,-3472.1625334797,-6367.32481005247,0
2762,-6656687.75050584,3621694.15923416,0,-3466.0672282664,-6370.64485470251,0
2763,-6660150.76875852,3615321.85678821,0,-3459.96874846513,-6373.95906444766,0
2764,-6663607.68694644,3608946.24305124,0,-3453.8670996615,-6377.26743625244,0
2765,-6667058.50190337,3602567.3238627,0,-3447.76228744405,-6380.56996708668,0
2766,-6670503.21046872,3596185.10506507,0,-3441.6543174042,-6383.86665392558,0
2767,-6673941.80948744,3589799.59250385,0,-3435.54319513627,-6387.15749374968,0
2768,-6677374.29581011,3583410.79202758,0,-3429.42892623748,-6390.4424835449,0
2769,-6680800.6662929,3577018.70948778,0,-3423.3115163079,-6393.72162030249,0
2770,-6684220.91779759,3570623.35073899,0,-3417.19097095051,-6396.99490101908,0
2771,-6687635.04719153,3564224.72163875,0,-3411.06729577115,-6400.26232269666,0
2772,-6691043.05134772,3557822.8280476,0,-3404.94049637851,-6403.52388234256,0
2773,-6694444.92714475,3551417.67582907,0,-3398.81057838416,-6406.77957696952,0
2774,-6697840.67146683,3545009.27084967,0,-3392.67754740253,-6410.02940359564,0
2775,-6701230.28120377,3538597.61897887,0,-3386.54140905088,-6413.27335924437,0
2776,-6704613.75325101,3532182.72608916,0,-3380.40216894935,-6416.51144094456,0
2777,-6707991.08450963,3525764.59805596,0,-3374.25983272087,-6419.74364573044,0
2778,-6711362.27188629,3519343.24075766,0,-3368.11440599127,-6422.96997064162,0
2779,-6714727.31229332,3512918.66007562,0,-3361.96589438915,-6426.19041272308,0
2780,-6718086.20264865,3506490.86189414,0,-3355.81430354597,-6429.40496902522,0
2781,-6721438.93987587,3500059.85210047,0,-3349.65963909601,-6432.6136366038,0
2782,-6724785.52090419,3493625.63658482,0,-3343.50190667634,-6435.81641251998,0
2783,-6728125.94266845,3487188.2212403,0,-3337.34111192688,-6439.01329384033,0
2784,-6731460.20210915,3480747.61196298,0,-3331.17726049032,-6442.20427763682,0
2785,-6734788.29617242,3474303.81465184,0,-3325.01035801216,-6445.3893609868,0
2786,-6738110.22181004,3467856.83520879,0,-3318.84041014069,-6448.56854097303,0
2787,-6741425.97597945,3461406.67953865,0,-3312.66742252701,-6451.7418146837,0
2788,-6744735.55564373,3454953.35354915,0,-3306.49140082499,-6454.90917921239,0
2789,-6748038.95777162,3448496.86315092,0,-3300.31235069126,-6458.07063165808,0
2790,-6751336.17933752,3442037.2142575,0,-3294.13027778527,-6461.2261691252,0
2791,-6754627.21732149,3435574.4127853,0,-3287.94518776918,-6464.37578872356,0
2792,-6757912.06870924,3429108.46465363,0,-3281.75708630797,-6467.51948756842,0
2793,-6761190.73049218,3422639.3757847,0,-3275.56597906934,-6470.65726278045,0
2794,-6764463.19966735,3416167.15210358,0,-3269.37187172376,-6473.78911148575,0
2795,-6767729.47323748,3409691.79953819,0,-3263.17476994443,-6476.91503081583,0
2796,-6770989.54821098,3403213.32401936,0,-3256.97467940733,-6480.03501790765,0
2797,-6774243.42160194,3396731.73148074,0,-3250.77160579113,-6483.14906990361,0
2798,-6777491.0904301,3390247.02785887,0,-3244.56555477727,-6486.25718395152,0
2799,-6780732.55172092,3383759.2190931,0,-3238.3565320499,-6489.35935720466,0
2800,-6783967.80250552,3377268.31112567,0,-3232.1445432959,-6492.45558682171,0
2801,-6787196.83982073,3370774.30990162,0,-3225.92959420484,-6495.54586996684,0
2802,-6790419.66070905,3364277.22136884,0,-3219.71169046904,-6498.63020380964,0
2803,-6793636.26221869,3357777.05147804,0,-3213.49083778351,-6501.70858552514,0
2804,-6796846.64140353,3351273.80618277,0,-3207.26704184595,-6504.78101229385,0
2805,-6800050.79532319,3344767.49143937,0,-3201.04030835677,-6507.84748130172,0
2806,-6803248.72104296,3338258.11320702,0,-3194.81064301907,-6510.90798974014,0
2807,-6806440.41563385,3331745.67744768,0,-3188.57805153862,-6513.96253480599,0
2808,-6809625.87617256,3325230.19012613,0,-3182.34253962389,-6517.01111370159,0
2809,-6812805.09974152,3318711.65720993,0,-3176.10411298602,-6520.05372363474,0
2810,-6815978.08342887,3312190.08466945,0,-3169.8627773388,-6523.09036181869,0
2811,-6819144.82432844,3305665.47847781,0,-3163.61853839871,-6526.12102547217,0
2812,-6822305.3195398,3299137.84461094,0,-3157.37140188488,-6529.14571181939,0
2813,-6825459.56616826,3292607.18904753,0,-3151.12137351909,-6532.16441809,0
2814,-6828607.5613248,3286073.51776904,0,-3144.86845902577,-6535.17714151918,0
2815,-6831749.30212617,3279536.83675969,0,-3138.612664132,-6538.18387934755,0
2816,-6834884.78569484,3272997.15200646,0,-3132.35399456749,-6541.18462882122,0
2817,-6838014.009159,3266454.46949908,0,-3126.09245606459,-6544.1793871918,0
2818,-6841136.96965257,3259908.79523003,0,-3119.82805435827,-6547.16815171636,0
2819,-6844253.66431522,3253360.13519451,0,-3113.56079518612,-6550.15091965749,0
2820,-6847364.09029237,3246808.49539048,0,-3107.29068428837,-6553.12768828326,0
2821,-6850468.24473514,3240253.88181862,0,-3101.01772740783,-6556.09845486722,0
2822,-6853566.12480044,3233696.30048234,0,-3094.74193028994,-6559.06321668843,0
2823,-6856657.72765089,3227135.75738774,0,-3088.46329868274,-6562.02197103147,0
2824,-6859743.05045489,3220572.25854367,0,-3082.18183833684,-6564.97471518638,0
2825,-6862822.09038657,3214005.80996167,0,-3075.89755500547,-6567.92144644874,0
2826,-6865894.84462582,3207436.41765597,0,-3069.61045444444,-6570.86216211962,0
2827,-6868961.3103583,3200864.08764352,0,-3063.32054241214,-6573.79685950561,0
2828,-6872021.48477541,3194288.82594395,0,-3057.02782466952,-6576.72553591879,0
2829,-6875075.36507432,3187710.63857957,0,-3050.73230698011,-6579.64818867679,0
2830,-6878122.94845798,3181129.53157537,0,-3044.43399511002,-6582.56481510273,0
2831,-6881164.23213507,3174545.51095903,0,-3038.13289482789,-6585.47541252525,0
2832,-6884199.21332009,3167958.58276088,0,-3031.82901190493,-6588.37997827854,0
2833,-6887227.88923326,3161368.75301392,0,-3025.52235211491,-6591.27850970227,0
2834,-6890250.25710062,3154776.0277538,0,-3019.21292123412,-6594.17100414168,0
2835,-6893266.31415396,3148180.41301885,0,-3012.9007250414,-6597.05745894751,0
2836,-6896276.05763086,3141581.91485,0,-3006.58576931813,-6599.93787147604,0
2837,-6899279.48477468,3134980.53929087,0,-3000.26805984819,-6602.81223908909,0
2838,-6902276.59283457,3128376.29238767,0,-2993.94760241802,-6605.68055915402,0
2839,-6905267.37906546,3121769.18018928,0,-2987.62440281655,-6608.54282904371,0
2840,-6908251.84072807,3115159.20874718,0,-2981.29846683523,-6611.39904613659,0
2841,-6911229.97508893,3108546.38411548,0,-2974.96980026802,-6614.24920781665,0
2842,-6914201.77942035,3101930.71235089,0,-2968.63840891137,-6617.09331147341,0
2843,-6917167.25100042,3095312.19951274,0,-2962.30429856423,-6619.93135450193,0
2844,-6920126.38711308,3088690.85166296,0,-2955.96747502805,-6622.76333430285,0
2845,-6923079.18504802,3082066.67486608,0,-2949.62794410676,-6625.58924828233,0
2846,-6926025.64210077,3075439.6751892,0,-2943.28571160676,-6628.40909385211,0
2847,-6928965.75557264,3068809.85870204,0,-2936.94078333694,-6631.22286842948,0
2848,-6931899.52277079,3062177.23147687,0,-2930.59316510864,-6634.03056943729,0
2849,-6934826.94100814,3055541.79958854,0,-2924.24286273569,-6636.83219430395,0
2850,-6937748.00760348,3048903.5691145,0,-2917.88988203434,-6639.62774046343,0
2851,-6940662.71988138,3042262.54613471,0,-2911.53422882334,-6642.41720535529,0
2852,-6943571.07517223,3035618.73673173,0,-2905.17590892385,-6645.20058642464,0
2853,-6946473.07081227,3028972.14699065,0,-2898.81492815949,-6647.97788112217,0
2854,-6949368.70414354,3022322.78299912,0,-2892.45129235632,-6650.74908690414,0
2855,-6952257.97251391,3015670.65084732,0,-2886.08500734281,-6653.51420123238,0
2856,-6955140.8732771,3009015.75662798,0,-2879.71607894989,-6656.27322157433,0
2857,-6958017.40379263,3002358.10643635,0,-2873.34451301087,-6659.02614540297,0
2858,-6960887.56142588,2995697.70637019,0,-2866.97031536152,-6661.77297019688,0
2859,-6963751.34354806,2989034.5625298,0,-2860.59349184,-6664.51369344025,0
2860,-6966608.74753622,2982368.681018,0,-2854.21404828685,-6667.24831262283,0
2861,-6969459.77077324,2975700.06794008,0,-2847.83199054506,-6669.97682523996,0
2862,-6972304.41064786,2969028.72940387,0,-2841.44732445997,-6672.69922879259,0
2863,-6975142.66455466,2962354.67151968,0,-2835.06005587933,-6675.41552078726,0
2864,-6977974.52989407,2955677.90040031,0,-2828.67019065328,-6678.1256987361,0
2865,-6980800.00407237,2948998.42216105,0,-2822.27773463433,-6680.82976015684,0
2866,-6983619.08450169,2942316.24291967,0,-2815.88269367734,-6683.52770257283,0
2867,-6986431.76860003,2935631.3687964,0,-2809.48507363959,-6686.21952351299,0
2868,-6989238.05379123,2928943.80591395,0,-2803.08488038066,-6688.9052205119,0
2869,-6992037.937505,2922253.56039751,0,-2796.68211976255,-6691.58479110968,0
2870,-6994831.41717692,2915560.63837469,0,-2790.27679764955,-6694.25823285213,0
2871,-6997618.49024843,2908865.04597557,0,-2783.86891990835,-6696.92554329061,0
2872,-7000399.15416682,2902166.78933269,0,-2777.45849240794,-6699.58671998213,0
2873,-7003173.40638528,2895465.874581,0,-2771.04552101968,-6702.2417604893,0
2874,-7005941.24436285,2888762.30785792,0,-2764.63001161722,-6704.89066238036,0
2875,-7008702.66556447,2882056.09530326,0,-2758.21197007657,-6707.53342322916,0
2876,-7011457.66746092,2875347.24305928,0,-2751.79140227604,-6710.17004061519,0
2877,-7014206.24752889,2868635.75727065,0,-2745.36831409627,-6712.80051212355,0
2878,-7016948.40325095,2861921.64408446,0,-2738.94271142019,-6715.42483534498,0
2879,-7019684.13211553,2855204.90965019,0,-2732.51460013303,-6718.04300787586,0
2880,-7022413.43161697,2848485.56011974,0,-2726.08398612235,-6720.65502731819,0
2881,-7025136.2992555,2841763.60164738,0,-2719.65087527797,-6723.2608912796,0
2882,-7027852.73253721,2835039.0403898,0,-2713.21527349201,-6725.86059737337,0
2883,-7030562.72897413,2828311.88250605,0,-2706.77718665887,-6728.45414321842,0
2884,-7033266.28608415,2821582.13415757,0,-2700.33662067522,-6731.0415264393,0
2885,-7035963.40139106,2814849.80150817,0,-2693.89358144001,-6733.62274466623,0
2886,-7038654.07242458,2808114.89072403,0,-2687.44807485445,-6736.19779553504,0
2887,-7041338.29672029,2801377.40797367,0,-2681.00010682201,-6738.76667668724,0
2888,-7044016.07181971,2794637.35942801,0,-2674.54968324842,-6741.32938576997,0
2889,-7046687.39527024,2787894.75126027,0,-2668.09681004166,-6743.88592043605,0
2890,-7049352.26462522,2781149.58964606,0,-2661.64149311193,-6746.43627834392,0
2891,-7052010.67744386,2774401.88076328,0,-2655.1837383717,-6748.9804571577,0
2892,-7054662.63129133,2767651.63079222,0,-2648.72355173565,-6751.51845454716,0
2893,-7057308.12373868,2760898.84591544,0,-2642.26093912071,-6754.05026818774,0
2894,-7059947.15236288,2754143.53231786,0,-2635.79590644601,-6756.57589576055,0
2895,-7062579.71474686,2747385.69618671,0,-2629.32845963291,-6759.09533495234,0
2896,-7065205.80847941,2740625.34371152,0,-2622.85860460496,-6761.60858345555,0
2897,-7067825.4311553,2733862.48108413,0,-2616.38634728796,-6764.11563896827,0
2898,-7070438.5803752,2727097.11449868,0,-2609.91169360986,-6766.6164991943,0
2899,-7073045.25374571,2720329.2501516,0,-2603.43464950083,-6769.11116184307,0
2900,-7075645.44887937,2713558.89424162,0,-2596.95522089324,-6771.59962462972,0
2901,-7078239.16339464,2706786.05296972,0,-2590.47341372161,-6774.08188527505,0
2902,-7080826.39491594,2700010.7325392,0,-2583.98923392268,-6776.55794150553,0
2903,-7083407.14107359,2693232.93915561,0,-2577.50268743532,-6779.02779105335,0
2904,-7085981.39950389,2686452.67902675,0,-2571.01378020061,-6781.49143165636,0
2905,-7088549.16784906,2679669.95836269,0,-2564.52251816176,-6783.94886105808,0
2906,-7091110.44375726,2672884.78337578,0,-2558.02890726416,-6786.40007700776,0
2907,-7093665.22488262,2666097.16028058,0,-2551.53295345533,-6788.84507726031,0
2908,-7096213.50888518,2659307.09529391,0,-2545.03466268494,-6791.28385957635,0
2909,-7098755.29343098,2652514.59463482,0,-2538.53404090482,-6793.71642172217,0
2910,-7101290.57619198,2645719.66452459,0,-2532.03109406892,-6796.14276146979,0
2911,-7103819.35484609,2638922.31118675,0,-2525.52582813331,-6798.5628765969,0
2912,-7106341.6270772,2632122.54084701,0,-2519.01824905621,-6800.97676488693,0
2913,-7108857.39057514,2625320.35973333,0,-2512.50836279793,-6803.38442412896,0
2914,-7111366.64303572,2618515.77407584,0,-2505.99617532092,-6805.78585211781,0
2915,-7113869.3821607,2611708.79010691,0,-2499.48169258971,-6808.18104665401,0
2916,-7116365.6056578,2604899.41406108,0,-2492.96492057095,-6810.57000554379,0
2917,-7118855.31124073,2598087.6521751,0,-2486.4458652334,-6812.95272659908,0
2918,-7121338.49662915,2591273.51068789,0,-2479.92453254787,-6815.32920763754,0
2919,-7123815.1595487,2584456.99584055,0,-2473.4009284873,-6817.69944648253,0
2920,-7126285.29773099,2577638.11387638,0,-2466.87505902668,-6820.06344096315,0
2921,-7128748.90891362,2570816.8710408,0,-2460.34693014309,-6822.42118891421,0
2922,-7131205.99084013,2563993.27358145,0,-2453.81654781567,-6824.77268817622,0
2923,-7133656.54126009,2557167.32774807,0,-2447.28391802564,-6827.11793659543,0
2924,-7136100.55792902,2550339.03979258,0,-2440.74904675626,-6829.45693202384,0
2925,-7138538.03860844,2543508.41596906,0,-2434.21193999285,-6831.78967231913,0
2926,-7140968.98106584,2536675.4625337,0,-2427.67260372279,-6834.11615534473,0
2927,-7143393.38307471,2529840.18574484,0,-2421.13104393547,-6836.43637896982,0
2928,-7145811.24241454,2523002.59186294,0,-2414.58726662235,-6838.75034106928,0
2929,-7148222.55687078,2516162.68715058,0,-2408.0412777769,-6841.05803952376,0
2930,-7150627.32423491,2509320.47787248,0,-2401.49308339464,-6843.3594722196,0
2931,-7153025.54230439,2502475.97029543,0,-2394.94268947307,-6845.65463704893,0
2932,-7155417.20888268,2495629.17068837,0,-2388.39010201175,-6847.94353190959,0
2933,-7157802.32177923,2488780.0853223,0,-2381.83532701221,-6850.22615470516,0
2934,-7160180.87880952,2481928.72047034,0,-2375.27837047801,-6852.50250334499,0
2935,-7162552.87779501,2475075.08240769,0,-2368.71923841469,-6854.77257574416,0
2936,-7164918.31656318,2468219.17741163,0,-2362.1579368298,-6857.03636982348,0
2937,-7167277.1929475,2461361.01176151,0,-2355.59447173287,-6859.29388350955,0
2938,-7169629.50478748,2454500.59173876,0,-2349.0288491354,-6861.5451147347,0
2939,-7171975.24992861,2447637.92362688,0,-2342.46107505089,-6863.79006143701,0
2940,-7174314.42622242,2440773.01371142,0,-2335.89115549478,-6866.02872156033,0
2941,-7176647.03152645,2433905.86827997,0,-2329.3190964845,-6868.26109305425,0
2942,-7178973.06370425,2427036.4936222,0,-2322.74490403943,-6870.48717387413,0
2943,-7181292.52062539,2420164.8960298,0,-2316.16858418091,-6872.7069619811,0
2944,-7183605.40016548,2413291.08179649,0,-2309.59014293221,-6874.92045534204,0
2945,-7185911.70020613,2406415.05721804,0,-2303.00958631857,-6877.12765192961,0
2946,-7188211.418635,2399536.82859223,0,-2296.42692036716,-6879.32854972221,0
2947,-7190504.55334576,2392656.40221886,0,-2289.84215110705,-6881.52314670404,0
2948,-7192791.10223812,2385773.78439976,0,-2283.25528456929,-6883.71144086506,0
2949,-7195071.06321782,2378888.98143874,0,-2276.66632678681,-6885.89343020099,0
2950,-7197344.43419663,2372001.99964163,0,-2270.07528379446,-6888.06911271334,0
2951,-7199611.21309235,2365112.84531625,0,-2263.48216162903,-6890.23848640939,0
2952,-7201871.39782884,2358221.52477241,0,-2256.88696632918,-6892.40154930221,0
2953,-7204124.98633598,2351328.04432191,0,-2250.28970393548,-6894.55829941063,0
2954,-7206371.97654969,2344432.41027851,0,-2243.69038049041,-6896.70873475928,0
2955,-7208612.36641196,2337534.62895797,0,-2237.0890020383,-6898.85285337855,0
2956,-7210846.15387078,2330634.70667799,0,-2230.4855746254,-6900.99065330465,0
2957,-7213073.33688024,2323732.64975824,0,-2223.88010429982,-6903.12213257954,0
2958,-7215293.91340043,2316828.46452036,0,-2217.27259711154,-6905.247289251,0
2959,-7217507.88139752,2309922.15728792,0,-2210.6630591124,-6907.36612137259,0
2960,-7219715.23884373,2303013.73438645,0,-2204.05149635613,-6909.47862700366,0
2961,-7221915.98371733,2296103.20214339,0,-2197.43791489827,-6911.58480420935,0
2962,-7224110.11400265,2289190.56688815,0,-2190.82232079625,-6913.68465106061,0
2963,-7226297.62769006,2282275.83495203,0,-2184.20472010931,-6915.77816563417,0
2964,-7228478.52277603,2275359.01266828,0,-2177.58511889856,-6917.86534601257,0
2965,-7230652.79726304,2268440.10637204,0,-2170.9635232269,-6919.94619028416,0
2966,-7232820.44915968,2261519.12240038,0,-2164.33993915911,-6922.02069654309,0
2967,-7234981.47648058,2254596.06709226,0,-2157.71437276174,-6924.08886288929,0
2968,-7237135.87724645,2247670.94678854,0,-2151.0868301032,-6926.15068742853,0
2969,-7239283.64948406,2240743.76783197,0,-2144.45731725367,-6928.20616827237,0
2970,-7241424.79122625,2233814.53656719,0,-2137.82584028516,-6930.25530353818,0
2971,-7243559.30051195,2226883.25934071,0,-2131.19240527148,-6932.29809134916,0
2972,-7245687.17538614,2219949.94250093,0,-2124.55701828821,-6934.33452983431,0
2973,-7247808.41389989,2213014.5923981,0,-2117.91968541275,-6936.36461712843,0
2974,-7249923.01411036,2206077.21538436,0,-2111.28041272426,-6938.38835137217,0
2975,-7252030.97408076,2199137.81781366,0,-2104.63920630367,-6940.40573071197,0
2976,-7254132.29188042,2192196.40604185,0,-2097.99607223371,-6942.41675330011,0
2977,-7256226.96558471,2185252.98642659,0,-2091.35101659886,-6944.42141729468,0
2978,-7258314.99327512,2178307.5653274,0,-2084.70404548534,-6946.4197208596,0
2979,-7260396.37303922,2171360.14910563,0,-2078.05516498117,-6948.41166216461,0
2980,-7262471.10297065,2164410.74412444,0,-2071.40438117607,-6950.39723938529,0
2981,-7264539.18116917,2157459.35674882,0,-2064.75170016153,-6952.37645070304,0
2982,-7266600.6057406,2150505.9933456,0,-2058.09712803078,-6954.34929430508,0
2983,-7268655.37479689,2143550.66028339,0,-2051.44067087878,-6956.31576838448,0
2984,-7270703.48645605,2136593.36393261,0,-2044.78233480219,-6958.27587114013,0
2985,-7272744.93884222,2129634.11066548,0,-2038.12212589944,-6960.22960077678,0
2986,-7274779.73008561,2122672.90685602,0,-2031.46005027062,-6962.17695550498,0
2987,-7276807.85832255,2115709.75888004,0,-2024.79611401758,-6964.11793354114,0
2988,-7278829.32169547,2108744.6731151,0,-2018.13032324385,-6966.05253310753,0
2989,-7280844.1183529,2101777.65594057,0,-2011.46268405465,-6967.98075243221,0
2990,-7282852.24644948,2094808.71373757,0,-2004.79320255691,-6969.90258974914,0
2991,-7284853.70414595,2087837.85288899,0,-1998.12188485923,-6971.81804329808,0
2992,-7286848.48960917,2080865.07977948,0,-1991.44873707192,-6973.72711132467,0
2993,-7288836.6010121,2073890.40079543,0,-1984.77376530694,-6975.62979208038,0
2994,-7290818.03653382,2066913.82232499,0,-1978.09697567793,-6977.52608382254,0
2995,-7292792.79435954,2059935.35075804,0,-1971.41837430019,-6979.41598481432,0
2996,-7294760.87268055,2052954.99248619,0,-1964.73796729069,-6981.29949332476,0
2997,-7296722.26969428,2045972.75390279,0,-1958.05576076805,-6983.17660762873,0
2998,-7298676.98360429,2038988.64140291,0,-1951.37176085252,-6985.04732600699,0
2999,-7300625.01262023,2032002.66138332,0,-1944.68597366603,-6986.91164674613,0
3000,-7302566.3549579,2025014.82024253,0,-1937.99840533211,-6988.76956813861,0
3001,-7304501.00883922,2018025.12438073,0,-1931.30906197594,-6990.62108848275,0
3002,-7306428.97249222,2011033.58019981,0,-1924.61794972433,-6992.46620608273,0
3003,-7308350.24415108,2004040.19410338,0,-1917.92507470569,-6994.30491924861,0
3004,-7310264.82205609,1997044.97249669,0,-1911.23044305007,-6996.13722629629,0
3005,-7312172.70445368,1990047.92178672,0,-1904.53406088911,-6997.96312554756,0
3006,-7314073.88959641,1983049.04838208,0,-1897.83593435605,-6999.78261533006,0
3007,-7315968.37574298,1976048.3586931,0,-1891.13606958575,-7001.59569397733,0
3008,-7317856.16115821,1969045.85913173,0,-1884.43447271465,-7003.40235982874,0
3009,-7319737.24411308,1962041.55611159,0,-1877.73114988077,-7005.20261122957,0
3010,-7321611.6228847,1955035.45604797,0,-1871.02610722371,-7006.99644653095,0
3011,-7323479.29575631,1948027.56535778,0,-1864.31935088466,-7008.78386408991,0
3012,-7325340.26101729,1941017.89045958,0,-1857.61088700637,-7010.56486226934,0
3013,-7327194.51696319,1934006.43777358,0,-1850.90072173315,-7012.33943943801,0
3014,-7329042.06189567,1926993.21372159,0,-1844.18886121088,-7014.10759397058,0
3015,-7330882.89412257,1919978.22472705,0,-1837.47531158699,-7015.86932424759,0
3016,-7332717.01195786,1912961.47721505,0,-1830.76007901044,-7017.62462865547,0
3017,-7334544.41372166,1905942.97761224,0,-1824.04316963175,-7019.37350558651,0
3018,-7336365.09774024,1898922.7323469,0,-1817.32458960297,-7021.11595343892,0
3019,-7338179.06234604,1891900.74784892,0,-1810.60434507768,-7022.85197061677,0
3020,-7339986.30587762,1884877.03054975,0,-1803.88244221099,-7024.58155553005,0
3021,-7341786.82667973,1877851.58688247,0,-1797.15888715952,-7026.30470659461,0
3022,-7343580.62310326,1870824.42328171,0,-1790.43368608141,-7028.02142223222,0
3023,-7345367.69350527,1863795.54618368,0,-1783.7068451363,-7029.73170087052,0
3024,-7347148.03624897,1856764.96202616,0,-1776.97837048533,-7031.43554094307,0
3025,-7348921.64970373,1849732.6772485,0,-1770.24826829116,-7033.1329408893,0
3026,-7350688.53224509,1842698.6982916,0,-1763.51654471792,-7034.82389915457,0
3027,-7352448.68225476,1835663.03159793,0,-1756.78320593122,-7036.5084141901,0
3028,-7354202.0981206,1828625.68361148,0,-1750.04825809816,-7038.18648445306,0
3029,-7355948.77823666,1821586.6607778,0,-1743.31170738731,-7039.85810840648,0
3030,-7357688.72100314,1814545.96954395,0,-1736.57355996872,-7041.52328451931,0
3031,-7359421.92482642,1807503.61635855,0,-1729.83382201388,-7043.18201126642,0
3032,-7361148.38811905,1800459.60767171,0,-1723.09249969575,-7044.83428712857,0
3033,-7362868.10929975,1793413.94993509,0,-1716.34959918876,-7046.48011059243,0
3034,-7364581.08679342,1786366.64960183,0,-1709.60512666874,-7048.11948015058,0
3035,-7366287.31903114,1779317.71312659,0,-1702.859088313,-7049.75239430151,0
3036,-7367986.80445016,1772267.14696553,0,-1696.11149030026,-7051.37885154964,0
3037,-7369679.54149392,1765214.95757629,0,-1689.36233881069,-7052.99885040528,0
3038,-7371365.52861202,1758161.15141801,0,-1682.61164002586,-7054.61238938466,0
3039,-7373044.76426026,1751105.7349513,0,-1675.85940012878,-7056.21946700995,0
3040,-7374717.24690063,1744048.71463826,0,-1669.10562530385,-7057.8200818092,0
3041,-7376382.97500129,1736990.09694245,0,-1662.35032173689,-7059.4142323164,0
3042,-7378041.94703659,1729929.88832888,0,-1655.59349561511,-7061.00191707148,0
3043,-7379694.16148706,1722868.09526404,0,-1648.83515312712,-7062.58313462025,0
3044,-7381339.61683945,1715804.72421586,0,-1642.07530046293,-7064.15788351447,0
3045,-7382978.31158666,1708739.78165371,0,-1635.31394381391,-7065.72616231183,0
3046,-7384610.24422781,1701673.27404841,0,-1628.55108937283,-7067.28796957593,0
3047,-7386235.41326821,1694605.20787222,0,-1621.78674333381,-7068.8433038763,0
3048,-7387853.81721935,1687535.58959879,0,-1615.02091189236,-7070.39216378841,0
3049,-7389465.45459892,1680464.42570324,0,-1608.25360124533,-7071.93454789363,0
3050,-7391070.32393083,1673391.72266208,0,-1601.48481759094,-7073.47045477931,0
3051,-7392668.42374517,1666317.48695322,0,-1594.71456712874,-7074.99988303869,0
3052,-7394259.75257822,1659241.72505601,0,-1587.94285605965,-7076.52283127097,0
3053,-7395844.30897249,1652164.44345116,0,-1581.1696905859,-7078.03929808126,0
3054,-7397422.09147666,1645085.64862078,0,-1574.39507691108,-7079.54928208062,0
3055,-7398993.09864564,1638005.34704839,0,-1567.61902124008,-7081.05278188607,0
3056,-7400557.32904054,1630923.54521887,0,-1560.84152977913,-7082.54979612052,0
3057,-7402114.78122867,1623840.24961847,0,-1554.06260873576,-7084.04032341287,0
3058,-7403665.45378356,1616755.46673481,0,-1547.28226431882,-7085.52436239793,0
3059,-7405209.34528492,1609669.20305689,0,-1540.50050273847,-7087.00191171645,0
3060,-7406746.45431872,1602581.46507505,0,-1533.71733020614,-7088.47297001516,0
3061,-7408276.77947709,1595492.25928099,0,-1526.93275293459,-7089.93753594668,0
3062,-7409800.31935841,1588401.59216773,0,-1520.14677713784,-7091.39560816964,0
3063,-7411317.07256726,1581309.47022966,0,-1513.35940903119,-7092.84718534855,0
3064,-7412827.03771444,1574215.89996249,0,-1506.57065483124,-7094.29226615393,0
3065,-7414330.21341697,1567120.88786325,0,-1499.78052075583,-7095.73084926222,0
3066,-7415826.59829807,1560024.4404303,0,-1492.98901302409,-7097.1629333558,0
3067,-7417316.1909872,1552926.56416332,0,-1486.19613785638,-7098.58851712303,0
3068,-7418798.99012004,1545827.26556327,0,-1479.40190147433,-7100.00759925821,0
3069,-7420274.99433849,1538726.55113244,0,-1472.60631010083,-7101.42017846158,0
3070,-7421744.20229066,1531624.42737442,0,-1465.80936995998,-7102.82625343938,0
3071,-7423206.61263089,1524520.90079407,0,-1459.01108727714,-7104.22582290375,0
3072,-7424662.22401977,1517415.97789755,0,-1452.21146827888,-7105.61888557284,0
3073,-7426111.03512409,1510309.66519228,0,-1445.41051919302,-7107.00544017073,0
3074,-7427553.04461687,1503201.96918698,0,-1438.60824624856,-7108.38548542746,0
3075,-7428988.25117738,1496092.89639163,0,-1431.80465567576,-7109.75902007905,0
3076,-7430416.65349109,1488982.45331745,0,-1424.99975370605,-7111.12604286746,0
3077,-7431838.25024973,1481870.64647693,0,-1418.19354657207,-7112.48655254064,0
3078,-7433253.04015126,1474757.48238382,0,-1411.38604050766,-7113.84054785249,0
3079,-7434661.02189985,1467642.96755309,0,-1404.57724174785,-7115.18802756288,0
3080,-7436062.19420593,1460527.10850097,0,-1397.76715652886,-7116.52899043764,0
3081,-7437456.55578617,1453409.91174491,0,-1390.95579108807,-7117.86343524858,0
3082,-7438844.10536345,1446291.38380357,0,-1384.14315166404,-7119.19136077348,0
3083,-7440224.84166691,1439171.53119686,0,-1377.32924449651,-7120.51276579607,0
3084,-7441598.76343194,1432050.36044588,0,-1370.51407582637,-7121.82764910609,0
3085,-7442965.86940015,1424927.87807295,0,-1363.69765189566,-7123.13600949922,0
3086,-7444326.15831939,1417804.09060159,0,-1356.87997894758,-7124.43784577712,0
3087,-7445679.62894378,1410679.0045565,0,-1350.06106322647,-7125.73315674745,0
3088,-7447026.28003367,1403552.62646359,0,-1343.24091097781,-7127.02194122381,0
3089,-7448366.11035565,1396424.96284995,0,-1336.4195284482,-7128.30419802581,0
3090,-7449699.11868255,1389296.02024383,0,-1329.59692188539,-7129.57992597902,0
3091,-7451025.30379349,1382165.80517466,0,-1322.77309753824,-7130.84912391499,0
3092,-7452344.66447379,1375034.32417306,0,-1315.94806165672,-7132.11179067126,0
3093,-7453657.19951504,1367901.58377076,0,-1309.12182049191,-7133.36792509135,0
3094,-7454962.90771509,1360767.5905007,0,-1302.29438029601,-7134.61752602475,0
3095,-7456261.78787804,1353632.35089693,0,-1295.46574732228,-7135.86059232696,0
3096,-7457553.83881423,1346495.87149464,0,-1288.63592782513,-7137.09712285943,0
3097,-7458839.05934027,1339358.15883017,0,-1281.80492806001,-7138.32711648963,0
3098,-7460117.44827901,1332219.219441,0,-1274.97275428346,-7139.550572091,0
3099,-7461389.00445958,1325079.05986571,0,-1268.13941275311,-7140.76748854297,0
3100,-7462653.72671735,1317937.686644,0,-1261.30490972765,-7141.97786473096,0
3101,-7463911.61389396,1310795.10631671,0,-1254.46925146684,-7143.18169954638,0
3102,-7465162.6648373,1303651.32542574,0,-1247.63244423148,-7144.37899188664,0
3103,-7466406.87840152,1296506.35051412,0,-1240.79449428345,-7145.56974065512,0
3104,-7467644.25344705,1289360.18812598,0,-1233.95540788565,-7146.75394476121,0
3105,-7468874.78884056,1282212.84480652,0,-1227.11519130204,-7147.9316031203,0
3106,-7470098.48345501,1275064.32710202,0,-1220.2738507976,-7149.10271465376,0
3107,-7471315.3361696,1267914.64155984,0,-1213.43139263835,-7150.26727828896,0
3108,-7472525.34586982,1260763.79472843,0,-1206.58782309134,-7151.42529295929,0
3109,-7473728.51144741,1253611.79315726,0,-1199.74314842462,-7152.5767576041,0
3110,-7474924.83180039,1246458.64339691,0,-1192.89737490727,-7153.72167116876,0
3111,-7476114.30583303,1239304.35199897,0,-1186.05050880936,-7154.86003260464,0
3112,-7477296.9324559,1232148.92551609,0,-1179.20255640196,-7155.99184086911,0
3113,-7478472.71058583,1224992.37050197,0,-1172.35352395716,-7157.11709492554,0
3114,-7479641.6391459,1217834.69351132,0,-1165.50341774802,-7158.23579374331,0
3115,-7480803.71706549,1210675.9010999,0,-1158.65224404857,-7159.34793629779,0
3116,-7481958.94328026,1203515.99982449,0,-1151.80000913385,-7160.45352157036,0
3117,-7483107.31673211,1196354.99624286,0,-1144.94671927985,-7161.55254854843,0
3118,-7484248.83636926,1189192.89691382,0,-1138.09238076353,-7162.64501622537,0
3119,-7485383.50114618,1182029.70839718,0,-1131.23699986282,-7163.7309236006,0
3120,-7486511.31002362,1174865.43725372,0,-1124.38058285658,-7164.81026967953,0
3121,-7487632.26196862,1167700.09004525,0,-1117.52313602466,-7165.88305347357,0
3122,-7488746.35595449,1160533.67333453,0,-1110.66466564781,-7166.94927400017,0
3123,-7489853.59096082,1153366.19368533,0,-1103.80517800774,-7168.00893028276,0
3124,-7490953.96597351,1146197.65766237,0,-1096.9446793871,-7169.0620213508,0
3125,-7492047.4799847,1139028.07183135,0,-1090.08317606944,-7170.10854623977,0
3126,-7493134.13199284,1131857.44275894,0,-1083.22067433925,-7171.14850399113,0
3127,-7494213.92100267,1124685.77701273,0,-1076.35718048193,-7172.18189365239,0
3128,-7495286.84602519,1117513.08116131,0,-1069.49270078379,-7173.20871427706,0
3129,-7496352.90607772,1110339.36177417,0,-1062.62724153204,-7174.22896492467,0
3130,-7497412.10018383,1103164.62542176,0,-1055.76080901478,-7175.24264466078,0
3131,-7498464.42737342,1095988.87867546,0,-1048.89340952101,-7176.24975255694,0
3132,-7499509.88668265,1088812.12810757,0,-1042.02504934063,-7177.25028769074,0
3133,-7500548.47715397,1081634.38029131,0,-1035.15573476439,-7178.24424914579,0
3134,-7501580.19783614,1074455.64180081,0,-1028.28547208393,-7179.2316360117,0
3135,-7502605.0477842,1067275.91921112,0,-1021.41426759177,-7180.21244738414,0
3136,-7503623.02605949,1060095.21909817,0,-1014.54212758126,-7181.18668236476,0
3137,-7504634.13172962,1052913.54803882,0,-1007.66905834664,-7182.15434006127,0
3138,-7505638.36386854,1045730.91261077,0,-1000.79506618299,-7183.11541958738,0
3139,-7506635.72155644,1038547.31939266,0,-993.920157386228,-7184.06992006283,0
3140,-7507626.20387986,1031362.77496396,0,-987.044338253115,-7185.01784061338,0
3141,-7508609.8099316,1024177.28590503,0,-980.167615081249,-7185.95918037085,0
3142,-7509586.53881078,1016990.8587971,0,-973.289994169056,-7186.89393847304,0
3143,-7510556.38962279,1009803.50022225,0,-966.411481815781,-7187.82211406381,0
3144,-7511519.36147936,1002615.21676343,0,-959.532084321488,-7188.74370629304,0
3145,-7512475.45349849,995426.015004403,0,-952.651807987051,-7189.65871431664,0
3146,-7513424.66480449,988235.901529808,0,-945.770659114149,-7190.56713729654,0
3147,-7514366.99452797,981044.882925102,0,-938.88864400526,-7191.46897440072,0
3148,-7515302.44180586,973852.965776574,0,-932.005768963655,-7192.36422480318,0
3149,-7516231.00578136,966660.156671336,0,-925.122040293393,-7193.25288768395,0
3150,-7517152.685604,959466.462197318,0,-918.237464299315,-7194.13496222912,0
3151,-7518067.48042962,952271.888943259,0,-911.352047287038,-7195.01044763077,0
3152,-7518975.38942034,945076.443498705,0,-904.465795562949,-7195.87934308704,0
3153,-7519876.41174461,937880.132453999,0,-897.5787154342,-7196.74164780213,0
3154,-7520770.54657718,930682.962400278,0,-890.690813208702,-7197.59736098622,0
3155,-7521657.7930991,923484.939929465,0,-883.802095195117,-7198.44648185557,0
3156,-7522538.15049774,916286.071634264,0,-876.912567702857,-7199.28900963248,0
3157,-7523411.61796678,909086.364108155,0,-870.022237042074,-7200.12494354525,0
3158,-7524278.1947062,901885.823945384,0,-863.131109523655,-7200.95428282826,0
3159,-7525137.87992231,894684.457740962,0,-856.239191459217,-7201.77702672191,0
3160,-7525990.67282771,887482.272090655,0,-849.346489161103,-7202.59317447264,0
3161,-7526836.57264133,880279.27359098,0,-842.453008942372,-7203.40272533295,0
3162,-7527675.57858839,873075.4688392,0,-835.558757116796,-7204.20567856135,0
3163,-7528507.68990046,865870.864433313,0,-828.663739998855,-7205.00203342243,0
3164,-7529332.9058154,858665.466972054,0,-821.767963903729,-7205.79178918679,0
3165,-7530151.22557738,851459.28305488,0,-814.871435147292,-7206.57494513109,0
3166,-7530962.64843691,844252.319281971,0,-807.97416004611,-7207.35150053804,0
3167,-7531767.1736508,837044.58225422,0,-801.07614491743,-7208.12145469639,0
3168,-7532564.80048218,829836.07857323,0,-794.177396079178,-7208.88480690093,0
3169,-7533355.5282005,822626.814841303,0,-787.277919849953,-7209.64155645251,0
3170,-7534139.35608152,815416.79766144,0,-780.377722549018,-7210.391702658,0
3171,-7534916.28340734,808206.033637332,0,-773.476810496298,-7211.13524483036,0
3172,-7535686.30946637,800994.529373351,0,-766.575190012371,-7211.87218228857,0
3173,-7536449.43355333,793782.291474551,0,-759.672867418467,-7212.60251435766,0
3174,-7537205.65496928,786569.326546655,0,-752.769849036457,-7213.32624036871,0
3175,-7537954.97302158,779355.641196054,0,-745.866141188848,-7214.04335965887,0
3176,-7538697.38702394,772141.242029797,0,-738.96175019878,-7214.75387157132,0
3177,-7539432.89629637,764926.135655588,0,-732.05668239002,-7215.4577754553,0
3178,-7540161.50016522,757710.328681778,0,-725.150944086952,-7216.15507066609,0
3179,-7540883.19796316,750493.82771736,0,-718.244541614577,-7216.84575656506,0
3180,-7541597.98902917,743276.639371963,0,-711.337481298502,-7217.52983251958,0
3181,-7542305.87270858,736058.770255844,0,-704.429769464937,-7218.20729790311,0
3182,-7543006.84835304,728840.226979887,0,-697.52141244069,-7218.87815209517,0
3183,-7543700.91532051,721621.016155589,0,-690.612416553159,-7219.5423944813,0
3184,-7544388.0729753,714401.144395062,0,-683.702788130327,-7220.20002445313,0
3185,-7545068.32068803,707180.618311022,0,-676.792533500757,-7220.85104140833,0
3186,-7545741.65783567,699959.444516784,0,-669.881658993585,-7221.49544475064,0
3187,-7546408.08380151,692737.629626255,0,-662.970170938514,-7222.13323388983,0
3188,-7547067.59797515,685515.180253933,0,-656.058075665811,-7222.76440824175,0
3189,-7547720.19975254,678292.103014894,0,-649.145379506297,-7223.38896722832,0
3190,-7548365.88853597,671068.404524789,0,-642.232088791345,-7224.00691027749,0
3191,-7549004.66373405,663844.09139984,0,-635.318209852872,-7224.61823682328,0
3192,-7549636.52476172,656619.170256831,0,-628.403749023333,-7225.22294630578,0
3193,-7550261.47104025,649393.647713101,0,-621.488712635717,-7225.82103817114,0
3194,-7550879.50199725,642167.530386544,0,-614.573107023539,-7226.41251187155,0
3195,-7551490.61706666,634940.824895594,0,-607.656938520838,-7226.99736686528,0
3196,-7552094.81568877,627713.537859227,0,-600.740213462165,-7227.57560261666,0
3197,-7552692.09731018,620485.675896951,0,-593.822938182582,-7228.14721859609,0
3198,-7553282.46138384,613257.2456288,0,-586.905119017657,-7228.71221428001,0
3199,-7553865.90736903,606028.253675329,0,-579.986762303454,-7229.27058915095,0
3200,-7554442.43473138,598798.706657607,0,-573.067874376529,-7229.82234269749,0
3201,-7555012.04294283,591568.611197211,0,-566.148461573927,-7230.36747441426,0
3202,-7555574.73148168,584337.973916221,0,-559.22853023317,-7230.90598380199,0
3203,-7556130.49983256,577106.801437214,0,-552.308086692259,-7231.43787036745,0
3204,-7556679.34748644,569875.100383256,0,-545.387137289661,-7231.96313362348,0
3205,-7557221.27394063,562642.877377898,0,-538.465688364308,-7232.481773089,0
3206,-7557756.27869878,555410.139045167,0,-531.543746255589,-7232.99378828897,0
3207,-7558284.36127086,548176.892009565,0,-524.621317303345,-7233.49917875444,0
3208,-7558805.52117322,540943.142896058,0,-517.698407847862,-7233.99794402252,0
3209,-7559319.7579285,533708.898330071,0,-510.775024229868,-7234.49008363638,0
3210,-7559827.07106574,526474.164937487,0,-503.851172790522,-7234.97559714529,0
3211,-7560327.46012026,519238.949344631,0,-496.926859871415,-7235.45448410454,0
3212,-7560820.92463377,512003.258178274,0,-490.002091814559,-7235.92674407553,0
3213,-7561307.46415429,504767.09806562,0,-483.076874962383,-7236.39237662572,0
3214,-7561787.07823621,497530.475634305,0,-476.151215657726,-7236.85138132861,0
3215,-7562259.76644024,490293.397512386,0,-469.225120243835,-7237.30375776382,0
3216,-7562725.52833344,483055.870328338,0,-462.298595064354,-7237.74950551701,0
3217,-7563184.36348922,475817.900711049,0,-455.371646463321,-7238.18862417991,0
3218,-7563636.27148734,468579.495289809,0,-448.444280785163,-7238.62111335034,0
3219,-7564081.25191388,461340.660694311,0,-441.516504374688,-7239.04697263217,0
3220,-7564519.30436129,454101.403554638,0,-434.588323577081,-7239.46620163536,0
3221,-7564950.42842836,446861.730501261,0,-427.659744737895,-7239.87879997593,0
3222,-7565374.6237202,439621.648165033,0,-420.73077420305,-7240.28476727599,0
3223,-7565791.88984831,432381.16317718,0,-413.801418318826,-7240.6841031637,0
3224,-7566202.22643051,425140.282169299,0,-406.871683431852,-7241.07680727332,0
3225,-7566605.63309096,417899.011773346,0,-399.941575889106,-7241.46287924516,0
3226,-7567002.10946018,410657.358621639,0,-393.011102037909,-7241.84231872561,0
3227,-7567391.65517505,403415.329346842,0,-386.080268225915,-7242.21512536716,0
3228,-7567774.26987876,396172.930581965,0,-379.149080801109,-7242.58129882833,0
3229,-7568149.95322089,388930.168960357,0,-372.2175461118,-7242.94083877376,0
3230,-7568518.70485735,381687.051115699,0,-365.285670506614,-7243.29374487413,0
3231,-7568880.52445039,374443.583681998,0,-358.35346033449,-7243.64001680623,0
3232,-7569235.41166861,367199.773293582,0,-351.420921944673,-7243.97965425289,0
3233,-7569583.36618698,359955.626585092,0,-344.48806168671,-7244.31265690304,0
3234,-7569924.38768681,352711.150191477,0,-337.55488591044,-7244.63902445168,0
3235,-7570258.47585575,345466.350747989,0,-330.621400965994,-7244.95875659989,0
3236,-7570585.63038781,338221.234890175,0,-323.687613203785,-7245.27185305483,0
3237,-7570905.85098334,330975.809253872,0,-316.753528974503,-7245.57831352974,0
3238,-7571219.13734905,323730.080475202,0,-309.81915462911,-7245.87813774391,0
3239,-7571525.48919801,316484.055190563,0,-302.884496518832,-7246.17132542274,0
3240,-7571824.90624962,309237.740036625,0,-295.949560995158,-7246.4578762977,0
3241,-7572117.38822964,301991.141650324,0,-289.014354409829,-7246.73779010634,0
3242,-7572402.9348702,294744.266668854,0,-282.078883114835,-7247.01106659227,0
3243,-7572681.54590975,287497.121729663,0,-275.143153462407,-7247.27770550522,0
3244,-7572953.22109312,280249.713470449,0,-268.207171805016,-7247.53770660095,0
3245,-7573217.96017148,273002.048529147,0,-261.270944495359,-7247.79106964134,0
3246,-7573475.76290235,265754.133543929,0,-254.334477886363,-7248.03779439432,0
3247,-7573726.6290496,258505.975153196,0,-247.397778331171,-7248.27788063392,0
3248,-7573970.55838348,251257.579995572,0,-240.460852183139,-7248.51132814025,0
3249,-7574207.55068056,244008.954709898,0,-233.523705795833,-7248.73813669949,0
3250,-7574437.60572378,236760.105935225,0,-226.586345523019,-7248.9583061039,0
3251,-7574660.72330243,229511.040310809,0,-219.648777718659,-7249.17183615183,0
3252,-7574876.90321216,222261.764476106,0,-212.711008736906,-7249.37872664771,0
3253,-7575086.14525496,215012.285070761,0,-205.773044932097,-7249.57897740204,0
3254,-7575288.4492392,207762.60873461,0,-198.834892658746,-7249.77258823141,0
3255,-7575483.81497957,200512.742107666,0,-191.896558271541,-7249.9595589585,0
3256,-7575672.24229715,193262.691830118,0,-184.958048125337,-7250.13988941206,0
3257,-7575853.73101936,186012.464542322,0,-178.019368575149,-7250.31357942691,0
3258,-7576028.28097995,178762.066884797,0,-171.080525976148,-7250.48062884399,0
3259,-7576195.89201908,171511.505498218,0,-164.141526683654,-7250.64103751028,0
3260,-7576356.56398321,164260.787023409,0,-157.20237705313,-7250.79480527887,0
3261,-7576510.29672519,157009.918101339,0,-150.263083440178,-7250.94193200892,0
3262,-7576657.09010421,149758.905373116,0,-143.32365220053,-7251.08241756568,0
3263,-7576796.94398583,142507.755479976,0,-136.384089690046,-7251.21626182047,0
3264,-7576929.85824195,135256.475063283,0,-129.444402264705,-7251.34346465071,0
3265,-7577055.83275084,128005.070764521,0,-122.504596280601,-7251.46402593989,0
3266,-7577174.86739712,120753.549225287,0,-115.564678093936,-7251.57794557759,0
3267,-7577286.96207175,113501.917087285,0,-108.624654061015,-7251.68522345946,0
3268,-7577392.11667207,106250.18099232,0,-101.684530538241,-7251.78585948726,0
3269,-7577490.33110178,98998.3475822927,0,-94.7443138821064,-7251.87985356881,0
3270,-7577581.60527091,91746.4234991933,0,-87.8040104491897,-7251.96720561802,0
3271,-7577665.93909587,84494.4153850943,0,-80.863626596149,-7252.04791555488,0
3272,-7577743.33249942,77242.3298821458,0,-73.9231686797159,-7252.12198330548,0
3273,-7577813.78541066,69990.1736325682,0,-66.98264305669,-7252.18940880196,0
3274,-7577877.29776508,62737.9532786473,0,-60.0420560839326,-7252.25019198258,0
3275,-7577933.8695045,55485.6754627271,0,-53.1014141183614,-7252.30433279167,0
3276,-7577983.50057711,48233.3468272045,0,-46.1607235169445,-7252.35183117963,0
3277,-7578026.19093744,40980.9740145229,0,-39.2199906366944,-7252.39268710297,0
3278,-7578061.94054641,33728.5636671661,0,-32.2792218346625,-7252.42690052426,0
3279,-7578090.74937126,26476.1224276523,0,-25.3384234679329,-7252.45447141217,0
3280,-7578112.61738561,19223.6569385281,0,-18.3976018936169,-7252.47539974144,0
3281,-7578127.54456943,11971.1738423622,0,-11.4567634688471,-7252.48968549291,0
3282,-7578135.53090905,4718.67978173941,0,-4.5159145507714,-7252.49732865349,0
3283,-7578136.57639715,-2533.81860074533,0,2.42493850345259,-7252.49832921618,0
3284,-7578130.68103278,-9786.31466249318,0,9.36578933666351,-7252.49268718006,0
3285,-7578117.84482134,-17038.8017609074,0,16.306631591702,-7252.48040255031,0
3286,-7578098.06777457,-24291.2732533995,0,23.2474589114166,-7252.46147533817,0
3287,-7578071.34991061,-31543.7224973952,0,30.1882649386696,-7252.43590556099,0
3288,-7578037.69125391,-38796.1428503408,0,37.1290433163425,-7252.40369324217,0
3289,-7577997.09183531,-46048.5276697087,0,44.0697876873426,-7252.36483841122,0
3290,-7577949.55169199,-53300.8703130042,0,51.0104916946078,-7252.31934110373,0
3291,-7577895.0708675,-60553.164137771,0,57.9511489811134,-7252.26720136138,0
3292,-7577833.64941172,-67805.4025015977,0,64.8917531898773,-7252.20841923191,0
3293,-7577765.28738093,-75057.5787621236,0,71.8322979639661,-7252.14299476916,0
3294,-7577689.98483773,-82309.6862770448,0,78.7727769465007,-7252.07092803306,0
3295,-7577607.74185108,-89561.7184041204,0,85.7131837806623,-7251.99221908962,0
3296,-7577518.55849633,-96813.6685011788,0,92.6535121096984,-7251.90686801092,0
3297,-7577422.43485515,-104065.529926123,0,99.5937555769282,-7251.81487487514,0
3298,-7577319.37101559,-111317.296036938,0,106.533907825748,-7251.71623976653,0
3299,-7577209.36707203,-118568.960191695,0,113.47396249964,-7251.61096277543,0
3300,-7577092.42312523,-125820.51574856,0,120.413913242172,-7251.49904399828,0
3301,-7576968.5392823,-133071.956065797,0,127.353753697011,-7251.38048353756,0
3302,-7576837.71565672,-140323.274501777,0,134.293477507921,-7251.25528150189,0
3303,-7576699.95236829,-147574.464414981,0,141.233078318777,-7251.12343800592,0
3304,-7576555.2495432,-154825.519164008,0,148.172549773563,-7250.98495317042,0
3305,-7576403.60731398,-162076.432107584,0,155.111885516384,-7250.83982712222,0
3306,-7576245.02581952,-169327.196604559,0,162.051079191468,-7250.68805999424,0
3307,-7576079.50520507,-176577.806013925,0,168.990124443173,-7250.5296519255,0
3308,-7575907.04562223,-183828.253694812,0,175.929014915994,-7250.36460306107,0
3309,-7575727.64722895,-191078.533006499,0,182.867744254567,-7250.19291355213,0
3310,-7575541.31018955,-198328.63730842,0,189.806306103676,-7250.01458355592,0
3311,-7575348.03467469,-205578.559960169,0,196.744694108258,-7249.82961323578,0
3312,-7575147.8208614,-212828.294321507,0,203.682901913409,-7249.63800276113,0
3313,-7574940.66893305,-220077.833752365,0,210.62092316439,-7249.43975230746,0
3314,-7574726.57907937,-227327.171612856,0,217.558751506635,-7249.23486205635,0
3315,-7574505.55149646,-234576.301263274,0,224.496380585752,-7249.02333219546,0
3316,-7574277.58638674,-241825.216064108,0,231.433804047533,-7248.80516291853,0
3317,-7574042.68395902,-249073.909376039,0,238.371015537956,-7248.58035442538,0
3318,-7573800.84442844,-256322.374559955,0,245.308008703197,-7248.34890692193,0
3319,-7573552.0680165,-263570.60497695,0,252.244777189629,-7248.11082062014,0
3320,-7573296.35495107,-270818.593988335,0,259.181314643832,-7247.86609573809,0
3321,-7573033.70546634,-278066.334955641,0,266.117614712598,-7247.61473249992,0
3322,-7572764.11980289,-285313.821240626,0,273.053671042934,-7247.35673113586,0
3323,-7572487.59820762,-292561.046205282,0,279.989477282073,-7247.0920918822,0
3324,-7572204.14093381,-299808.003211841,0,286.925027077476,-7246.82081498134,0
3325,-7571913.74824107,-307054.685622779,0,293.860314076839,-7246.54290068174,0
3326,-7571616.42039537,-314301.086800823,0,300.795331928099,-7246.25834923794,0
3327,-7571312.15766904,-321547.20010896,0,307.730074279438,-7245.96716091056,0
3328,-7571000.96034076,-328793.018910438,0,314.664534779292,-7245.6693359663,0
3329,-7570682.82869555,-336038.536568778,0,321.598707076354,-7245.36487467795,0
3330,-7570357.76302479,-343283.746447772,0,328.532584819583,-7245.05377732436,0
3331,-7570025.76362622,-350528.641911499,0,335.466161658206,-7244.73604419047,0
3332,-7569686.8308039,-357773.216324323,0,342.399431241725,-7244.41167556728,0
3333,-7569340.96486827,-365017.463050903,0,349.332387219925,-7244.0806717519,0
3334,-7568988.16613611,-372261.375456197,0,356.265023242877,-7243.74303304749,0
3335,-7568628.43493055,-379504.946905471,0,363.197332960947,-7243.39875976328,0
3336,-7568261.77158107,-386748.170764302,0,370.129310024797,-7243.04785221462,0
3337,-7567888.1764235,-393991.040398586,0,377.060948085396,-7242.69031072289,0
3338,-7567507.64980002,-401233.549174543,0,383.992240794023,-7242.32613561556,0
3339,-7567120.19205915,-408475.690458723,0,390.923181802272,-7241.95532722619,0
3340,-7566725.80355576,-415717.457618014,0,397.853764762061,-7241.57788589441,0
3341,-7566324.48465109,-422958.844019646,0,404.783983325634,-7241.1938119659,0
3342,-7565916.23571269,-430199.843031197,0,411.713831145571,-7240.80310579246,0
3343,-7565501.05711449,-437440.448020602,0,418.64330187479,-7240.40576773192,0
3344,-7565078.94923676,-444680.652356153,0,425.572389166555,-7240.00179814821,0
3345,-7564649.91246609,-451920.449406513,0,432.50108667448,-7239.59119741133,0
3346,-7564213.94719545,-459159.832540717,0,439.429388052538,-7239.17396589735,0
3347,-7563771.05382414,-466398.795128176,0,446.357286955064,-7238.75010398842,0
3348,-7563321.23275781,-473637.330538691,0,453.28477703676,-7238.31961207275,0
3349,-7562864.48440846,-480875.432142451,0,460.211851952704,-7237.88249054463,0
3350,-7562400.80919441,-488113.093310043,0,467.138505358356,-7237.43873980442,0
3351,-7561930.20754036,-495350.307412458,0,474.064730909558,-7236.98836025856,0
3352,-7561452.67987732,-502587.067821095,0,480.990522262547,-7236.53135231955,0
3353,-7560968.22664268,-509823.367907772,0,487.915873073957,-7236.06771640597,0
3354,-7560476.84828014,-517059.201044724,0,494.840777000825,-7235.59745294246,0
3355,-7559978.54523975,-524294.560604617,0,501.765227700597,-7235.12056235975,0
3356,-7559473.31797793,-531529.439960549,0,508.689218831134,-7234.63704509461,0
3357,-7558961.1669574,-538763.832486059,0,515.612744050721,-7234.1469015899,0
3358,-7558442.09264724,-545997.731555132,0,522.535797018065,-7233.65013229455,0
3359,-7557916.09552289,-553231.130542203,0,529.458371392309,-7233.14673766355,0
3360,-7557383.1760661,-560464.022822167,0,536.380460833033,-7232.63671815796,0
3361,-7556843.33476498,-567696.401770383,0,543.30205900026,-7232.12007424492,0
3362,-7556296.57211397,-574928.260762679,0,550.223159554466,-7231.59680639761,0
3363,-7555742.88861386,-582159.59317536,0,557.143756156581,-7231.06691509531,0
3364,-7555182.28477176,-589390.392385213,0,564.063842467996,-7230.53040082334,0
3365,-7554614.76110113,-596620.651769513,0,570.983412150569,-7229.98726407309,0
3366,-7554040.31812178,-603850.364706032,0,577.902458866634,-7229.43750534204,0
3367,-7553458.95635983,-611079.524573038,0,584.820976279001,-7228.8811251337,0
3368,-7552870.67634777,-618308.12474931,0,591.738958050967,-7228.31812395767,0
3369,-7552275.47862439,-625536.158614136,0,598.656397846317,-7227.74850232961,0
3370,-7551673.36373484,-632763.619547325,0,605.573289329335,-7227.17226077123,0
3371,-7551064.33223061,-639990.500929211,0,612.489626164806,-7226.58939981031,0
3372,-7550448.38466951,-647216.796140656,0,619.405402018024,-7225.9999199807,0
3373,-7549825.52161568,-654442.498563062,0,626.320610554794,-7225.40382182231,0
3374,-7549195.74363962,-661667.601578373,0,633.235245441444,-7224.80110588111,0
3375,-7548559.05131813,-668892.098569081,0,640.149300344826,-7224.19177270913,0
3376,-7547915.44523437,-676115.982918233,0,647.062768932322,-7223.57582286445,0
3377,-7547264.92597781,-683339.24800944,0,653.975644871854,-7222.95325691124,0
3378,-7546607.49414428,-690561.887226876,0,660.887921831883,-7222.3240754197,0
3379,-7545943.15033592,-697783.893955292,0,667.799593481422,-7221.68827896609,0
3380,-7545271.8951612,-705005.261580015,0,674.710653490037,-7221.04586813276,0
3381,-7544593.72923493,-712225.98348696,0,681.621095527854,-7220.39684350809,0
3382,-7543908.65317824,-719446.053062632,0,688.530913265565,-7219.74120568653,0
3383,-7543216.66761861,-726665.463694134,0,695.440100374434,-7219.07895526856,0
3384,-7542517.77318981,-733884.208769172,0,702.348650526303,-7218.41009286076,0
3385,-7541811.97053198,-741102.281676063,0,709.256557393597,-7217.73461907574,0
3386,-7541099.26029156,-748319.675803738,0,716.16381464933,-7217.05253453217,0
3387,-7540379.64312133,-755536.384541749,0,723.070415967111,-7216.36383985476,0
3388,-7539653.11968039,-762752.401280279,0,729.97635502115,-7215.66853567431,0
3389,-7538919.69063415,-769967.719410142,0,736.881625486264,-7214.96662262764,0
3390,-7538179.35665438,-777182.332322793,0,743.786221037881,-7214.25810135765,0
3391,-7537432.11841916,-784396.233410333,0,750.69013535205,-7213.54297251326,0
3392,-7536677.97661287,-791609.416065513,0,757.593362105439,-7212.82123674946,0
3393,-7535916.93192624,-798821.873681745,0,764.495894975352,-7212.09289472731,0
3394,-7535148.98505632,-806033.599653104,0,771.397727639722,-7211.35794711388,0
3395,-7534374.13670647,-813244.587374333,0,778.29885377713,-7210.61639458233,0
3396,-7533592.38758638,-820454.830240855,0,785.199267066798,-7209.86823781184,0
3397,-7532803.73841206,-827664.321648772,0,792.098961188605,-7209.11347748766,0
3398,-7532008.18990583,-834873.054994876,0,798.997929823086,-7208.35211430107,0
3399,-7531205.74279635,-842081.023676653,0,805.896166651444,-7207.58414894941,0
3400,-7530396.39781857,-849288.221092288,0,812.793665355548,-7206.80958213606,0
3401,-7529580.15571378,-856494.640640674,0,819.690419617946,-7206.02841457046,0
3402,-7528757.01722959,-863700.275721416,0,826.586423121867,-7205.24064696807,0
3403,-7527926.9831199,-870905.119734838,0,833.481669551227,-7204.44628005042,0
3404,-7527090.05414495,-878109.166081988,0,840.376152590636,-7203.64531454508,0
3405,-7526246.23107129,-885312.408164643,0,847.269865925403,-7202.83775118564,0
3406,-7525395.51467177,-892514.839385321,0,854.162803241544,-7202.02359071177,0
3407,-7524537.90572558,-899716.453147277,0,861.054958225781,-7201.20283386915,0
3408,-7523673.4050182,-906917.24285452,0,867.946324565558,-7200.37548140952,0
3409,-7522802.01334143,-914117.20191181,0,874.836895949037,-7199.54153409066,0
3410,-7521923.73149339,-921316.323724669,0,881.726666065111,-7198.70099267638,0
3411,-7521038.5602785,-928514.601699387,0,888.615628603405,-7197.85385793655,0
3412,-7520146.50050748,-935712.029243025,0,895.503777254284,-7197.00013064704,0
3413,-7519247.55299739,-942908.599763425,0,902.39110570886,-7196.13981158981,0
3414,-7518341.71857157,-950104.306669211,0,909.277607658995,-7195.27290155281,0
3415,-7517428.99805967,-957299.143369802,0,916.163276797307,-7194.39940133006,0
3416,-7516509.39229768,-964493.10327541,0,923.048106817179,-7193.51931172159,0
3417,-7515582.90212785,-971686.179797052,0,929.932091412761,-7192.63263353349,0
3418,-7514649.52839876,-978878.366346554,0,936.815224278977,-7191.73936757787,0
3419,-7513709.2719653,-986069.656336557,0,943.697499111533,-7190.83951467288,0
3420,-7512762.13368865,-993260.043180524,0,950.578909606919,-7189.93307564269,0
3421,-7511808.1144363,-1000449.52029274,0,957.459449462417,-7189.02005131752,0
3422,-7510847.21508204,-1007638.08108834,0,964.339112376108,-7188.10044253361,0
3423,-7509879.43650596,-1014825.71898327,0,971.217892046874,-7187.17425013324,0
3424,-7508904.77959446,-1022012.42739435,0,978.095782174408,-7186.24147496471,0
3425,-7507923.24524023,-1029198.19973923,0,984.972776459215,-7185.30211788234,0
3426,-7506934.83434226,-1036383.02943643,0,991.848868602624,-7184.35617974652,0
3427,-7505939.54780583,-1043566.90990533,0,998.724052306787,-7183.40366142361,0
3428,-7504937.38654255,-1050749.83456617,0,1005.59832127469,-7182.44456378605,0
3429,-7503928.3514703,-1057931.79684009,0,1012.47166921016,-7181.47888771227,0
3430,-7502912.44351324,-1065112.79014908,0,1019.34408981785,-7180.50663408674,0
3431,-7501889.66360187,-1072292.80791604,0,1026.2155768033,-7179.52780379995,0
3432,-7500860.01267294,-1079471.84356476,0,1033.08612387286,-7178.54239774842,0
3433,-7499823.49166952,-1086649.89051992,0,1039.95572473377,-7177.55041683468,0
3434,-7498780.10154097,-1093826.94220711,0,1046.82437309413,-7176.5518619673,0
3435,-7497729.84324293,-1101002.99205284,0,1053.69206266291,-7175.54673406086,0
3436,-7496672.71773734,-1108178.03348452,0,1060.55878714996,-7174.53503403595,0
3437,-7495608.72599242,-1115352.05993051,0,1067.42454026602,-7173.51676281921,0
3438,-7494537.8689827,-1122525.06482008,0,1074.2893157227,-7172.49192134326,0
3439,-7493460.14768896,-1129697.04158342,0,1081.15310723252,-7171.46051054677,0
3440,-7492375.56309831,-1136867.98365171,0,1088.01590850891,-7170.42253137441,0
3441,-7491284.11620412,-1144037.88445703,0,1094.87771326619,-7169.37798477687,0
3442,-7490185.80800604,-1151206.73743244,0,1101.7385152196,-7168.32687171086,0
3443,-7489080.63951004,-1158374.53601195,0,1108.5983080853,-7167.26919313909,0
3444,-7487968.61172833,-1165541.27363054,0,1115.45708558037,-7166.2049500303,0
3445,-7486849.72567943,-1172706.94372416,0,1122.31484142282,-7165.13414335924,0
3446,-7485723.98238813,-1179871.53972973,0,1129.1715693316,-7164.05677410666,0
3447,-7484591.3828855,-1187035.05508517,0,1136.0272630266,-7162.97284325932,0
3448,-7483451.92820891,-1194197.48322938,0,1142.88191622865,-7161.88235181002,0
3449,-7482305.61940197,-1201358.81760226,0,1149.73552265955,-7160.78530075752,0
3450,-7481152.4575146,-1208519.0516447,0,1156.58807604205,-7159.68169110664,0
3451,-7479992.44360299,-1215678.17879861,0,1163.43957009985,-7158.57152386816,0
3452,-7478825.5787296,-1222836.19250691,0,1170.28999855764,-7157.4548000589,0
3453,-7477651.86396317,-1229993.08621354,0,1177.13935514107,-7156.33152070167,0
3454,-7476471.3003787,-1237148.85336347,0,1183.9876335768,-7155.20168682529,0
3455,-7475283.88905749,-1244303.4874027,0,1190.83482759244,-7154.06529946457,0
3456,-7474089.63108708,-1251456.98177825,0,1197.68093091662,-7152.92235966035,0
3457,-7472888.52756131,-1258609.32993822,0,1204.52593727896,-7151.77286845943,0
3458,-7471680.57958027,-1265760.52533173,0,1211.36984041009,-7150.61682691466,0
3459,-7470465.78825032,-1272910.56140895,0,1218.21263404163,-7149.45423608485,0
3460,-7469244.15468411,-1280059.43162116,0,1225.05431190625,-7148.28509703482,0
3461,-7468015.68000052,-1287207.12942064,0,1231.89486773761,-7147.1094108354,0
3462,-7466780.36532473,-1294353.6482608,0,1238.73429527041,-7145.92717856341,0
3463,-7465538.21178817,-1301498.9815961,0,1245.5725882404,-7144.73840130164,0
3464,-7464289.22052853,-1308643.1228821,0,1252.40974038434,-7143.54308013892,0
3465,-7463033.39268976,-1315786.06557545,0,1259.24574544006,-7142.34121617004,0
3466,-7461770.7294221,-1322927.80313388,0,1266.08059714642,-7141.1328104958,0
3467,-7460501.23188201,-1330068.32901624,0,1272.91428924334,-7139.91786422297,0
3468,-7459224.90123223,-1337207.63668249,0,1279.74681547183,-7138.69637846435,0
3469,-7457941.73864177,-1344345.71959371,0,1286.57816957392,-7137.46835433868,0
3470,-7456651.74528588,-1351482.57121209,0,1293.40834529276,-7136.23379297072,0
3471,-7455354.92234607,-1358618.18500095,0,1300.23733637255,-7134.99269549122,0
3472,-7454051.2710101,-1365752.55442475,0,1307.06513655858,-7133.7450630369,0
3473,-7452740.792472,-1372885.67294908,0,1313.89173959724,-7132.49089675047,0
3474,-7451423.48793204,-1380017.53404069,0,1320.71713923601,-7131.23019778064,0
3475,-7450099.35859674,-1387148.13116746,0,1327.54132922347,-7129.96296728208,0
3476,-7448768.40567889,-1394277.45779846,0,1334.36430330932,-7128.68920641545,0
3477,-7447430.63039751,-1401405.50740389,0,1341.18605524435,-7127.40891634739,0
3478,-7446086.03397787,-1408532.27345515,0,1348.00657878049,-7126.12209825055,0
3479,-7444734.6176515,-1415657.74942478,0,1354.8258676708,-7124.8287533035,0
3480,-7443376.38265616,-1422781.92878653,0,1361.64391566944,-7123.52888269084,0
3481,-7442011.33023587,-1429904.80501533,0,1368.46071653174,-7122.22248760313,0
3482,-7440639.46164089,-1437026.37158731,0,1375.27626401415,-7120.90956923689,0
3483,-7439260.77812771,-1444146.62197978,0,1382.09055187429,-7119.59012879464,0
3484,-7437875.28095909,-1451265.54967128,0,1388.90357387091,-7118.26416748486,0
3485,-7436482.97140401,-1458383.14814153,0,1395.71532376393,-7116.93168652199,0
3486,-7435083.85073768,-1465499.41087151,0,1402.52579531444,-7115.59268712648,0
3487,-7433677.92024157,-1472614.33134339,0,1409.33498228469,-7114.24717052471,0
3488,-7432265.18120338,-1479727.90304057,0,1416.14287843811,-7112.89513794905,0
3489,-7430845.63491705,-1486840.1194477,0,1422.94947753933,-7111.53659063783,0
3490,-7429419.28268273,-1493950.97405068,0,1429.75477335413,-7110.17152983536,0
3491,-7427986.12580685,-1501060.46033663,0,1436.55875964952,-7108.7999567919,0
3492,-7426546.16560202,-1508168.57179394,0,1443.3614301937,-7107.42187276367,0
3493,-7425099.40338712,-1515275.30191225,0,1450.16277875606,-7106.03727901288,0
3494,-7423645.84048724,-1522380.64418248,0,1456.96279910722,-7104.64617680767,0
3495,-7422185.47823372,-1529484.5920968,0,1463.761485019,-7103.24856742218,0
3496,-7420718.31796409,-1536587.13914869,0,1470.55883026445,-7101.84445213647,0
3497,-7419244.36102215,-1543688.27883287,0,1477.35482861785,-7100.43383223657,0
3498,-7417763.6087579,-1550788.00464539,0,1484.14947385472,-7099.01670901449,0
3499,-7416276.06252756,-1557886.31008356,0,1490.94275975181,-7097.59308376818,0
3500,-7414781.72369358,-1564983.18864602,0,1497.7346800871,-7096.16295780153,0
3501,-7413280.59362464,-1572078.63383269,0,1504.52522863985,-7094.72633242442,0
3502,-7411772.67369563,-1579172.63914483,0,1511.31439919057,-7093.28320895264,0
3503,-7410257.96528767,-1586265.19808501,0,1518.10218552101,-7091.83358870797,0
3504,-7408736.46978807,-1593356.3041571,0,1524.8885814142,-7090.37747301812,0
3505,-7407208.18859039,-1600445.95086634,0,1531.67358065447,-7088.91486321675,0
3506,-7405673.12309438,-1607534.13171928,0,1538.45717702739,-7087.44576064347,0
3507,-7404131.27470603,-1614620.84022382,0,1545.23936431983,-7085.97016664385,0
3508,-7402582.64483751,-1621706.06988921,0,1552.02013631995,-7084.48808256938,0
3509,-7401027.23490722,-1628789.81422605,0,1558.79948681722,-7082.99950977752,0
3510,-7399465.04633978,-1635872.06674631,0,1565.57740960238,-7081.50444963165,0
3511,-7397896.08056599,-1642952.82096332,0,1572.35389846752,-7080.00290350111,0
3512,-7396320.33902289,-1650032.07039177,0,1579.12894720601,-7078.49487276118,0
3513,-7394737.82315369,-1657109.80854776,0,1585.90254961254,-7076.98035879305,0
3514,-7393148.53440784,-1664186.02894875,0,1592.67469948315,-7075.4593629839,0
3515,-7391552.47424097,-1671260.72511358,0,1599.44539061519,-7073.93188672679,0
3516,-7389949.64411492,-1678333.89056252,0,1606.21461680734,-7072.39793142076,0
3517,-7388340.04549773,-1685405.51881721,0,1612.98237185965,-7070.85749847076,0
3518,-7386723.67986365,-1692475.60340071,0,1619.74864957349,-7069.31058928769,0
3519,-7385100.5486931,-1699544.13783751,0,1626.51344375159,-7067.75720528836,0
3520,-7383470.65347272,-1706611.11565349,0,1633.27674819805,-7066.19734789553,0
3521,-7381833.99569535,-1713676.53037598,0,1640.03855671832,-7064.63101853788,0
3522,-7380190.57685999,-1720740.37553372,0,1646.79886311923,-7063.05821865001,0
3523,-7378540.39847188,-1727802.64465692,0,1653.55766120898,-7061.47894967246,0
3524,-7376883.46204241,-1734863.33127719,0,1660.31494479715,-7059.8932130517,0
3525,-7375219.76908918,-1741922.42892762,0,1667.07070769472,-7058.3010102401,0
3526,-7373549.32113598,-1748979.93114276,0,1673.82494371405,-7056.70234269597,0
3527,-7371872.11971277,-1756035.83145859,0,1680.5776466689,-7055.09721188355,0
3528,-7370188.16635572,-1763090.12341259,0,1687.32881037444,-7053.48561927297,0
3529,-7368497.46260717,-1770142.8005437,0,1694.07842864724,-7051.8675663403,0
3530,-7366800.01001563,-1777193.85639233,0,1700.8264953053,-7050.24305456753,0
3531,-7365095.81013582,-1784243.28450038,0,1707.57300416803,-7048.61208544255,0
3532,-7363384.86452862,-1791291.07841126,0,1714.31794905626,-7046.97466045918,0
3533,-7361667.17476109,-1798337.23166985,0,1721.06132379227,-7045.33078111714,0
3534,-7359942.74240648,-1805381.73782254,0,1727.80312219977,-7043.68044892206,0
3535,-7358211.5690442,-1812424.59041724,0,1734.54333810391,-7042.02366538551,0
3536,-7356473.65625983,-1819465.78300337,0,1741.2819653313,-7040.36043202492,0
3537,-7354729.00564515,-1826505.30913186,0,1748.01899770999,-7038.69075036368,0
3538,-7352977.61879809,-1833543.16235517,0,1754.75442906951,-7037.01462193103,0
3539,-7351219.49732274,-1840579.33622731,0,1761.48825324083,-7035.33204826217,0
3540,-7349454.64282939,-1847613.8243038,0,1768.22046405642,-7033.64303089816,0
3541,-7347683.05693447,-1854646.62014172,0,1774.95105535021,-7031.94757138599,0
3542,-7345904.74126058,-1861677.71729971,0,1781.68002095762,-7030.24567127854,0
3543,-7344119.6974365,-1868707.10933793,0,1788.40735471556,-7028.53733213458,0
3544,-7342327.92709716,-1875734.78981815,0,1795.13305046242,-7026.82255551879,0
3545,-7340529.43188364,-1882760.75230367,0,1801.85710203812,-7025.10134300175,0
3546,-7338724.21344319,-1889784.99035938,0,1808.57950328405,-7023.37369615992,0
3547,-7336912.27342923,-1896807.49755174,0,1815.30024804315,-7021.63961657565,0
3548,-7335093.61350132,-1903828.26744881,0,1822.01933015984,-7019.89910583721,0
3549,-7333268.23532518,-1910847.29362023,0,1828.73674348009,-7018.15216553874,0
3550,-7331436.14057268,-1917864.56963724,0,1835.45248185138,-7016.39879728026,0
3551,-7329597.33092184,-1924880.08907267,0,1842.16653912273,-7014.63900266769,0
3552,-7327751.80805685,-1931893.84550099,0,1848.87890914471,-7012.87278331284,0
3553,-7325899.57366802,-1938905.83249826,0,1855.58958576943,-7011.10014083341,0
3554,-7324040.62945182,-1945916.04364216,0,1862.29856285055,-7009.32107685295,0
3555,-7322174.97711088,-1952924.47251201,0,1869.00583424327,-7007.53559300092,0
3556,-7320302.61835395,-1959931.11268875,0,1875.71139380437,-7005.74369091267,0
3557,-7318423.55489593,-1966935.95775497,0,1882.41523539221,-7003.94537222939,0
3558,-7316537.78845787,-1973939.00129489,0,1889.1173528667,-7002.14063859818,0
3559,-7314645.32076695,-1980940.2368944,0,1895.81774008933,-7000.329491672,0
3560,-7312746.15355649,-1987939.65814102,0,1902.5163909232,-6998.51193310969,0
3561,-7310840.28856594,-1994937.25862396,0,1909.21329923297,-6996.68796457596,0
3562,-7308927.72754091,-2001933.03193407,0,1915.90845888491,-6994.8575877414,0
3563,-7307008.4722331,-2008926.9716639,0,1922.60186374689,-6993.02080428245,0
3564,-7305082.52440039,-2015919.07140766,0,1929.29350768839,-6991.17761588143,0
3565,-7303149.88580674,-2022909.32476124,0,1935.9833845805,-6989.32802422654,0
3566,-7301210.55822228,-2029897.72532226,0,1942.67148829593,-6987.47203101181,0
3567,-7299264.54342325,-2036884.26668998,0,1949.35781270901,-6985.60963793716,0
3568,-7297311.84319201,-2043868.94246541,0,1956.0423516957,-6983.74084670837,0
3569,-7295352.45931704,-2050851.74625125,0,1962.72509913361,-6981.86565903707,0
3570,-7293386.39359296,-2057832.67165191,0,1969.40604890197,-6979.98407664076,0
3571,-7291413.6478205,-2064811.71227353,0,1976.08519488166,-6978.09610124278,0
3572,-7289434.2238065,-2071788.86172397,0,1982.76253095523,-6976.20173457234,0
3573,-7287448.12336393,-2078764.11361283,0,1989.43805100687,-6974.30097836451,0
3574,-7285455.34831187,-2085737.46155144,0,1996.11174892244,-6972.39383436019,0
3575,-7283455.9004755,-2092708.89915287,0,2002.78361858946,-6970.48030430614,0
3576,-7281449.78168614,-2099678.42003195,0,2009.45365389714,-6968.56038995499,0
3577,-7279436.9937812,-2106646.01780526,0,2016.12184873636,-6966.63409306518,0
3578,-7277417.5386042,-2113611.68609115,0,2022.78819699968,-6964.70141540102,0
3579,-7275391.41800476,-2120575.41850973,0,2029.45269258137,-6962.76235873266,0
3580,-7273358.63383863,-2127537.20868288,0,2036.11532937738,-6960.81692483609,0
3581,-7271319.18796764,-2134497.05023425,0,2042.77610128537,-6958.86511549315,0
3582,-7269273.08225972,-2141454.93678931,0,2049.43500220471,-6956.90693249151,0
3583,-7267220.31858892,-2148410.86197528,0,2056.09202603647,-6954.94237762466,0
3584,-7265160.89883538,-2155364.8194212,0,2062.74716668345,-6952.97145269198,0
3585,-7263094.82488532,-2162316.80275791,0,2069.40041805019,-6950.99415949862,0
3586,-7261022.09863107,-2169266.80561805,0,2076.05177404292,-6949.0104998556,0
3587,-7258942.72197105,-2176214.82163608,0,2082.70122856966,-6947.02047557977,0
3588,-7256856.69680978,-2183160.84444827,0,2089.34877554011,-6945.0240884938,0
3589,-7254764.02505785,-2190104.86769274,0,2095.99440886577,-6943.0213404262,0
3590,-7252664.70863196,-2197046.88500941,0,2102.63812245987,-6941.01223321128,0
3591,-7250558.74945487,-2203986.89004006,0,2109.2799102374,-6938.99676868919,0
3592,-7248446.14945545,-2210924.8764283,0,2115.9197661151,-6936.97494870592,0
3593,-7246326.91056864,-2217860.8378196,0,2122.55768401151,-6934.94677511326,0
3594,-7244201.03473545,-2224794.76786128,0,2129.19365784693,-6932.91224976882,0
3595,-7242068.52390299,-2231726.66020251,0,2135.82768154342,-6930.87137453603,0
3596,-7239929.38002443,-2238656.50849434,0,2142.45974902486,-6928.82415128415,0
3597,-7237783.60505904,-2245584.3063897,0,2149.08985421691,-6926.77058188822,0
3598,-7235631.20097212,-2252510.04754336,0,2155.71799104701,-6924.71066822914,0
3599,-7233472.16973509,-2259433.72561203,0,2162.34415344443,-6922.64441219357,0
3600,-7231306.5133254,-2266355.33425426,0,2168.96833534023,-6920.57181567402,0
3601,-7229134.23372659,-2273274.86713051,0,2175.59053066728,-6918.49288056879,0
3602,-7226955.33292828,-2280192.31790317,0,2182.2107333603,-6916.40760878198,0
3603,-7224769.81292611,-2287107.68023649,0,2188.82893735579,-6914.31600222351,0
3604,-7222577.67572182,-2294020.94779666,0,2195.44513659213,-6912.21806280908,0
3605,-7220378.9233232,-2300932.11425179,0,2202.05932500949,-6910.11379246022,0
3606,-7218173.55774409,-2307841.17327191,0,2208.67149654991,-6908.00319310422,0
3607,-7215961.58100441,-2314748.11852898,0,2215.28164515726,-6905.88626667421,0
3608,-7213742.99513011,-2321652.94369688,0,2221.8897647773,-6903.76301510908,0
3609,-7211517.8021532,-2328555.64245147,0,2228.49584935759,-6901.63344035353,0
3610,-7209286.00411176,-2335456.20847051,0,2235.0998928476,-6899.49754435805,0
3611,-7207047.60304989,-2342354.63543375,0,2241.70188919865,-6897.35532907892,0
3612,-7204802.60101775,-2349250.91702289,0,2248.30183236394,-6895.20679647819,0
3613,-7202551.00007157,-2356145.04692159,0,2254.89971629855,-6893.05194852373,0
3614,-7200292.80227358,-2363037.01881548,0,2261.49553495945,-6890.89078718917,0
3615,-7198028.00969209,-2369926.82639217,0,2268.08928230549,-6888.72331445393,0
3616,-7195756.62440142,-2376814.46334125,0,2274.68095229743,-6886.5495323032,0
3617,-7193478.64848196,-2383699.9233543,0,2281.27053889793,-6884.36944272796,0
3618,-7191194.0840201,-2390583.2001249,0,2287.85803607154,-6882.18304772497,0
3619,-7188902.9331083,-2397464.28734861,0,2294.44343778475,-6879.99034929677,0
3620,-7186605.19784503,-2404343.17872302,0,2301.02673800596,-6877.79134945164,0
3621,-7184300.8803348,-2411219.86794771,0,2307.60793070549,-6875.58605020367,0
3622,-7181989.98268813,-2418094.3487243,0,2314.1870098556,-6873.3744535727,0
3623,-7179672.50702161,-2424966.6147564,0,2320.76396943046,-6871.15656158434,0
3624,-7177348.45545781,-2431836.65974969,0,2327.33880340622,-6868.93237626997,0
3625,-7175017.83012534,-2438704.47741185,0,2333.91150576096,-6866.70189966674,0
3626,-7172680.63315883,-2445570.06145261,0,2340.48207047469,-6864.46513381754,0
3627,-7170336.86669894,-2452433.40558375,0,2347.05049152941,-6862.22208077105,0
3628,-7167986.53289233,-2459294.5035191,0,2353.61676290906,-6859.97274258168,0
3629,-7165629.63389169,-2466153.34897455,0,2360.18087859958,-6857.71712130962,0
3630,-7163266.1718557,-2473009.93566805,0,2366.74283258885,-6855.4552190208,0
3631,-7160896.14894908,-2479864.25731961,0,2373.30261886674,-6853.1870377869,0
3632,-7158519.56734254,-2486716.30765133,0,2379.86023142512,-6850.91257968537,0
3633,-7156136.4292128,-2493566.08038739,0,2386.41566425784,-6848.6318467994,0
3634,-7153746.7367426,-2500413.56925403,0,2392.96891136075,-6846.34484121791,0
3635,-7151350.49212066,-2507258.76797962,0,2399.51996673168,-6844.05156503559,0
3636,-7148947.69754171,-2514101.6702946,0,2406.06882437051,-6841.75202035286,0
3637,-7146538.3552065,-2520942.26993153,0,2412.61547827909,-6839.44620927589,0
3638,-7144122.46732173,-2527780.56062506,0,2419.15992246132,-6837.13413391657,0
3639,-7141700.03610015,-2534616.53611197,0,2425.7021509231,-6834.81579639256,0
3640,-7139271.06376046,-2541450.19013117,0,2432.24215767238,-6832.49119882721,0
3641,-7136835.55252737,-2548281.51642366,0,2438.77993671914,-6830.16034334966,0
3642,-7134393.50463158,-2555110.50873261,0,2445.31548207539,-6827.82323209473,0
3643,-7131944.92230978,-2561937.1608033,0,2451.84878775519,-6825.47986720301,0
3644,-7129489.80780463,-2568761.46638318,0,2458.37984777465,-6823.13025082078,0
3645,-7127028.16336478,-2575583.41922183,0,2464.90865615195,-6820.77438510008,0
3646,-7124559.99124486,-2582403.01307099,0,2471.43520690731,-6818.41227219865,0
3647,-7122085.2937055,-2589220.24168455,0,2477.95949406304,-6816.04391427997,0
3648,-7119604.07301326,-2596035.0988186,0,2484.48151164352,-6813.66931351322,0
3649,-7117116.33144072,-2602847.57823136,0,2491.00125367519,-6811.28847207331,0
3650,-7114622.07126642,-2609657.67368325,0,2497.51871418658,-6808.90139214088,0
3651,-7112121.29477485,-2616465.37893687,0,2504.03388720833,-6806.50807590224,0
3652,-7109614.00425649,-2623270.68775701,0,2510.54676677316,-6804.10852554947,0
3653,-7107100.20200778,-2630073.59391066,0,2517.05734691589,-6801.70274328031,0
3654,-7104579.89033112,-2636874.091167,0,2523.56562167344,-6799.29073129824,0
3655,-7102053.07153488,-2643672.17329742,0,2530.07158508486,-6796.87249181242,0
3656,-7099519.74793338,-2650467.83407553,0,2536.57523119129,-6794.44802703774,0
3657,-7096979.92184691,-2657261.06727714,0,2543.07655403603,-6792.01733919477,0
3658,-7094433.59560171,-2664051.86668031,0,2549.57554766447,-6789.58043050979,0
3659,-7091880.77152997,-2670840.22606529,0,2556.07220612416,-6787.13730321479,0
3660,-7089321.45196984,-2677626.13921461,0,2562.56652346478,-6784.68795954742,0
3661,-7086755.6392654,-2684409.59991301,0,2569.05849373814,-6782.23240175107,0
3662,-7084183.3357667,-2691190.60194749,0,2575.54811099822,-6779.77063207478,0
3663,-7081604.54382972,-2697969.13910729,0,2582.03536930115,-6777.3026527733,0
3664,-7079019.2658164,-2704745.20518391,0,2588.52026270522,-6774.82846610707,0
3665,-7076427.50409459,-2711518.79397113,0,2595.00278527087,-6772.3480743422,0
3666,-7073829.26103811,-2718289.89926499,0,2601.48293106075,-6769.86147975051,0
3667,-7071224.53902671,-2725058.51486378,0,2607.96069413964,-6767.36868460946,0
3668,-7068613.34044605,-2731824.63456812,0,2614.43606857453,-6764.86969120224,0
3669,-7065995.66768775,-2738588.25218086,0,2620.90904843461,-6762.36450181767,0
3670,-7063371.52314935,-2745349.36150719,0,2627.37962779122,-6759.85311875027,0
3671,-7060740.90923431,-2752107.95635457,0,2633.84780071794,-6757.33554430024,0
3672,-7058103.82835203,-2758864.03053277,0,2640.31356129054,-6754.81178077342,0
3673,-7055460.28291782,-2765617.57785386,0,2646.77690358699,-6752.28183048135,0
3674,-7052810.27535292,-2772368.59213225,0,2653.23782168749,-6749.74569574122,0
3675,-7050153.80808448,-2779117.06718463,0,2659.69630967445,-6747.20337887589,0
3676,-7047490.88354558,-2785862.99683007,0,2666.15236163251,-6744.65488221388,0
3677,-7044821.5041752,-2792606.37488991,0,2672.60597164854,-6742.10020808937,0
3678,-7042145.67241824,-2799347.19518787,0,2679.05713381165,-6739.53935884219,0
3679,-7039463.3907255,-2806085.45155,0,2685.50584221318,-6736.97233681785,0
3680,-7036774.6615537,-2812821.1378047,0,2691.95209094674,-6734.39914436749,0
3681,-7034079.48736546,-2819554.24778271,0,2698.39587410817,-6731.81978384791,0
3682,-7031377.87062931,-2826284.77531716,0,2704.83718579557,-6729.23425762156,0
3683,-7028669.81381966,-2833012.71424351,0,2711.27602010933,-6726.64256805654,0
3684,-7025955.31941685,-2839738.05839961,0,2717.71237115207,-6724.04471752658,0
3685,-7023234.38990708,-2846460.8016257,0,2724.14623302872,-6721.44070841107,0
3686,-7020507.02778247,-2853180.93776437,0,2730.57759984647,-6718.83054309504,0
3687,-7017773.23554104,-2859898.46066062,0,2737.0064657148,-6716.21422396915,0
3688,-7015033.01568666,-2866613.36416184,0,2743.43282474548,-6713.5917534297,0
3689,-7012286.37072912,-2873325.64211781,0,2749.85667105257,-6710.96313387861,0
3690,-7009533.30318409,-2880035.28838073,0,2756.27799875244,-6708.32836772347,0
3691,-7006773.81557311,-2886742.29680519,0,2762.69680196377,-6705.68745737745,0
3692,-7004007.91042362,-2893446.66124822,0,2769.11307480754,-6703.0404052594,0
3693,-7001235.59026891,-2900148.37556926,0,2775.52681140706,-6700.38721379374,0
3694,-6998456.85764818,-2906847.43363017,0,2781.93800588796,-6697.72788541057,0
3695,-6995671.71510647,-2913543.82929525,0,2788.34665237819,-6695.06242254555,0
3696,-6992880.16519471,-2920237.55643125,0,2794.75274500803,-6692.39082764002,0
3697,-6990082.21046969,-2926928.60890734,0,2801.15627791013,-6689.71310314088,0
3698,-6987277.85349408,-2933616.98059515,0,2807.55724521944,-6687.0292515007,0
3699,-6984467.09683641,-2940302.66536878,0,2813.9556410733,-6684.33927517761,0
3700,-6981649.94307104,-2946985.65710477,0,2820.35145961138,-6681.64317663538,0
3701,-6978826.39477824,-2953665.94968213,0,2826.74469497572,-6678.94095834338,0
3702,-6975996.4545441,-2960343.53698236,0,2833.13534131072,-6676.23262277659,0
3703,-6973160.12496058,-2967018.41288942,0,2839.52339276317,-6673.51817241557,0
3704,-6970317.40862549,-2973690.57128975,0,2845.9088434822,-6670.79760974653,0
3705,-6967468.30814248,-2980360.00607231,0,2852.29168761936,-6668.07093726121,0
3706,-6964612.82612106,-2987026.7111285,0,2858.67191932857,-6665.33815745701,0
3707,-6961750.96517658,-2993690.68035228,0,2865.04953276615,-6662.59927283689,0
3708,-6958882.72793023,-3000351.90764008,0,2871.42452209079,-6659.8542859094,0
3709,-6956008.11700905,-3007010.38689084,0,2877.79688146363,-6657.10319918869,0
3710,-6953127.1350459,-3013666.11200603,0,2884.16660504819,-6654.3460151945,0
3711,-6950239.78467949,-3020319.07688964,0,2890.5336870104,-6651.58273645215,0
3712,-6947346.06855436,-3026969.27544819,0,2896.89812151862,-6648.81336549253,0
3713,-6944445.98932088,-3033616.70159073,0,2903.25990274364,-6646.03790485212,0
3714,-6941539.54963525,-3040261.34922885,0,2909.61902485867,-6643.25635707299,0
3715,-6938626.75215948,-3046903.21227668,0,2915.97548203936,-6640.46872470276,0
3716,-6935707.59956142,-3053542.28465091,0,2922.32926846379,-6637.67501029465,0
3717,-6932782.09451474,-3060178.56027078,0,2928.68037831252,-6634.87521640742,0
3718,-6929850.23969893,-3066812.03305809,0,2935.02880576851,-6632.06934560543,0
3719,-6926912.03779927,-3073442.69693721,0,2941.37454501722,-6629.25740045859,0
3720,-6923967.4915069,-3080070.54583508,0,2947.71759024655,-6626.43938354236,0
3721,-6921016.60351872,-3086695.57368123,0,2954.05793564687,-6623.61529743779,0
3722,-6918059.37653748,-3093317.77440776,0,2960.39557541104,-6620.78514473147,0
3723,-6915095.81327171,-3099937.14194935,0,2966.73050373437,-6617.94892801555,0
3724,-6912125.91643576,-3106553.67024332,0,2973.06271481468,-6615.10664988773,0
3725,-6909149.68874977,-3113167.35322953,0,2979.39220285226,-6612.25831295128,0
3726,-6906167.13293967,-3119778.18485048,0,2985.71896204991,-6609.40391981499,0
3727,-6903178.25173721,-3126386.15905129,0,2992.04298661291,-6606.54347309322,0
3728,-6900183.04787992,-3132991.26977968,0,2998.36427074905,-6603.67697540588,0
3729,-6897181.52411112,-3139593.51098599,0,3004.68280866865,-6600.80442937838,0
3730,-6894173.68317992,-3146192.8766232,0,3010.99859458452,-6597.92583764172,0
3731,-6891159.52784121,-3152789.36064692,0,3017.311622712,-6595.04120283242,0
3732,-6888139.06085568,-3159382.95701539,0,3023.62188726896,-6592.15052759251,0
3733,-6885112.28498979,-3165973.65968951,0,3029.9293824758,-6589.2538145696,0
3734,-6882079.20301577,-3172561.46263282,0,3036.23410255546,-6586.35106641678,0
3735,-6879039.81771165,-3179146.35981152,0,3042.5360417334,-6583.4422857927,0
3736,-6875994.1318612,-3185728.34519447,0,3048.83519423765,-6580.52747536153,0
3737,-6872942.14825399,-3192307.4127532,0,3055.13155429878,-6577.60663779296,0
3738,-6869883.86968534,-3198883.5564619,0,3061.42511614994,-6574.6797757622,0
3739,-6866819.29895634,-3205456.77029746,0,3067.71587402681,-6571.74689194997,0
3740,-6863748.43887386,-3212027.04823944,0,3074.00382216766,-6568.80798904252,0
3741,-6860671.29225051,-3218594.38427008,0,3080.28895481333,-6565.86306973159,0
3742,-6857587.86190465,-3225158.77237433,0,3086.57126620722,-6562.91213671447,0
3743,-6854498.15066043,-3231720.20653984,0,3092.85075059536,-6559.95519269392,0
3744,-6851402.16134772,-3238278.68075695,0,3099.12740222631,-6556.99224037822,0
3745,-6848299.89680215,-3244834.18901873,0,3105.40121535127,-6554.02328248115,0
3746,-6845191.3598651,-3251386.72532096,0,3111.67218422402,-6551.048321722,0
3747,-6842076.5533837,-3257936.28366213,0,3117.94030310094,-6548.06736082555,0
3748,-6838955.48021081,-3264482.85804348,0,3124.20556624105,-6545.08040252208,0
3749,-6835828.14320504,-3271026.44246895,0,3130.46796790595,-6542.08744954735,0
3750,-6832694.54523073,-3277567.03094526,0,3136.72750235987,-6539.08850464263,0
3751,-6829554.68915797,-3284104.61748184,0,3142.98416386969,-6536.08357055466,0
3752,-6826408.57786255,-3290639.19609089,0,3149.23794670489,-6533.07265003567,0
3753,-6823256.21422603,-3297170.76078736,0,3155.4888451376,-6530.05574584339,0
3754,-6820097.60113565,-3303699.30558894,0,3161.73685344259,-6527.03286074102,0
3755,-6816932.74148442,-3310224.82451612,0,3167.98196589729,-6524.00399749722,0
3756,-6813761.63817105,-3316747.31159215,0,3174.22417678176,-6520.96915888615,0
3757,-6810584.29409996,-3323266.76084303,0,3180.46348037873,-6517.92834768743,0
3758,-6807400.71218129,-3329783.16629759,0,3186.6998709736,-6514.88156668615,0
3759,-6804210.89533091,-3336296.5219874,0,3192.93334285442,-6511.82881867288,0
3760,-6801014.84647039,-3342806.82194686,0,3199.16389031192,-6508.77010644365,0
3761,-6797812.568527,-3349314.06021315,0,3205.39150763952,-6505.70543279994,0
3762,-6794604.06443372,-3355818.23082626,0,3211.6161891333,-6502.6348005487,0
3763,-6791389.33712925,-3362319.32782898,0,3217.83792909207,-6499.55821250234,0
3764,-6788168.38955795,-3368817.34526694,0,3224.05672181728,-6496.47567147872,0
3765,-6784941.22466992,-3375312.27718855,0,3230.27256161312,-6493.38718030117,0
3766,-6781707.84542093,-3381804.1176451,0,3236.48544278648,-6490.29274179843,0
3767,-6778468.25477245,-3388292.86069065,0,3242.69535964694,-6487.19235880472,0
3768,-6775222.45569164,-3394778.50038216,0,3248.9023065068,-6484.0860341597,0
3769,-6771970.45115133,-3401261.03077937,0,3255.10627768111,-6480.97377070847,0
3770,-6768712.24413007,-3407740.44594492,0,3261.3072674876,-6477.85557130156,0
3771,-6765447.83761204,-3414216.73994427,0,3267.50527024676,-6474.73143879495,0
3772,-6762177.23458715,-3420689.90684576,0,3273.70028028182,-6471.60137605005,0
3773,-6758900.43805094,-3427159.94072058,0,3279.89229191872,-6468.46538593369,0
3774,-6755617.45100467,-3433626.8356428,0,3286.08129948618,-6465.32347131815,0
3775,-6752328.27645522,-3440090.58568935,0,3292.26729731566,-6462.17563508111,0
3776,-6749032.91741517,-3446551.18494005,0,3298.45027974136,-6459.02188010571,0
3777,-6745731.37690276,-3453008.62747761,0,3304.63024110027,-6455.86220928047,0
3778,-6742423.65794188,-3459462.90738762,0,3310.80717573212,-6452.69662549936,0
3779,-6739109.76356209,-3465914.01875859,0,3316.98107797944,-6449.52513166175,0
3780,-6735789.6967986,-3472361.9556819,0,3323.15194218752,-6446.34773067242,0
3781,-6732463.46069228,-3478806.71225185,0,3329.31976270442,-6443.16442544158,0
3782,-6729131.05828964,-3485248.28256567,0,3335.48453388102,-6439.97521888482,0
3783,-6725792.49264284,-3491686.66072349,0,3341.64625007097,-6436.78011392317,0
3784,-6722447.76680971,-3498121.84082836,0,3347.80490563072,-6433.57911348302,0
3785,-6719096.88385367,-3504553.81698627,0,3353.96049491953,-6430.3722204962,0
3786,-6715739.84684384,-3510982.58330615,0,3360.11301229947,-6427.15943789991,0
3787,-6712376.65885492,-3517408.13389985,0,3366.26245213541,-6423.94076863676,0
3788,-6709007.32296729,-3523830.46288218,0,3372.40880879505,-6420.71621565473,0
3789,-6705631.84226693,-3530249.5643709,0,3378.55207664893,-6417.48578190722,0
3790,-6702250.21984547,-3536665.43248672,0,3384.69225007037,-6414.249470353,0
3791,-6698862.45880014,-3543078.06135333,0,3390.82932343558,-6411.00728395621,0
3792,-6695468.56223382,-3549487.44509735,0,3396.96329112357,-6407.75922568639,0
3793,-6692068.533255,-3555893.5778484,0,3403.09414751622,-6404.50529851846,0
3794,-6688662.37497776,-3562296.45373908,0,3409.22188699823,-6401.2455054327,0
3795,-6685250.09052184,-3568696.06690495,0,3415.3465039572,-6397.97984941477,0
3796,-6681831.68301256,-3575092.41148459,0,3421.46799278354,-6394.70833345571,0
3797,-6678407.15558085,-3581485.48161955,0,3427.58634787056,-6391.4309605519,0
3798,-6674976.51136327,-3587875.27145438,0,3433.70156361443,-6388.14773370512,0
3799,-6671539.75350194,-3594261.77513665,0,3439.81363441419,-6384.85865592249,0
3800,-6668096.88514462,-3600644.98681692,0,3445.92255467176,-6381.56373021649,0
3801,-6664647.90944464,-3607024.90064878,0,3452.02831879195,-6378.26295960495,0
3802,-6661192.82956094,-3613401.51078883,0,3458.13092118248,-6374.95634711107,0
3803,-6657731.64865805,-3619774.81139672,0,3464.23035625392,-6371.6438957634,0
3804,-6654264.36990607,-3626144.79663509,0,3470.32661841978,-6368.32560859581,0
3805,-6650790.99648071,-3632511.46066965,0,3476.41970209646,-6365.00148864756,0
3806,-6647311.53156323,-3638874.79766914,0,3482.50960170328,-6361.67153896321,0
3807,-6643825.97834051,-3645234.80180535,0,3488.59631166247,-6358.33576259268,0
3808,-6640334.34000498,-3651591.46725311,0,3494.67982639918,-6354.99416259124,0
3809,-6636836.61975465,-3657944.78819034,0,3500.76014034149,-6351.64674201945,0
3810,-6633332.82079309,-3664294.75879798,0,3506.83724792041,-6348.29350394325,0
3811,-6629822.94632945,-3670641.37326008,0,3512.91114356989,-6344.93445143388,0
3812,-6626306.99957845,-3676984.62576373,0,3518.98182172682,-6341.56958756791,0
3813,-6622784.98376035,-3683324.51049912,0,3525.04927683103,-6338.19891542725,0
3814,-6619256.90210099,-3689661.02165952,0,3531.11350332531,-6334.8224380991,0
3815,-6615722.75783175,-3695994.15344129,0,3537.1744956554,-6331.44015867599,0
3816,-6612182.55418958,-3702323.90004388,0,3543.23224827002,-6328.05208025577,0
3817,-6608636.29441697,-3708650.25566984,0,3549.28675562084,-6324.65820594161,0
3818,-6605083.98176194,-3714973.21452483,0,3555.33801216251,-6321.25853884196,0
3819,-6601525.61947809,-3721292.77081763,0,3561.38601235264,-6317.8530820706,0
3820,-6597961.21082453,-3727608.91876012,0,3567.43075065185,-6314.44183874661,0
3821,-6594390.75906593,-3733921.65256731,0,3573.47222152373,-6311.02481199435,0
3822,-6590814.26747247,-3740230.96645734,0,3579.51041943488,-6307.6020049435,0
3823,-6587231.73931989,-3746536.85465148,0,3585.54533885486,-6304.17342072902,0
3824,-6583643.17788944,-3752839.31137413,0,3591.57697425628,-6300.73906249118,0
3825,-6580048.58646789,-3759138.33085284,0,3597.60532011472,-6297.29893337551,0
3826,-6576447.96834756,-3765433.9073183,0,3603.63037090879,-6293.85303653285,0
3827,-6572841.32682627,-3771726.03500438,0,3609.65212112013,-6290.40137511932,0
3828,-6569228.66520735,-3778014.70814807,0,3615.67056523338,-6286.9439522963,0
3829,-6565609.98679967,-3784299.92098956,0,3621.68569773622,-6283.48077123046,0
3830,-6561985.29491759,-3790581.66777217,0,3627.69751311936,-6280.01183509376,0
3831,-6558354.59288098,-3796859.94274245,0,3633.70600587655,-6276.5371470634,0
3832,-6554717.88401521,-3803134.74015006,0,3639.71117050457,-6273.05671032188,0
3833,-6551075.17165118,-3809406.05424791,0,3645.71300150328,-6269.57052805693,0
3834,-6547426.45912525,-3815673.87929207,0,3651.71149337556,-6266.07860346157,0
3835,-6543771.7497793,-3821938.20954179,0,3657.70664062736,-6262.58093973408,0
3836,-6540111.0469607,-3828199.03925956,0,3663.69843776771,-6259.07754007797,0
3837,-6536444.3540223,-3834456.36271104,0,3669.68687930868,-6255.56840770204,0
3838,-6532771.67432244,-3840710.17416513,0,3675.67195976543,-6252.0535458203,0
3839,-6529093.01122495,-3846960.46789392,0,3681.6536736562,-6248.53295765205,0
3840,-6525408.36809914,-3853207.23817275,0,3687.6320155023,-6245.0066464218,0
3841,-6521717.74831979,-3859450.47928015,0,3693.60697982815,-6241.47461535933,0
3842,-6518021.15526715,-3865690.18549793,0,3699.57856116124,-6237.93686769962,0
3843,-6514318.59232695,-3871926.3511111,0,3705.54675403218,-6234.39340668294,0
3844,-6510610.0628904,-3878158.97040793,0,3711.51155297466,-6230.84423555474,0
3845,-6506895.57035414,-3884388.03767992,0,3717.4729525255,-6227.28935756573,0
3846,-6503175.1181203,-3890613.54722186,0,3723.43094722462,-6223.72877597185,0
3847,-6499448.70959646,-3896835.49333175,0,3729.38553161506,-6220.16249403424,0
3848,-6495716.34819565,-3903053.8703109,0,3735.336700243,-6216.59051501929,0
3849,-6491978.03733637,-3909268.67246386,0,3741.28444765773,-6213.01284219858,0
3850,-6488233.78044256,-3915479.89409845,0,3747.22876841168,-6209.42947884892,0
3851,-6484483.58094359,-3921687.5295258,0,3753.16965706041,-6205.84042825234,0
3852,-6480727.44227429,-3927891.5730603,0,3759.10710816263,-6202.24569369605,0
3853,-6476965.36787492,-3934092.01901964,0,3765.04111628021,-6198.64527847251,0
3854,-6473197.3611912,-3940288.86172479,0,3770.97167597816,-6195.03918587934,0
3855,-6469423.42567425,-3946482.09550004,0,3776.89878182465,-6191.42741921938,0
3856,-6465643.56478064,-3952671.71467298,0,3782.82242839101,-6187.80998180067,0
3857,-6461857.78197237,-3958857.7135745,0,3788.74261025175,-6184.18687693644,0
3858,-6458066.08071685,-3965040.08653881,0,3794.65932198454,-6180.5581079451,0
3859,-6454268.46448692,-3971218.82790345,0,3800.57255817024,-6176.92367815026,0
3860,-6450464.93676083,-3977393.93200928,0,3806.48231339289,-6173.28359088072,0
3861,-6446655.50102226,-3983565.3932005,0,3812.38858223971,-6169.63784947045,0
3862,-6442840.16076028,-3989733.20582463,0,3818.29135930112,-6165.9864572586,0
3863,-6439018.91946938,-3995897.36423253,0,3824.19063917074,-6162.3294175895,0
3864,-6435191.78064947,-4002057.86277843,0,3830.08641644538,-6158.66673381265,0
3865,-6431358.74780583,-4008214.69581991,0,3835.97868572509,-6154.99840928273,0
3866,-6427519.82444915,-4014367.85771787,0,3841.8674416131,-6151.32444735955,0
3867,-6423675.01409553,-4020517.34283662,0,3847.75267871586,-6147.64485140814,0
3868,-6419824.32026644,-4026663.1455438,0,3853.63439164307,-6143.95962479864,0
3869,-6415967.74648876,-4032805.26021045,0,3859.51257500763,-6140.26877090637,0
3870,-6412105.29629474,-4038943.68121098,0,3865.38722342569,-6136.57229311181,0
3871,-6408236.97322202,-4045078.40292317,0,3871.25833151662,-6132.87019480057,0
3872,-6404362.78081361,-4051209.4197282,0,3877.12589390305,-6129.16247936343,0
3873,-6400482.72261791,-4057336.72601065,0,3882.98990521085,-6125.44915019631,0
3874,-6396596.80218867,-4063460.31615849,0,3888.85036006915,-6121.73021070025,0
3875,-6392705.02308504,-4069580.18456308,0,3894.70725311032,-6118.00566428145,0
3876,-6388807.38887151,-4075696.32561921,0,3900.56057897,-6114.27551435125,0
3877,-6384903.90311795,-4081808.73372508,0,3906.41033228712,-6110.5397643261,0
3878,-6380994.56939957,-4087917.40328231,0,3912.25650770384,-6106.79841762761,0
3879,-6377079.39129696,-4094022.32869592,0,3918.09909986563,-6103.05147768247,0
3880,-6373158.37239604,-4100123.5043744,0,3923.93810342123,-6099.29894792254,0
3881,-6369231.5162881,-4106220.92472964,0,3929.77351302267,-6095.54083178478,0
3882,-6365298.82656976,-4112314.58417699,0,3935.60532332526,-6091.77713271127,0
3883,-6361360.306843,-4118404.47713523,0,3941.43352898763,-6088.00785414918,0
3884,-6357415.96071512,-4124490.59802661,0,3947.25812467169,-6084.23299955083,0
3885,-6353465.79179876,-4130572.94127681,0,3953.07910504267,-6080.45257237363,0
3886,-6349509.80371191,-4136651.50131499,0,3958.8964647691,-6076.66657608008,0
3887,-6345548.00007788,-4142726.27257375,0,3964.71019852283,-6072.87501413779,0
3888,-6341580.3845253,-4148797.2494892,0,3970.52030097904,-6069.07789001948,0
3889,-6337606.96068813,-4154864.42650089,0,3976.32676681622,-6065.27520720296,0
3890,-6333627.73220564,-4160927.79805187,0,3982.12959071621,-6061.46696917111,0
3891,-6329642.70272245,-4166987.35858866,0,3987.92876736416,-6057.65317941192,0
3892,-6325651.87588844,-4173043.10256128,0,3993.72429144859,-6053.83384141847,0
3893,-6321655.25535884,-4179095.02442325,0,3999.51615766134,-6050.00895868889,0
3894,-6317652.84479417,-4185143.11863158,0,4005.30436069763,-6046.17853472643,0
3895,-6313644.64786027,-4191187.37964679,0,4011.08889525599,-6042.34257303937,0
3896,-6309630.66822825,-4197227.80193292,0,4016.86975603836,-6038.50107714111,0
3897,-6305610.90957455,-4203264.37995751,0,4022.64693775,-6034.65405055009,0
3898,-6301585.37558087,-4209297.10819163,0,4028.42043509958,-6030.8014967898,0
3899,-6297554.06993423,-4215325.98110988,0,4034.19024279912,-6026.94341938884,0
3900,-6293516.99632692,-4221350.99319037,0,4039.95635556402,-6023.07982188082,0
3901,-6289474.15845651,-4227372.13891478,0,4045.71876811307,-6019.21070780445,0
3902,-6285425.56002586,-4233389.41276831,0,4051.47747516845,-6015.33608070345,0
3903,-6281371.2047431,-4239402.8092397,0,4057.23247145573,-6011.45594412662,0
3904,-6277311.09632163,-4245412.32282125,0,4062.98375170388,-6007.5703016278,0
3905,-6273245.23848013,-4251417.94800883,0,4068.73131064528,-6003.67915676586,0
3906,-6269173.63494253,-4257419.67930185,0,4074.4751430157,-5999.78251310472,0
3907,-6265096.28943804,-4263417.5112033,0,4080.21524355436,-5995.88037421334,0
3908,-6261013.20570112,-4269411.43821973,0,4085.95160700385,-5991.9727436657,0
3909,-6256924.38747148,-4275401.45486127,0,4091.68422811021,-5988.05962504083,0
3910,-6252829.83849409,-4281387.55564164,0,4097.41310162292,-5984.14102192277,0
3911,-6248729.56251918,-4287369.73507815,0,4103.13822229486,-5980.21693790058,0
3912,-6244623.5633022,-4293347.98769167,0,4108.85958488237,-5976.28737656836,0
3913,-6240511.84460386,-4299322.30800671,0,4114.57718414522,-5972.35234152521,0
3914,-6236394.4101901,-4305292.69055136,0,4120.29101484664,-5968.41183637524,0
3915,-6232271.2638321,-4311259.1298573,0,4126.00107175331,-5964.46586472758,0
3916,-6228142.40930626,-4317221.62045985,0,4131.70734963535,-5960.51443019638,0
3917,-6224007.85039424,-4323180.15689794,0,4137.40984326635,-5956.55753640076,0
3918,-6219867.59088289,-4329134.7337141,0,4143.10854742338,-5952.59518696487,0
3919,-6215721.63456429,-4335085.34545453,0,4148.80345688697,-5948.62738551784,0
3920,-6211569.98523575,-4341031.98666901,0,4154.49456644111,-5944.6541356938,0
3921,-6207412.64669978,-4346974.651911,0,4160.18187087329,-5940.67544113186,0
3922,-6203249.62276412,-4352913.33573758,0,4165.86536497448,-5936.69130547615,0
3923,-6199080.91724168,-4358848.03270947,0,4171.54504353914,-5932.70173237573,0
3924,-6194906.53395062,-4364778.73739107,0,4177.22090136524,-5928.70672548469,0
3925,-6190726.47671426,-4370705.4443504,0,4182.89293325421,-5924.70628846207,0
3926,-6186540.74936115,-4376628.14815917,0,4188.56113401102,-5920.70042497189,0
3927,-6182349.35572502,-4382546.84339274,0,4194.22549844413,-5916.68913868314,0
3928,-6178152.29964477,-4388461.52463016,0,4199.88602136553,-5912.67243326978,0
3929,-6173949.58496452,-4394372.18645413,0,4205.54269759072,-5908.65031241072,0
3930,-6169741.21553355,-4400278.82345106,0,4211.19552193872,-5904.62277978986,0
3931,-6165527.19520632,-4406181.43021102,0,4216.84448923207,-5900.58983909601,0
3932,-6161307.52784249,-4412080.00132779,0,4222.48959429687,-5896.55149402298,0
3933,-6157082.21730686,-4417974.53139884,0,4228.13083196273,-5892.50774826951,0
3934,-6152851.26746942,-4423865.01502534,0,4233.76819706281,-5888.45860553927,0
3935,-6148614.68220531,-4429751.44681216,0,4239.40168443383,-5884.40406954091,0
3936,-6144372.46539485,-4435633.8213679,0,4245.03128891605,-5880.34414398798,0
3937,-6140124.6209235,-4441512.13330486,0,4250.65700535327,-5876.278832599,0
3938,-6135871.15268188,-4447386.37723906,0,4256.27882859289,-5872.20813909741,0
3939,-6131612.06456576,-4453256.54779026,0,4261.89675348585,-5868.13206721157,0
3940,-6127347.36047607,-4459122.63958194,0,4267.51077488666,-5864.05062067478,0
3941,-6123077.04431887,-4464984.64724131,0,4273.12088765341,-5859.96380322525,0
3942,-6118801.12000535,-4470842.56539933,0,4278.72708664778,-5855.87161860612,0
3943,-6114519.59145187,-4476696.38869071,0,4284.32936673501,-5851.77407056544,0
3944,-6110232.46257989,-4482546.1117539,0,4289.92772278395,-5847.67116285618,0
3945,-6105939.73731603,-4488391.72923112,0,4295.52214966704,-5843.5628992362,0
3946,-6101641.41959199,-4494233.23576833,0,4301.11264226032,-5839.4492834683,0
3947,-6097337.51334464,-4500070.62601526,0,4306.69919544343,-5835.33031932014,0
3948,-6093028.02251595,-4505903.89462543,0,4312.28180409961,-5831.20601056432,0
3949,-6088712.95105299,-4511733.03625611,0,4317.86046311572,-5827.07636097829,0
3950,-6084392.30290797,-4517558.04556837,0,4323.43516738226,-5822.94137434444,0
3951,-6080066.08203818,-4523378.91722705,0,4329.00591179331,-5818.80105445001,0
3952,-6075734.29240603,-4529195.64590078,0,4334.5726912466,-5814.65540508714,0
3953,-6071396.93797904,-4535008.226262,0,4340.1355006435,-5810.50443005286,0
3954,-6067054.0227298,-4540816.65298693,0,4345.694334889,-5806.34813314906,0
3955,-6062705.55063601,-4546620.92075561,0,4351.24918889173,-5802.18651818252,0
3956,-6058351.52568046,-4552421.02425188,0,4356.80005756399,-5798.01958896487,0
3957,-6053991.95185102,-4558216.95816339,0,4362.34693582169,-5793.84734931264,0
3958,-6049626.83314064,-4564008.71718163,0,4367.88981858443,-5789.66980304719,0
3959,-6045256.17354737,-4569796.29600189,0,4373.42870077545,-5785.48695399475,0
3960,-6040879.97707431,-4575579.6893233,0,4378.96357732167,-5781.29880598643,0
3961,-6036498.24772963,-4581358.89184883,0,4384.49444315366,-5777.10536285817,0
3962,-6032110.98952659,-4587133.89828526,0,4390.02129320567,-5772.90662845076,0
3963,-6027718.2064835,-4592904.70334325,0,4395.54412241565,-5768.70260660984,0
3964,-6023319.90262373,-4598671.30173729,0,4401.06292572519,-5764.4933011859,0
3965,-6018916.0819757,-4604433.68818571,0,4406.57769807961,-5760.27871603426,0
3966,-6014506.74857291,-4610191.85741073,0,4412.08843442789,-5756.05885501509,0
3967,-6010091.90645387,-4615945.80413841,0,4417.59512972273,-5751.83372199336,0
3968,-6005671.55966216,-4621695.52309867,0,4423.09777892051,-5747.6033208389,0
3969,-6001245.7122464,-4627441.00902533,0,4428.59637698133,-5743.36765542637,0
3970,-5996814.36826026,-4633182.25665607,0,4434.09091886901,-5739.12672963521,0
3971,-5992377.5317624,-4638919.26073244,0,4439.58139955105,-5734.88054734973,0
3972,-5987935.20681657,-4644652.0159999,0,4445.0678139987,-5730.62911245901,0
3973,-5983487.39749149,-4650380.51720779,0,4450.55015718694,-5726.37242885697,0
3974,-5979034.10786095,-4656104.75910934,0,4456.02842409445,-5722.11050044232,0
3975,-5974575.34200374,-4661824.7364617,0,4461.50260970366,-5717.8433311186,0
3976,-5970111.10400365,-4667540.44402591,0,4466.97270900074,-5713.5709247941,0
3977,-5965641.39794951,-4673251.87656693,0,4472.43871697559,-5709.29328538197,0
3978,-5961166.22793514,-4678959.02885362,0,4477.90062862189,-5705.0104168001,0
3979,-5956685.59805937,-4684661.89565878,0,4483.35843893702,-5700.7223229712,0
3980,-5952199.51242604,-4690360.47175912,0,4488.81214292216,-5696.42900782275,0
3981,-5947707.97514397,-4696054.75193529,0,4494.26173558224,-5692.13047528702,0
3982,-5943210.99032698,-4701744.73097188,0,4499.70721192594,-5687.82672930106,0
3983,-5938708.56209389,-4707430.40365739,0,4505.14856696572,-5683.5177738067,0
3984,-5934200.69456848,-4713111.7647843,0,4510.58579571783,-5679.20361275051,0
3985,-5929687.39187954,-4718788.80914902,0,4516.01889320228,-5674.88425008387,0
3986,-5925168.65816083,-4724461.53155192,0,4521.44785444286,-5670.5596897629,0
3987,-5920644.49755106,-4730129.92679732,0,4526.87267446717,-5666.22993574849,0
3988,-5916114.91419395,-4735793.98969351,0,4532.29334830659,-5661.89499200628,0
3989,-5911579.91223817,-4741453.71505274,0,4537.70987099629,-5657.55486250667,0
3990,-5907039.49583733,-4747109.09769126,0,4543.12223757525,-5653.20955122479,0
3991,-5902493.66915004,-4752760.13242926,0,4548.53044308626,-5648.85906214055,0
3992,-5897942.43633983,-4758406.81409093,0,4553.93448257593,-5644.50339923858,0
3993,-5893385.80157521,-4764049.13750446,0,4559.33435109465,-5640.14256650825,0
3994,-5888823.76902962,-4769687.09750201,0,4564.73004369668,-5635.77656794367,0
3995,-5884256.34288144,-4775320.68891974,0,4570.12155544005,-5631.40540754367,0
3996,-5879683.527314,-4780949.90659782,0,4575.50888138668,-5627.02908931184,0
3997,-5875105.32651557,-4786574.74538042,0,4580.89201660226,-5622.64761725645,0
3998,-5870521.74467935,-4792195.20011573,0,4586.27095615638,-5618.26099539052,0
3999,-5865932.78600346,-4797811.26565593,0,4591.64569512242,-5613.86922773177,0
4000,-5861338.45469094,-4803422.93685727,0,4597.01622857763,-5609.47231830266,0
4001,-5856738.75494978,-4809030.20857996,0,4602.38255160313,-5605.07027113032,0
4002,-5852133.69099285,-4814633.07568829,0,4607.74465928387,-5600.66309024663,0
4003,-5847523.26703796,-4820231.53305056,0,4613.10254670867,-5596.25077968812,0
4004,-5842907.48730782,-4825825.57553912,0,4618.4562089702,-5591.83334349607,0
4005,-5838286.35603005,-4831415.19803036,0,4623.80564116504,-5587.41078571643,0
4006,-5833659.87743715,-4837000.39540471,0,4629.1508383936,-5582.98311039983,0
4007,-5829028.05576655,-4842581.16254666,0,4634.4917957602,-5578.5503216016,0
4008,-5824390.89526055,-4848157.49434477,0,4639.82850837302,-5574.11242338177,0
4009,-5819748.40016635,-4853729.38569164,0,4645.16097134414,-5569.66941980501,0
4010,-5815100.57473603,-4859296.83148395,0,4650.48917978954,-5565.22131494071,0
4011,-5810447.42322657,-4864859.82662245,0,4655.81312882908,-5560.76811286289,0
4012,-5805788.9498998,-4870418.36601197,0,4661.13281358653,-5556.30981765028,0
4013,-5801125.15902245,-4875972.4445614,0,4666.44822918956,-5551.84643338624,0
4014,-5796456.0548661,-4881522.05718375,0,4671.75937076977,-5547.37796415881,0
4015,-5791781.64170721,-4887067.19879609,0,4677.06623346264,-5542.90441406069,0
4016,-5787101.92382709,-4892607.86431961,0,4682.36881240761,-5538.42578718922,0
4017,-5782416.90551192,-4898144.04867958,0,4687.667102748,-5533.94208764639,0
4018,-5777726.59105275,-4903675.74680538,0,4692.96109963109,-5529.45331953885,0
4019,-5773030.98474543,-4909202.95363051,0,4698.25079820809,-5524.95948697789,0
4020,-5768330.09089071,-4914725.66409256,0,4703.53619363413,-5520.46059407942,0
4021,-5763623.91379416,-4920243.87313326,0,4708.81728106829,-5515.95664496401,0
4022,-5758912.45776619,-4925757.57569846,0,4714.09405567359,-5511.44764375684,0
4023,-5754195.72712203,-4931266.76673812,0,4719.36651261702,-5506.93359458773,0
4024,-5749473.72618178,-4936771.44120636,0,4724.63464706951,-5502.41450159112,0
4025,-5744746.45927033,-4942271.59406141,0,4729.89845420594,-5497.89036890608,0
4026,-5740013.93071742,-4947767.22026565,0,4735.15792920517,-5493.36120067626,0
4027,-5735276.14485758,-4953258.31478563,0,4740.41306725001,-5488.82700104997,0
4028,-5730533.10603017,-4958744.87259201,0,4745.66386352727,-5484.2877741801,0
4029,-5725784.81857938,-4964226.88865963,0,4750.91031322771,-5479.74352422414,0
4030,-5721031.28685418,-4969704.35796748,0,4756.15241154609,-5475.19425534421,0
4031,-5716272.51520835,-4975177.27549873,0,4761.39015368113,-5470.63997170699,0
4032,-5711508.50800048,-4980645.6362407,0,4766.62353483557,-5466.08067748378,0
4033,-5706739.26959394,-4986109.43518489,0,4771.85255021613,-5461.51637685045,0
4034,-5701964.8043569,-4991568.66732699,0,4777.07719503352,-5456.94707398748,0
4035,-5697185.11666232,-4997023.32766685,0,4782.29746450247,-5452.37277307991,0
4036,-5692400.21088794,-5002473.41120853,0,4787.51335384171,-5447.79347831737,0
4037,-5687610.09141627,-5007918.91296027,0,4792.72485827397,-5443.20919389404,0
4038,-5682814.76263462,-5013359.8279345,0,4797.93197302602,-5438.61992400871,0
4039,-5678014.22893504,-5018796.15114786,0,4803.13469332864,-5434.0256728647,0
4040,-5673208.49471436,-5024227.87762121,0,4808.33301441662,-5429.42644466992,0
4041,-5668397.56437419,-5029655.00237959,0,4813.52693152881,-5424.82224363682,0
4042,-5663581.44232088,-5035077.52045228,0,4818.71643990805,-5420.2130739824,0
4043,-5658760.13296554,-5040495.42687276,0,4823.90153480127,-5415.59893992824,0
4044,-5653933.64072403,-5045908.71667874,0,4829.0822114594,-5410.97984570043,0
4045,-5649101.97001695,-5051317.38491218,0,4834.25846513744,-5406.35579552964,0
4046,-5644265.12526966,-5056721.42661923,0,4839.43029109443,-5401.72679365104,0
4047,-5639423.11091225,-5062120.83685032,0,4844.59768459347,-5397.09284430437,0
4048,-5634575.93137954,-5067515.6106601,0,4849.76064090173,-5392.45395173388,0
4049,-5629723.59111108,-5072905.74310746,0,4854.91915529041,-5387.81012018836,0
4050,-5624866.09455117,-5078291.22925557,0,4860.07322303482,-5383.16135392111,0
4051,-5620003.4461488,-5083672.06417182,0,4865.22283941432,-5378.50765718997,0
4052,-5615135.6503577,-5089048.24292788,0,4870.36799971235,-5373.84903425727,0
4053,-5610262.71163631,-5094419.76059969,0,4875.50869921643,-5369.18548938988,0
4054,-5605384.63444777,-5099786.61226744,0,4880.64493321817,-5364.51702685915,0
4055,-5600501.42325994,-5105148.79301561,0,4885.77669701327,-5359.84365094095,0
4056,-5595613.08254538,-5110506.29793295,0,4890.90398590151,-5355.16536591566,0
4057,-5590719.61678134,-5115859.1221125,0,4896.0267951868,-5350.48217606813,0
4058,-5585821.03044977,-5121207.26065158,0,4901.14512017713,-5345.79408568772,0
4059,-5580917.32803731,-5126550.7086518,0,4906.25895618459,-5341.10109906828,0
4060,-5576008.51403529,-5131889.46121907,0,4911.3682985254,-5336.40322050813,0
4061,-5571094.59293971,-5137223.5134636,0,4916.47314251989,-5331.7004543101,0
4062,-5566175.56925126,-5142552.86049991,0,4921.5734834925,-5326.99280478145,0
4063,-5561251.44747529,-5147877.49744682,0,4926.66931677181,-5322.28027623396,0
4064,-5556322.23212183,-5153197.41942748,0,4931.76063769052,-5317.56287298385,0
4065,-5551387.92770558,-5158512.62156933,0,4936.84744158547,-5312.84059935181,0
4066,-5546448.53874589,-5163823.09900416,0,4941.92972379761,-5308.113459663,0
4067,-5541504.06976677,-5169128.84686808,0,4947.00747967208,-5303.38145824702,0
4068,-5536554.52529688,-5174429.86030152,0,4952.08070455812,-5298.64459943795,0
4069,-5531599.90986953,-5179726.13444927,0,4957.14939380915,-5293.90288757429,0
4070,-5526640.22802268,-5185017.66446043,0,4962.21354278273,-5289.156326999,0
4071,-5521675.48429894,-5190304.44548848,0,4967.27314684057,-5284.40492205948,0
4072,-5516705.68324552,-5195586.47269122,0,4972.32820134856,-5279.64867710756,0
4073,-5511730.8294143,-5200863.74123081,0,4977.37870167676,-5274.88759649951,0
4074,-5506750.92736177,-5206136.24627378,0,4982.42464319938,-5270.12168459603,0
4075,-5501765.98164904,-5211403.98299102,0,4987.46602129483,-5265.35094576224,0
4076,-5496775.99684186,-5216666.94655779,0,4992.50283134567,-5260.57538436769,0
4077,-5491780.97751057,-5221925.1321537,0,4997.53506873868,-5255.79500478633,0
4078,-5486780.92823014,-5227178.53496276,0,5002.56272886479,-5251.00981139653,0
4079,-5481775.85358013,-5232427.15017335,0,5007.58580711916,-5246.21980858109,0
4080,-5476765.75814472,-5237670.97297824,0,5012.60429890111,-5241.42500072718,0
4081,-5471750.64651269,-5242909.99857459,0,5017.6181996142,-5236.62539222639,0
4082,-5466730.52327738,-5248144.22216394,0,5022.62750466615,-5231.82098747472,0
4083,-5461705.39303677,-5253373.63895225,0,5027.63220946893,-5227.01179087253,0
4084,-5456675.26039339,-5258598.24414987,0,5032.6323094387,-5222.19780682459,0
4085,-5451640.12995436,-5263818.03297156,0,5037.62779999584,-5217.37903974006,0
4086,-5446600.00633139,-5269033.00063648,0,5042.61867656496,-5212.55549403247,0
4087,-5441554.89414075,-5274243.14236822,0,5047.6049345749,-5207.72717411972,0
4088,-5436504.79800329,-5279448.45339479,0,5052.5865694587,-5202.89408442411,0
4089,-5431449.7225444,-5284648.92894862,0,5057.56357665368,-5198.05622937227,0
4090,-5426389.67239406,-5289844.56426656,0,5062.53595160136,-5193.21361339523,0
4091,-5421324.6521868,-5295035.35458991,0,5067.50368974753,-5188.36624092835,0
4092,-5416254.66656168,-5300221.2951644,0,5072.4667865422,-5183.51411641138,0
4093,-5411179.72016235,-5305402.3812402,0,5077.42523743965,-5178.6572442884,0
4094,-5406099.81763695,-5310578.60807192,0,5082.37903789841,-5173.79562900784,0
4095,-5401014.96363821,-5315749.97091864,0,5087.32818338128,-5168.92927502247,0
4096,-5395925.16282336,-5320916.46504388,0,5092.2726693553,-5164.05818678942,0
4097,-5390830.41985418,-5326078.08571563,0,5097.2124912918,-5159.18236877014,0
4098,-5385730.73939696,-5331234.82820632,0,5102.14764466637,-5154.30182543041,0
4099,-5380626.12612254,-5336386.68779287,0,5107.07812495887,-5149.41656124035,0
4100,-5375516.58470624,-5341533.65975667,0,5112.00392765346,-5144.5265806744,0
4101,-5370402.11982793,-5346675.73938359,0,5116.92504823857,-5139.63188821131,0
4102,-5365282.73617197,-5351812.92196396,0,5121.84148220692,-5134.73248833415,0
4103,-5360158.43842723,-5356945.20279261,0,5126.75322505553,-5129.82838553031,0
4104,-5355029.23128707,-5362072.57716887,0,5131.66027228571,-5124.91958429149,0
4105,-5349895.11944936,-5367195.04039655,0,5136.56261940306,-5120.00608911367,0
4106,-5344756.10761646,-5372312.58778395,0,5141.4602619175,-5115.08790449715,0
4107,-5339612.20049522,-5377425.2146439,0,5146.35319534327,-5110.16503494652,0
4108,-5334463.40279697,-5382532.91629371,0,5151.24141519889,-5105.23748497066,0
4109,-5329309.71923751,-5387635.6880552,0,5156.12491700722,-5100.30525908274,0
4110,-5324151.15453713,-5392733.52525474,0,5161.00369629544,-5095.36836180021,0
4111,-5318987.71342058,-5397826.42322318,0,5165.87774859506,-5090.4267976448,0
4112,-5313819.40061709,-5402914.37729591,0,5170.7470694419,-5085.4805711425,0
4113,-5308646.22086033,-5407997.38281286,0,5175.61165437612,-5080.5296868236,0
4114,-5303468.17888846,-5413075.43511847,0,5180.47149894224,-5075.57414922263,0
4115,-5298285.27944405,-5418148.52956172,0,5185.32659868909,-5070.61396287839,0
4116,-5293097.52727417,-5423216.66149616,0,5190.17694916987,-5065.64913233394,0
4117,-5287904.92713028,-5428279.82627984,0,5195.02254594211,-5060.6796621366,0
4118,-5282707.48376833,-5433338.0192754,0,5199.86338456771,-5055.70555683792,0
4119,-5277505.20194868,-5438391.23585,0,5204.69946061293,-5050.72682099372,0
4120,-5272298.08643611,-5443439.47137539,0,5209.53076964837,-5045.74345916404,0
4121,-5267086.14199986,-5448482.72122785,0,5214.35730724902,-5040.75547591317,0
4122,-5261869.37341356,-5453520.98078826,0,5219.17906899423,-5035.76287580962,0
4123,-5256647.78545529,-5458554.24544205,0,5223.99605046772,-5030.76566342615,0
4124,-5251421.38290752,-5463582.51057921,0,5228.80824725759,-5025.76384333972,0
4125,-5246190.17055714,-5468605.77159435,0,5233.61565495633,-5020.75742013153,0
4126,-5240954.15319544,-5473624.02388663,0,5238.41826916082,-5015.74639838698,0
4127,-5235713.33561812,-5478637.26285981,0,5243.21608547231,-5010.7307826957,0
4128,-5230467.72262526,-5483645.48392224,0,5248.00909949646,-5005.7105776515,0
4129,-5225217.31902135,-5488648.68248686,0,5252.79730684333,-5000.68578785243,0
4130,-5219962.12961526,-5493646.85397123,0,5257.58070312737,-4995.65641790071,0
4131,-5214702.15922025,-5498639.99379748,0,5262.35928396744,-4990.62247240276,0
4132,-5209437.41265393,-5503628.09739239,0,5267.13304498683,-4985.5839559692,0
4133,-5204167.89473834,-5508611.16018731,0,5271.90198181322,-4980.54087321484,0
4134,-5198893.61029983,-5513589.17761825,0,5276.66609007872,-4975.49322875865,0
4135,-5193614.56416915,-5518562.1451258,0,5281.42536541985,-4970.4410272238,0
4136,-5188330.76118142,-5523530.05815521,0,5286.17980347758,-4965.38427323763,0
4137,-5183042.20617608,-5528492.91215634,0,5290.92939989729,-4960.32297143163,0
4138,-5177748.90399695,-5533450.70258368,0,5295.6741503288,-4955.25712644149,0
4139,-5172450.8594922,-5538403.42489637,0,5300.41405042637,-4950.18674290703,0
4140,-5167148.07751432,-5543351.07455819,0,5305.1490958487,-4945.11182547225,0
4141,-5161840.56292017,-5548293.64703757,0,5309.87928225895,-4940.03237878528,0
4142,-5156528.32057092,-5553231.13780757,0,5314.60460532471,-4934.94840749842,0
4143,-5151211.35533208,-5558163.54234592,0,5319.32506071804,-4929.85991626809,0
4144,-5145889.67207348,-5563090.85613501,0,5324.04064411544,-4924.76690975488,0
4145,-5140563.27566929,-5568013.07466189,0,5328.75135119789,-4919.6693926235,0
4146,-5135232.17099796,-5572930.19341827,0,5333.45717765083,-4914.56736954277,0
4147,-5129896.3629423,-5577842.20790055,0,5338.15811916418,-4909.46084518568,0
4148,-5124555.85638938,-5582749.11360978,0,5342.85417143231,-4904.34982422932,0
4149,-5119210.65623062,-5587650.9060517,0,5347.54533015409,-4899.23431135488,0
4150,-5113860.76736169,-5592547.58073674,0,5352.23159103287,-4894.1143112477,0
4151,-5108506.1946826,-5597439.13318001,0,5356.91294977647,-4888.98982859721,0
4152,-5103146.94309761,-5602325.55890132,0,5361.58940209721,-4883.86086809695,0
4153,-5097783.0175153,-5607206.85342516,0,5366.26094371191,-4878.72743444455,0
4154,-5092414.42284852,-5612083.01228073,0,5370.92757034189,-4873.58953234176,0
4155,-5087041.16401437,-5616954.03100193,0,5375.58927771295,-4868.4471664944,0
4156,-5081663.24593427,-5621819.90512737,0,5380.24606155541,-4863.3003416124,0
4157,-5076280.67353386,-5626680.63020038,0,5384.89791760411,-4858.14906240975,0
4158,-5070893.45174308,-5631536.20176899,0,5389.54484159838,-4852.99333360453,0
4159,-5065501.5854961,-5636386.61538596,0,5394.18682928209,-4847.83315991892,0
4160,-5060105.07973137,-5641231.86660877,0,5398.82387640361,-4842.66854607912,0
4161,-5054703.93939156,-5646071.95099964,0,5403.45597871586,-4837.49949681544,0
4162,-5049298.16942362,-5650906.86412551,0,5408.08313197626,-4832.32601686223,0
4163,-5043887.77477871,-5655736.60155805,0,5412.70533194679,-4827.14811095792,0
4164,-5038472.76041223,-5660561.15887369,0,5417.32257439394,-4821.96578384496,0
4165,-5033053.13128384,-5665380.53165358,0,5421.93485508877,-4816.77904026989,0
4166,-5027628.89235738,-5670194.71548366,0,5426.54216980686,-4811.58788498326,0
4167,-5022200.04860095,-5675003.70595457,0,5431.14451432835,-4806.39232273967,0
4168,-5016766.60498686,-5679807.49866174,0,5435.74188443793,-4801.19235829778,0
4169,-5011328.56649162,-5684606.08920535,0,5440.33427592485,-4795.98799642024,0
4170,-5005885.93809596,-5689399.47319035,0,5444.92168458291,-4790.77924187377,0
4171,-5000438.7247848,-5694187.64622646,0,5449.50410621048,-4785.56609942908,0
4172,-4994986.93154728,-5698970.60392817,0,5454.08153661051,-4780.34857386092,0
4173,-4989530.56337672,-5703748.34191474,0,5458.65397159049,-4775.12666994805,0
4174,-4984069.62527063,-5708520.85581021,0,5463.22140696252,-4769.90039247323,0
4175,-4978604.12223072,-5713288.14124343,0,5467.78383854325,-4764.66974622324,0
4176,-4973134.05926287,-5718050.193848,0,5472.34126215394,-4759.43473598884,0
4177,-4967659.44137713,-5722807.00926234,0,5476.89367362042,-4754.19536656482,0
4178,-4962180.27358773,-5727558.58312966,0,5481.4410687731,-4748.95164274994,0
4179,-4956696.56091308,-5732304.91109798,0,5485.98344344702,-4743.70356934695,0
4180,-4951208.30837572,-5737045.9888201,0,5490.52079348178,-4738.45115116258,0
4181,-4945715.52100238,-5741781.81195365,0,5495.05311472161,-4733.19439300755,0
4182,-4940218.20382392,-5746512.37616106,0,5499.58040301533,-4727.93329969655,0
4183,-4934716.36187538,-5751237.67710959,0,5504.10265421637,-4722.66787604825,0
4184,-4929210.0001959,-5755957.71047132,0,5508.61986418278,-4717.39812688526,0
4185,-4923699.1238288,-5760672.47192314,0,5513.13202877724,-4712.12405703419,0
4186,-4918183.73782152,-5765381.95714677,0,5517.63914386701,-4706.84567132557,0
4187,-4912663.84722561,-5770086.16182878,0,5522.14120532402,-4701.5629745939,0
4188,-4907139.45709679,-5774785.08166056,0,5526.63820902481,-4696.27597167764,0
4189,-4901610.57249486,-5779478.71233835,0,5531.13015085055,-4690.98466741917,0
4190,-4896077.19848375,-5784167.04956323,0,5535.61702668703,-4685.68906666483,0
4191,-4890539.34013151,-5788850.08904113,0,5540.09883242473,-4680.38917426488,0
4192,-4884997.0025103,-5793527.82648283,0,5544.57556395872,-4675.08499507353,0
4193,-4879450.19069636,-5798200.25760397,0,5549.04721718874,-4669.77653394888,0
4194,-4873898.90977006,-5802867.37812504,0,5553.5137880192,-4664.463795753,0
4195,-4868343.16481582,-5807529.18377141,0,5557.97527235912,-4659.14678535183,0
4196,-4862782.9609222,-5812185.6702733,0,5562.43166612222,-4653.82550761527,0
4197,-4857218.3031818,-5816836.83336582,0,5566.88296522687,-4648.49996741709,0
4198,-4851649.19669132,-5821482.66878894,0,5571.32916559609,-4643.17016963498,0
4199,-4846075.64655154,-5826123.17228752,0,5575.77026315759,-4637.83611915053,0
4200,-4840497.6578673,-5830758.3396113,0,5580.20625384375,-4632.49782084922,0
4201,-4834915.2357475,-5835388.16651491,0,5584.63713359163,-4627.15527962043,0
4202,-4829328.38530512,-5840012.64875786,0,5589.06289834295,-4621.80850035742,0
4203,-4823737.11165716,-5844631.78210458,0,5593.48354404414,-4616.45748795732,0
4204,-4818141.41992473,-5849245.56232436,0,5597.8990666463,-4611.10224732115,0
4205,-4812541.31523292,-5853853.98519144,0,5602.30946210525,-4605.74278335382,0
4206,-4806936.80271091,-5858457.04648493,0,5606.71472638147,-4600.37910096407,0
4207,-4801327.8874919,-5863054.74198887,0,5611.11485544016,-4595.01120506452,0
4208,-4795714.57471311,-5867647.0674922,0,5615.50984525122,-4589.63910057167,0
4209,-4790096.86951582,-5872234.01878878,0,5619.89969178926,-4584.26279240585,0
4210,-4784474.7770453,-5876815.59167742,0,5624.2843910336,-4578.88228549124,0
4211,-4778848.30245085,-5881391.78196183,0,5628.66393896827,-4573.49758475588,0
4212,-4773217.4508858,-5885962.58545064,0,5633.03833158202,-4568.10869513165,0
4213,-4767582.22750747,-5890527.99795744,0,5637.40756486833,-4562.71562155424,0
4214,-4761942.63747718,-5895088.01530074,0,5641.77163482538,-4557.31836896321,0
4215,-4756298.68596026,-5899642.63330401,0,5646.13053745611,-4551.91694230192,0
4216,-4750650.37812604,-5904191.84779564,0,5650.48426876818,-4546.51134651757,0
4217,-4744997.71914782,-5908735.65460899,0,5654.83282477399,-4541.10158656117,0
4218,-4739340.71420292,-5913274.04958236,0,5659.17620149066,-4535.68766738755,0
4219,-4733679.3684726,-5917807.02855901,0,5663.51439494008,-4530.26959395534,0
4220,-4728013.68714212,-5922334.58738717,0,5667.84740114888,-4524.84737122697,0
4221,-4722343.6754007,-5926856.72192002,0,5672.17521614843,-4519.4210041687,0
4222,-4716669.33844155,-5931373.42801572,0,5676.49783597487,-4513.99049775056,0
4223,-4710990.6814618,-5935884.70153739,0,5680.81525666909,-4508.55585694637,0
4224,-4705307.70966257,-5940390.53835314,0,5685.12747427675,-4503.11708673375,0
4225,-4699620.42824892,-5944890.93433605,0,5689.43448484825,-4497.67419209409,0
4226,-4693928.84242987,-5949385.88536418,0,5693.7362844388,-4492.22717801257,0
4227,-4688232.95741835,-5953875.38732059,0,5698.03286910834,-4486.77604947814,0
4228,-4682532.77843127,-5958359.43609332,0,5702.32423492162,-4481.32081148351,0
4229,-4676828.31068944,-5962838.0275754,0,5706.61037794816,-4475.86146902516,0
4230,-4671119.55941761,-5967311.15766488,0,5710.89129426225,-4470.39802710333,0
4231,-4665406.52984446,-5971778.82226479,0,5715.16697994298,-4464.93049072202,0
4232,-4659689.22720257,-5976241.01728317,0,5719.43743107423,-4459.45886488895,0
4233,-4653967.65672846,-5980697.73863309,0,5723.70264374468,-4453.98315461564,0
4234,-4648241.82366254,-5985148.9822326,0,5727.96261404779,-4448.50336491729,0
4235,-4642511.73324912,-5989594.74400479,0,5732.21733808184,-4443.01950081289,0
4236,-4636777.39073643,-5994035.01987776,0,5736.4668119499,-4437.53156732513,0
4237,-4631038.80137658,-5998469.80578465,0,5740.71103175987,-4432.03956948043,0
4238,-4625295.97042556,-6002899.09766361,0,5744.94999362443,-4426.54351230894,0
4239,-4619548.90314327,-6007322.89145784,0,5749.1836936611,-4421.04340084453,0
4240,-4613797.60479347,-6011741.18311555,0,5753.41212799222,-4415.53924012478,0
4241,-4608042.08064381,-6016153.96859002,0,5757.63529274494,-4410.03103519097,0
4242,-4602282.3359658,-6020561.24383954,0,5761.85318405125,-4404.5187910881,0
4243,-4596518.37603481,-6024963.00482749,0,5766.06579804795,-4399.00251286486,0
4244,-4590750.20613009,-6029359.24752225,0,5770.2731308767,-4393.48220557363,0
4245,-4584977.83153473,-6033749.9678973,0,5774.47517868397,-4387.95787427049,0
4246,-4579201.25753568,-6038135.16193114,0,5778.6719376211,-4382.42952401521,0
4247,-4573420.48942373,-6042514.82560736,0,5782.86340384424,-4376.89715987122,0
4248,-4567635.53249351,-6046888.95491461,0,5787.04957351442,-4371.36078690564,0
4249,-4561846.3920435,-6051257.54584659,0,5791.23044279749,-4365.82041018927,0
4250,-4556053.07337599,-6055620.59440209,0,5795.40600786419,-4360.27603479657,0
4251,-4550255.58179711,-6059978.09658498,0,5799.5762648901,-4354.72766580565,0
4252,-4544453.92261683,-6064330.0484042,0,5803.74121005564,-4349.1753082983,0
4253,-4538648.10114889,-6068676.44587377,0,5807.90083954613,-4343.61896735994,0
4254,-4532838.1227109,-6073017.28501281,0,5812.05514955175,-4338.05864807966,0
4255,-4527023.99262422,-6077352.56184551,0,5816.20413626754,-4332.49435555017,0
4256,-4521205.71621406,-6081682.27240119,0,5820.34779589342,-4326.92609486785,0
4257,-4515383.2988094,-6086006.41271423,0,5824.48612463419,-4321.35387113268,0
4258,-4509556.74574302,-6090324.97882414,0,5828.61911869955,-4315.77768944831,0
4259,-4503726.06235148,-6094637.96677551,0,5832.74677430406,-4310.19755492197,0
4260,-4497891.25397515,-6098945.37261807,0,5836.86908766717,-4304.61347266454,0
4261,-4492052.32595816,-6103247.19240664,0,5840.98605501325,-4299.02544779051,0
4262,-4486209.28364839,-6107543.42220115,0,5845.09767257154,-4293.43348541798,0
4263,-4480362.13239753,-6111834.05806668,0,5849.2039365762,-4287.83759066865,0
4264,-4474510.87756101,-6116119.09607341,0,5853.30484326627,-4282.23776866784,0
4265,-4468655.52449802,-6120398.53229664,0,5857.40038888571,-4276.63402454444,0
4266,-4462796.07857151,-6124672.36281683,0,5861.4905696834,-4271.02636343096,0
4267,-4456932.54514818,-6128940.58371955,0,5865.57538191311,-4265.41479046347,0
4268,-4451064.92959846,-6133203.19109552,0,5869.65482183355,-4259.79931078165,0
4269,-4445193.23729653,-6137460.18104059,0,5873.72888570834,-4254.17992952873,0
4270,-4439317.4736203,-6141711.54965577,0,5877.79756980603,-4248.55665185155,0
4271,-4433437.64395142,-6145957.2930472,0,5881.86087040007,-4242.92948290048,0
4272,-4427553.75367524,-6150197.4073262,0,5885.91878376889,-4237.29842782948,0
4273,-4421665.80818086,-6154431.88860921,0,5889.97130619581,-4231.66349179606,0
4274,-4415773.81286107,-6158660.73301785,0,5894.01843396912,-4226.02467996129,0
4275,-4409877.77311237,-6162883.93667892,0,5898.06016338202,-4220.38199748977,0
4276,-4403977.69433499,-6167101.49572434,0,5902.09649073268,-4214.73544954968,0
4277,-4398073.58193283,-6171313.40629125,0,5906.1274123242,-4209.0850413127,0
4278,-4392165.44131349,-6175519.66452193,0,5910.15292446464,-4203.43077795409,0
4279,-4386253.27788828,-6179720.26656385,0,5914.17302346703,-4197.7726646526,0
4280,-4380337.09707217,-6183915.20856965,0,5918.18770564932,-4192.11070659053,0
4281,-4374416.90428381,-6188104.48669717,0,5922.19696733445,-4186.44490895369,0
4282,-4368492.70494555,-6192288.09710943,0,5926.20080485033,-4180.77527693142,0
4283,-4362564.50448339,-6196466.03597463,0,5930.1992145298,-4175.10181571657,0
4284,-4356632.30832699,-6200638.29946619,0,5934.19219271073,-4169.42453050547,0
4285,-4350696.12190969,-6204804.88376271,0,5938.1797357359,-4163.74342649799,0
4286,-4344755.95066846,-6208965.78504799,0,5942.16183995312,-4158.05850889747,0
4287,-4338811.80004393,-6213120.99951105,0,5946.13850171515,-4152.36978291076,0
4288,-4332863.67548039,-6217270.52334609,0,5950.10971737975,-4146.6772537482,0
4289,-4326911.58242575,-6221414.35275255,0,5954.07548330967,-4140.98092662359,0
4290,-4320955.52633156,-6225552.48393509,0,5958.03579587264,-4135.28080675423,0
4291,-4314995.51265301,-6229684.91310355,0,5961.99065144139,-4129.57689936089,0
4292,-4309031.54684889,-6233811.63647304,0,5965.94004639365,-4123.86920966781,0
4293,-4303063.63438163,-6237932.65026387,0,5969.88397711215,-4118.15774290268,0
4294,-4297091.78071728,-6242047.95070157,0,5973.82243998462,-4112.44250429667,0
4295,-4291115.99132548,-6246157.53401692,0,5977.75543140381,-4106.72349908439,0
4296,-4285136.27167949,-6250261.39644595,0,5981.68294776746,-4101.00073250391,0
4297,-4279152.62725616,-6254359.53422989,0,5985.60498547836,-4095.27420979674,0
4298,-4273165.06353595,-6258451.94361525,0,5989.52154094428,-4089.54393620782,0
4299,-4267173.58600288,-6262538.62085376,0,5993.43261057803,-4083.80991698555,0
4300,-4261178.2001446,-6266619.56220242,0,5997.33819079744,-4078.07215738173,0
4301,-4255178.91145229,-6270694.76392348,0,6001.23827802538,-4072.33066265162,0
4302,-4249175.72542073,-6274764.22228444,0,6005.13286868974,-4066.58543805387,0
4303,-4243168.64754828,-6278827.93355805,0,6009.02195922343,-4060.83648885057,0
4304,-4237157.68333685,-6282885.89402236,0,6012.90554606443,-4055.0838203072,0
4305,-4231142.83829191,-6286938.09996064,0,6016.78362565574,-4049.32743769266,0
4306,-4225124.11792247,-6290984.54766148,0,6020.6561944454,-4043.56734627926,0
4307,-4219101.52774113,-6295025.2334187,0,6024.52324888651,-4037.80355134268,0
4308,-4213075.073264,-6299060.15353141,0,6028.38478543722,-4032.03605816201,0
4309,-4207044.76001073,-6303089.30430403,0,6032.24080056072,-4026.26487201974,0
4310,-4201010.59350453,-6307112.68204623,0,6036.09129072528,-4020.48999820172,0
4311,-4194972.57927211,-6311130.28307297,0,6039.93625240421,-4014.71144199717,0
4312,-4188930.72284372,-6315142.10370452,0,6043.77568207589,-4008.92920869872,0
4313,-4182885.02975314,-6319148.14026644,0,6047.60957622376,-4003.14330360234,0
4314,-4176835.50553762,-6323148.38908956,0,6051.43793133635,-3997.35373200737,0
4315,-4170782.15573798,-6327142.84651005,0,6055.26074390725,-3991.56049921649,0
4316,-4164724.98589849,-6331131.50886937,0,6059.07801043512,-3985.76361053578,0
4317,-4158664.00156695,-6335114.37251426,0,6062.88972742371,-3979.96307127461,0
4318,-4152599.20829465,-6339091.43379683,0,6066.69589138186,-3974.15888674574,0
4319,-4146530.61163636,-6343062.68907444,0,6070.49649882346,-3968.35106226524,0
4320,-4140458.21715034,-6347028.13470981,0,6074.29154626754,-3962.53960315254,0
4321,-4134382.03039832,-6350987.76707097,0,6078.08103023819,-3956.72451473037,0
4322,-4128302.05694551,-6354941.58253128,0,6081.8649472646,-3950.9058023248,0
4323,-4122218.30236059,-6358889.57746941,0,6085.64329388106,-3945.08347126522,0
4324,-4116130.7722157,-6362831.74826937,0,6089.41606662697,-3939.25752688433,0
4325,-4110039.47208645,-6366768.09132051,0,6093.18326204683,-3933.42797451815,0
4326,-4103944.40755187,-6370698.60301752,0,6096.94487669024,-3927.59481950599,0
4327,-4097845.58419447,-6374623.27976042,0,6100.70090711192,-3921.75806719045,0
4328,-4091743.0076002,-6378542.11795458,0,6104.45134987171,-3915.91772291747,0
4329,-4085636.68335843,-6382455.11401072,0,6108.19620153455,-3910.07379203622,0
4330,-4079526.61706197,-6386362.2643449,0,6111.93545867052,-3904.22627989921,0
4331,-4073412.81430707,-6390263.56537855,0,6115.66911785481,-3898.37519186218,0
4332,-4067295.28069339,-6394159.01353845,0,6119.39717566776,-3892.5205332842,0
4333,-4061174.021824,-6398048.60525673,0,6123.1196286948,-3886.66230952755,0
4334,-4055049.0433054,-6401932.3369709,0,6126.83647352653,-3880.80052595783,0
4335,-4048920.35074748,-6405810.20512383,0,6130.54770675868,-3874.93518794386,0
4336,-4042787.94976355,-6409682.20616376,0,6134.2533249921,-3869.06630085774,0
4337,-4036651.84597029,-6413548.33654431,0,6137.9533248328,-3863.19387007481,0
4338,-4030512.04498781,-6417408.59272447,0,6141.64770289193,-3857.31790097367,0
4339,-4024368.55243956,-6421262.97116861,0,6145.3364557858,-3851.43839893613,0
4340,-4018221.37395242,-6425111.46834649,0,6149.01958013585,-3845.55536934726,0
4341,-4012070.5151566,-6428954.08073325,0,6152.6970725687,-3839.66881759536,0
4342,-4005915.98168571,-6432790.80480943,0,6156.36892971611,-3833.77874907195,0
4343,-3999757.77917672,-6436621.63706094,0,6160.03514821502,-3827.88516917177,0
4344,-3993595.91326995,-6440446.57397911,0,6163.6957247075,-3821.98808329279,0
4345,-3987430.38960909,-6444265.61206066,0,6167.35065584083,-3816.08749683616,0
4346,-3981261.21384117,-6448078.74780772,0,6170.99993826743,-3810.18341520628,0
4347,-3975088.39161657,-6451885.97772782,0,6174.64356864491,-3804.27584381071,0
4348,-3968911.92858901,-6455687.29833389,0,6178.28154363605,-3798.36478806022,0
4349,-3962731.83041554,-6459482.70614429,0,6181.9138599088,-3792.4502533688,0
4350,-3956548.10275654,-6463272.19768279,0,6185.54051413632,-3786.53224515357,0
4351,-3950360.75127572,-6467055.76947857,0,6189.16150299694,-3780.61076883488,0
4352,-3944169.78164011,-6470833.41806623,0,6192.77682317416,-3774.68582983624,0
4353,-3937975.19952004,-6474605.13998582,0,6196.38647135671,-3768.75743358433,0
4354,-3931777.01058916,-6478370.93178279,0,6199.99044423848,-3762.82558550899,0
4355,-3925575.22052443,-6482130.79000804,0,6203.58873851859,-3756.89029104324,0
4356,-3919369.83500609,-6485884.7112179,0,6207.18135090133,-3750.95155562323,0
4357,-3913160.85971769,-6489632.69197412,0,6210.76827809621,-3745.00938468829,0
4358,-3906948.30034605,-6493374.72884391,0,6214.34951681796,-3739.06378368088,0
4359,-3900732.1625813,-6497110.81839994,0,6217.92506378649,-3733.1147580466,0
4360,-3894512.45211682,-6500840.95722028,0,6221.49491572695,-3727.1623132342,0
4361,-3888289.17464928,-6504565.1418885,0,6225.05906936968,-3721.20645469555,0
4362,-3882062.33587861,-6508283.36899358,0,6228.61752145027,-3715.24718788565,0
4363,-3875831.94150799,-6511995.63513,0,6232.17026870951,-3709.28451826262,0
4364,-3869597.99724388,-6515701.93689766,0,6235.71730789343,-3703.3184512877,0
4365,-3863360.50879598,-6519402.27090194,0,6239.25863575326,-3697.34899242524,0
4366,-3857119.48187723,-6523096.6337537,0,6242.7942490455,-3691.37614714269,0
4367,-3850874.92220382,-6526785.02206924,0,6246.32414453185,-3685.39992091062,0
4368,-3844626.83549518,-6530467.43247036,0,6249.84831897927,-3679.42031920268,0
4369,-3838375.22747395,-6534143.86158432,0,6253.36676915995,-3673.43734749562,0
4370,-3832120.10386602,-6537814.30604385,0,6256.87949185132,-3667.45101126926,0
4371,-3825861.47040048,-6541478.76248718,0,6260.38648383607,-3661.46131600653,0
4372,-3819599.33280965,-6545137.22755801,0,6263.88774190211,-3655.46826719342,0
4373,-3813333.69682905,-6548789.69790554,0,6267.38326284264,-3649.47187031898,0
4374,-3807064.56819741,-6552436.17018446,0,6270.87304345609,-3643.47213087535,0
4375,-3800791.95265665,-6556076.64105493,0,6274.35708054615,-3637.46905435771,0
4376,-3794515.85595189,-6559711.10718265,0,6277.83537092177,-3631.46264626433,0
4377,-3788236.28383144,-6563339.56523877,0,6281.30791139717,-3625.45291209648,0
4378,-3781953.24204679,-6566962.01189998,0,6284.77469879184,-3619.43985735853,0
4379,-3775666.73635261,-6570578.44384847,0,6288.23572993052,-3613.42348755785,0
4380,-3769376.77250674,-6574188.85777192,0,6291.69100164325,-3607.40380820487,0
4381,-3763083.35627019,-6577793.25036353,0,6295.14051076531,-3601.38082481304,0
4382,-3756786.49340712,-6581391.61832204,0,6298.58425413729,-3595.35454289884,0
4383,-3750486.18968488,-6584983.95835166,0,6302.02222860505,-3589.32496798178,0
4384,-3744182.45087393,-6588570.26716217,0,6305.45443101973,-3583.29210558436,0
4385,-3737875.28274791,-6592150.54146885,0,6308.88085823776,-3577.25596123213,0
4386,-3731564.69108357,-6595724.77799249,0,6312.30150712085,-3571.21654045361,0
4387,-3725250.68166082,-6599292.97345946,0,6315.71637453602,-3565.17384878033,0
4388,-3718933.2602627,-6602855.1246016,0,6319.12545735557,-3559.12789174684,0
4389,-3712612.43267535,-6606411.22815634,0,6322.52875245712,-3553.07867489064,0
4390,-3706288.20468806,-6609961.28086662,0,6325.92625672355,-3547.02620375225,0
4391,-3699960.58209322,-6613505.27948093,0,6329.31796704309,-3540.97048387516,0
4392,-3693629.57068632,-6617043.22075331,0,6332.70388030925,-3534.91152080583,0
4393,-3687295.17626598,-6620575.10144333,0,6336.08399342085,-3528.84932009369,0
4394,-3680957.4046339,-6624100.91831613,0,6339.45830328203,-3522.78388729115,0
4395,-3674616.26159487,-6627620.6681424,0,6342.82680680224,-3516.71522795356,0
4396,-3668271.75295677,-6631134.34769838,0,6346.18950089626,-3510.64334763923,0
4397,-3661923.88453058,-6634641.95376587,0,6349.54638248418,-3504.56825190944,0
4398,-3655572.66213033,-6638143.48313225,0,6352.89744849142,-3498.48994632839,0
4399,-3649218.09157314,-6641638.93259044,0,6356.2426958487,-3492.40843646323,0
4400,-3642860.1786792,-6645128.29893894,0,6359.58212149212,-3486.32372788405,0
4401,-3636498.92927175,-6648611.57898182,0,6362.91572236307,-3480.23582616386,0
4402,-3630134.34917709,-6652088.76952874,0,6366.24349540828,-3474.1447368786,0
4403,-3623766.44422456,-6655559.86739492,0,6369.56543757984,-3468.05046560713,0
4404,-3617395.22024657,-6659024.86940116,0,6372.88154583517,-3461.95301793122,0
4405,-3611020.68307854,-6662483.77237384,0,6376.19181713702,-3455.85239943556,0
4406,-3604642.83855895,-6665936.57314495,0,6379.49624845349,-3449.74861570773,0
4407,-3598261.6925293,-6669383.26855204,0,6382.79483675805,-3443.64167233821,0
4408,-3591877.25083412,-6672823.85543828,0,6386.0875790295,-3437.53157492039,0
4409,-3585489.51932093,-6676258.3306524,0,6389.374472252,-3431.41832905054,0
4410,-3579098.5038403,-6679686.69104876,0,6392.65551341508,-3425.3019403278,0
4411,-3572704.21024579,-6683108.9334873,0,6395.9306995136,-3419.1824143542,0
4412,-3566306.64439396,-6686525.05483359,0,6399.20002754781,-3413.05975673466,0
4413,-3559905.81214438,-6689935.05195876,0,6402.46349452332,-3406.93397307693,0
4414,-3553501.71935959,-6693338.9217396,0,6405.7210974511,-3400.80506899167,0
4415,-3547094.37190515,-6696736.66105847,0,6408.97283334749,-3394.67305009235,0
4416,-3540683.77564957,-6700128.26680338,0,6412.21869923422,-3388.53792199534,0
4417,-3534269.93646434,-6703513.73586794,0,6415.45869213839,-3382.39969031981,0
4418,-3527852.86022394,-6706893.06515137,0,6418.69280909245,-3376.25836068781,0
4419,-3521432.5528058,-6710266.25155853,0,6421.92104713428,-3370.11393872421,0
4420,-3515009.0200903,-6713633.29199991,0,6425.14340330712,-3363.96643005672,0
4421,-3508582.26796079,-6716994.18339162,0,6428.35987465958,-3357.81584031587,0
4422,-3502152.30230357,-6720348.9226554,0,6431.57045824569,-3351.66217513502,0
4423,-3495719.12900787,-6723697.50671862,0,6434.77515112486,-3345.50544015034,0
4424,-3489282.75396587,-6727039.93251431,0,6437.9739503619,-3339.3456410008,0
4425,-3482843.18307267,-6730376.19698112,0,6441.16685302701,-3333.18278332821,0
4426,-3476400.42222631,-6733706.29706334,0,6444.35385619579,-3327.01687277716,0
4427,-3469954.47732775,-6737030.22971093,0,6447.53495694926,-3320.84791499502,0
4428,-3463505.35428085,-6740347.99187947,0,6450.71015237382,-3314.67591563199,0
4429,-3457053.05899241,-6743659.58053022,0,6453.87943956131,-3308.50088034102,0
4430,-3450597.59737211,-6746964.99263006,0,6457.04281560895,-3302.32281477786,0
4431,-3444138.97533254,-6750264.22515157,0,6460.20027761939,-3296.14172460104,0
4432,-3437677.19878918,-6753557.27507295,0,6463.3518227007,-3289.95761547183,0
4433,-3431212.27366041,-6756844.13937808,0,6466.49744796636,-3283.7704930543,0
4434,-3424744.20586748,-6760124.81505652,0,6469.63715053528,-3277.58036301527,0
4435,-3418273.00133453,-6763399.29910346,0,6472.77092753179,-3271.38723102429,0
4436,-3411798.66598857,-6766667.58851981,0,6475.89877608564,-3265.1911027537,0
4437,-3405321.20575946,-6769929.6803121,0,6479.02069333204,-3258.99198387856,0
4438,-3398840.62657996,-6773185.57149259,0,6482.13667641159,-3252.78988007667,0
4439,-3392356.93438565,-6776435.25907917,0,6485.24672247035,-3246.58479702857,0
4440,-3385870.13511497,-6779678.74009546,0,6488.35082865982,-3240.37674041753,0
4441,-3379380.23470923,-6782916.01157071,0,6491.44899213693,-3234.16571592953,0
4442,-3372887.23911255,-6786147.07053992,0,6494.54121006406,-3227.95172925328,0
4443,-3366391.1542719,-6789371.91404372,0,6497.62747960902,-3221.7347860802,0
4444,-3359891.98613707,-6792590.53912848,0,6500.7077979451,-3215.51489210442,0
4445,-3353389.74066068,-6795802.94284623,0,6503.782162251,-3209.29205302278,0
4446,-3346884.42379818,-6799009.12225472,0,6506.85056971091,-3203.0662745348,0
4447,-3340376.04150782,-6802209.0744174,0,6509.91301751446,-3196.8375623427,0
4448,-3333864.59975064,-6805402.79640341,0,6512.96950285674,-3190.60592215139,0
4449,-3327350.10449052,-6808590.2852876,0,6516.02002293829,-3184.37135966847,0
4450,-3320832.56169412,-6811771.53815055,0,6519.06457496513,-3178.13388060419,0
4451,-3314311.97733087,-6814946.55207852,0,6522.10315614874,-3171.89349067149,0
4452,-3307788.35737303,-6818115.32416351,0,6525.13576370606,-3165.65019558599,0
4453,-3301261.7077956,-6821277.85150321,0,6528.16239485952,-3159.40400106593,0
4454,-3294732.03457637,-6824434.13120107,0,6531.18304683702,-3153.15491283225,0
4455,-3288199.3436959,-6827584.16036622,0,6534.19771687191,-3146.90293660852,0
4456,-3281663.64113752,-6830727.93611353,0,6537.20640220306,-3140.64807812094,0
4457,-3275124.93288732,-6833865.45556361,0,6540.20910007479,-3134.39034309838,0
4458,-3268583.22493411,-6836996.71584279,0,6543.20580773691,-3128.12973727233,0
4459,-3262038.52326949,-6840121.71408314,0,6546.19652244473,-3121.8662663769,0
4460,-3255490.83388779,-6843240.44742244,0,6549.18124145903,-3115.59993614883,0
4461,-3248940.16278605,-6846352.91300423,0,6552.1599620461,-3109.3307523275,0
4462,-3242386.51596408,-6849459.10797781,0,6555.13268147771,-3103.05872065488,0
4463,-3235829.89942439,-6852559.02949818,0,6558.09939703113,-3096.78384687555,0
4464,-3229270.31917222,-6855652.67472611,0,6561.06010598914,-3090.5061367367,0
4465,-3222707.78121551,-6858740.04082811,0,6564.01480564001,-3084.22559598811,0
4466,-3216142.29156494,-6861821.12497646,0,6566.9634932775,-3077.94223038217,0
4467,-3209573.85623386,-6864895.92434918,0,6569.90616620091,-3071.65604567384,0
4468,-3203002.48123834,-6867964.43613003,0,6572.84282171503,-3065.36704762066,0
4469,-3196428.17259713,-6871026.65750855,0,6575.77345713016,-3059.07524198277,0
4470,-3189850.93633168,-6874082.58568005,0,6578.69806976211,-3052.78063452285,0
4471,-3183270.7784661,-6877132.21784558,0,6581.61665693222,-3046.48323100617,0
4472,-3176687.70502719,-6880175.55121197,0,6584.52921596734,-3040.18303720054,0
4473,-3170101.72204443,-6883212.58299181,0,6587.43574419985,-3033.88005887636,0
4474,-3163512.83554995,-6886243.31040347,0,6590.33623896763,-3027.57430180655,0
4475,-3156921.05157853,-6889267.7306711,0,6593.23069761412,-3021.26577176658,0
4476,-3150326.37616764,-6892285.84102461,0,6596.11911748826,-3014.95447453446,0
4477,-3143728.81535736,-6895297.6386997,0,6599.00149594453,-3008.64041589074,0
4478,-3137128.37519044,-6898303.12093785,0,6601.87783034296,-3002.32360161851,0
4479,-3130525.06171224,-6901302.28498632,0,6604.74811804909,-2996.00403750336,0
4480,-3123918.88097078,-6904295.12809817,0,6607.61235643401,-2989.68172933341,0
4481,-3117309.83901669,-6907281.64753223,0,6610.47054287435,-2983.3566828993,0
4482,-3110697.94190322,-6910261.84055314,0,6613.32267475229,-2977.02890399416,0
4483,-3104083.19568624,-6913235.70443133,0,6616.16874945554,-2970.69839841364,0
4484,-3097465.60642424,-6916203.23644301,0,6619.00876437737,-2964.36517195588,0
4485,-3090845.18017828,-6919164.43387021,0,6621.84271691659,-2958.02923042152,0
4486,-3084221.92301206,-6922119.29400076,0,6624.67060447758,-2951.69057961367,0
4487,-3077595.84099185,-6925067.81412829,0,6627.49242447026,-2945.34922533793,0
4488,-3070966.94018651,-6928009.99155222,0,6630.3081743101,-2939.00517340239,0
4489,-3064335.22666747,-6930945.82357781,0,6633.11785141816,-2932.65842961759,0
4490,-3057700.70650877,-6933875.30751611,0,6635.92145322103,-2926.30899979655,0
4491,-3051063.38578699,-6936798.44068399,0,6638.71897715089,-2919.95688975473,0
4492,-3044423.27058128,-6939715.22040415,0,6641.51042064545,-2913.60210531007,0
4493,-3037780.36697336,-6942625.64400509,0,6644.29578114804,-2907.24465228294,0
4494,-3031134.6810475,-6945529.70882113,0,6647.07505610752,-2900.88453649618,0
4495,-3024486.21889051,-6948427.41219243,0,6649.84824297834,-2894.52176377503,0
4496,-3017834.98659175,-6951318.75146498,0,6652.61533922052,-2888.1563399472,0
4497,-3011180.99024313,-6954203.72399057,0,6655.37634229968,-2881.7882708428,0
4498,-3004524.23593905,-6957082.32712685,0,6658.13124968699,-2875.41756229439,0
4499,-2997864.72977649,-6959954.55823729,0,6660.88005885921,-2869.04422013693,0
4500,-2991202.47785491,-6962820.4146912,0,6663.62276729871,-2862.66825020778,0
4501,-2984537.48627631,-6965679.89386373,0,6666.35937249342,-2856.28965834674,0
4502,-2977869.76114518,-6968532.99313586,0,6669.08987193687,-2849.90845039598,0
4503,-2971199.30856852,-6971379.70989444,0,6671.81426312819,-2843.5246322001,0
4504,-2964526.13465584,-6974220.04153213,0,6674.53254357208,-2837.13820960605,0
4505,-2957850.24551912,-6977053.98544747,0,6677.24471077887,-2830.74918846319,0
4506,-2951171.64727285,-6979881.53904482,0,6679.95076226447,-2824.35757462326,0
4507,-2944490.34603399,-6982702.69973443,0,6682.65069555038,-2817.96337394037,0
4508,-2937806.34792197,-6985517.46493238,0,6685.34450816374,-2811.566592271,0
4509,-2931119.65905871,-6988325.8320606,0,6688.03219763725,-2805.167235474,0
4510,-2924430.28556857,-6991127.7985469,0,6690.71376150926,-2798.76530941055,0
4511,-2917738.23357838,-6993923.36182495,0,6693.38919732371,-2792.36081994423,0
4512,-2911043.50921742,-6996712.51933428,0,6696.05850263015,-2785.95377294094,0
4513,-2904346.11861743,-6999495.26852028,0,6698.72167498376,-2779.54417426891,0
4514,-2897646.06791259,-7002271.60683422,0,6701.37871194531,-2773.13202979873,0
4515,-2890943.36323949,-7005041.53173323,0,6704.02961108122,-2766.71734540332,0
4516,-2884238.01073718,-7007805.04068034,0,6706.67436996351,-2760.30012695792,0
4517,-2877530.01654712,-7010562.13114442,0,6709.31298616984,-2753.88038034009,0
4518,-2870819.3868132,-7013312.80060026,0,6711.94545728349,-2747.45811142971,0
4519,-2864106.12768172,-7016057.04652848,0,6714.57178089336,-2741.03332610896,0
4520,-2857390.24530138,-7018794.86641563,0,6717.19195459399,-2734.60603026234,0
4521,-2850671.7458233,-7021526.25775413,0,6719.80597598555,-2728.17622977664,0
4522,-2843950.63540098,-7024251.21804227,0,6722.41384267384,-2721.74393054095,0
4523,-2837226.92019032,-7026969.74478425,0,6725.01555227031,-2715.30913844663,0
4524,-2830500.6063496,-7029681.83549017,0,6727.61110239204,-2708.87185938735,0
4525,-2823771.70003948,-7032387.48767601,0,6730.20049066176,-2702.43209925904,0
4526,-2817040.20742302,-7035086.69886363,0,6732.78371470782,-2695.98986395992,0
4527,-2810306.1346656,-7037779.46658084,0,6735.36077216423,-2689.54515939044,0
4528,-2803569.487935,-7040465.78836129,0,6737.93166067068,-2683.09799145337,0
4529,-2796830.27340136,-7043145.66174459,0,6740.49637787245,-2676.64836605367,0
4530,-2790088.49723714,-7045819.08427621,0,6743.05492142051,-2670.1962890986,0
4531,-2783344.16561718,-7048486.05350757,0,6745.60728897149,-2663.74176649765,0
4532,-2776597.28471865,-7051146.56699597,0,6748.15347818766,-2657.28480416255,0
4533,-2769847.86072103,-7053800.62230462,0,6750.69348673694,-2650.82540800726,0
4534,-2763095.89980617,-7056448.21700268,0,6753.22731229293,-2644.36358394796,0
4535,-2756341.40815822,-7059089.34866519,0,6755.7549525349,-2637.89933790309,0
4536,-2749584.39196364,-7061724.01487313,0,6758.27640514775,-2631.43267579327,0
4537,-2742824.85741123,-7064352.2132134,0,6760.79166782209,-2624.96360354135,0
4538,-2736062.81069208,-7066973.94127881,0,6763.30073825416,-2618.49212707239,0
4539,-2729298.25799957,-7069589.19666811,0,6765.8036141459,-2612.01825231364,0
4540,-2722531.2055294,-7072197.97698598,0,6768.30029320492,-2605.54198519455,0
4541,-2715761.65947954,-7074800.27984302,0,6770.79077314448,-2599.06333164678,0
4542,-2708989.62605024,-7077396.10285578,0,6773.27505168356,-2592.58229760415,0
4543,-2702215.11144406,-7079985.44364671,0,6775.75312654678,-2586.09888900267,0
4544,-2695438.1218658,-7082568.29984424,0,6778.22499546447,-2579.61311178053,0
4545,-2688658.66352254,-7085144.66908271,0,6780.69065617262,-2573.12497187809,0
4546,-2681876.74262361,-7087714.54900242,0,6783.15010641294,-2566.63447523785,0
4547,-2675092.36538062,-7090277.93724959,0,6785.60334393279,-2560.14162780451,0
4548,-2668305.5380074,-7092834.83147641,0,6788.05036648524,-2553.64643552489,0
4549,-2661516.26672005,-7095385.22934101,0,6790.49117182905,-2547.14890434797,0
4550,-2654724.55773689,-7097929.12850746,0,6792.92575772868,-2540.64904022487,0
4551,-2647930.41727848,-7100466.5266458,0,6795.35412195428,-2534.14684910884,0
4552,-2641133.85156762,-7102997.421432,0,6797.7762622817,-2527.64233695529,0
4553,-2634334.86682929,-7105521.81054801,0,6800.19217649248,-2521.13550972171,0
4554,-2627533.46929074,-7108039.69168174,0,6802.60186237389,-2514.62637336776,0
4555,-2620729.66518139,-7110551.06252703,0,6805.00531771887,-2508.11493385516,0
4556,-2613923.46073288,-7113055.92078371,0,6807.40254032608,-2501.6011971478,0
4557,-2607114.86217905,-7115554.26415758,0,6809.79352799992,-2495.08516921162,0
4558,-2600303.87575592,-7118046.09036038,0,6812.17827855044,-2488.56685601469,0
4559,-2593490.50770172,-7120531.39710985,0,6814.55678979346,-2482.04626352717,0
4560,-2586674.76425683,-7123010.18212966,0,6816.92905955047,-2475.5233977213,0
4561,-2579856.65166384,-7125482.44314951,0,6819.29508564872,-2468.9982645714,0
4562,-2573036.17616748,-7127948.17790502,0,6821.65486592113,-2462.47087005388,0
4563,-2566213.34401466,-7130407.38413782,0,6824.00839820638,-2455.94122014721,0
4564,-2559388.16145445,-7132860.05959551,0,6826.35568034885,-2449.40932083192,0
4565,-2552560.63473806,-7135306.20203167,0,6828.69671019866,-2442.87517809061,0
4566,-2545730.77011886,-7137745.80920588,0,6831.03148561165,-2436.33879790795,0
4567,-2538898.57385236,-7140178.87888367,0,6833.36000444939,-2429.80018627062,0
4568,-2532064.0521962,-7142605.4088366,0,6835.68226457917,-2423.25934916738,0
4569,-2525227.21141015,-7145025.39684218,0,6837.99826387402,-2416.71629258902,0
4570,-2518388.0577561,-7147438.84068395,0,6840.30800021271,-2410.17102252834,0
4571,-2511546.59749808,-7149845.73815141,0,6842.61147147974,-2403.6235449802,0
4572,-2504702.8369022,-7152246.08704008,0,6844.90867556535,-2397.07386594146,0
4573,-2497856.78223671,-7154639.88515146,0,6847.19961036552,-2390.521991411,0
4574,-2491008.43977193,-7157027.13029307,0,6849.48427378196,-2383.96792738973,0
4575,-2484157.81578031,-7159407.82027841,0,6851.76266372216,-2377.41167988053,0
4576,-2477304.91653634,-7161781.952927,0,6854.03477809931,-2370.8532548883,0
4577,-2470449.74831665,-7164149.52606436,0,6856.30061483238,-2364.29265841995,0
4578,-2463592.31739992,-7166510.53752202,0,6858.56017184607,-2357.72989648436,0
4579,-2456732.63006689,-7168864.98513751,0,6860.81344707085,-2351.16497509238,0
4580,-2449870.6926004,-7171212.86675439,0,6863.06043844293,-2344.59790025686,0
4581,-2443006.51128531,-7173554.18022221,0,6865.30114390427,-2338.02867799263,0
4582,-2436140.09240858,-7175888.92339657,0,6867.53556140262,-2331.45731431645,0
4583,-2429271.44225918,-7178217.09413905,0,6869.76368889145,-2324.88381524708,0
4584,-2422400.56712814,-7180538.69031727,0,6871.98552433001,-2318.30818680522,0
4585,-2415527.47330854,-7182853.70980488,0,6874.20106568331,-2311.73043501352,0
4586,-2408652.16709548,-7185162.15048152,0,6876.41031092212,-2305.15056589656,0
4587,-2401774.65478608,-7187464.0102329,0,6878.61325802299,-2298.5685854809,0
4588,-2394894.94267949,-7189759.28695073,0,6880.80990496822,-2291.98449979498,0
4589,-2388013.03707687,-7192047.97853275,0,6883.00024974591,-2285.39831486922,0
4590,-2381128.94428139,-7194330.08288273,0,6885.18429034989,-2278.81003673593,0
4591,-2374242.67059822,-7196605.59791049,0,6887.36202477979,-2272.21967142934,0
4592,-2367354.22233455,-7198874.52153188,0,6889.53345104103,-2265.62722498561,0
4593,-2360463.60579953,-7201136.85166877,0,6891.69856714477,-2259.03270344279,0
4594,-2353570.82730431,-7203392.58624908,0,6893.85737110798,-2252.43611284083,0
4595,-2346675.89316202,-7205641.72320678,0,6896.00986095339,-2245.83745922158,0
4596,-2339778.80968776,-7207884.26048186,0,6898.15603470954,-2239.23674862878,0
4597,-2332879.58319862,-7210120.19602039,0,6900.29589041073,-2232.63398710806,0
4598,-2325978.22001362,-7212349.52777445,0,6902.42942609706,-2226.02918070691,0
4599,-2319074.72645375,-7214572.2537022,0,6904.55663981441,-2219.42233547472,0
4600,-2312169.10884196,-7216788.37176781,0,6906.67752961445,-2212.81345746271,0
4601,-2305261.37350314,-7218997.87994155,0,6908.79209355466,-2206.20255272401,0
4602,-2298351.52676412,-7221200.7761997,0,6910.90032969829,-2199.58962731356,0
4603,-2291439.57495365,-7223397.05852463,0,6913.00223611439,-2192.97468728818,0
4604,-2284525.52440244,-7225586.72490476,0,6915.09781087783,-2186.35773870652,0
4605,-2277609.38144309,-7227769.77333455,0,6917.18705206926,-2179.73878762908,0
4606,-2270691.15241013,-7229946.20181454,0,6919.26995777512,-2173.1178401182,0
4607,-2263770.84364,-7232116.00835133,0,6921.34652608768,-2166.49490223802,0
4608,-2256848.46147105,-7234279.19095758,0,6923.41675510499,-2159.86998005452,0
4609,-2249924.01224352,-7236435.74765202,0,6925.48064293093,-2153.24307963552,0
4610,-2242997.50229955,-7238585.67645946,0,6927.53818767517,-2146.61420705061,0
4611,-2236068.93798316,-7240728.97541076,0,6929.58938745319,-2139.98336837122,0
4612,-2229138.32564026,-7242865.64254286,0,6931.63424038629,-2133.35056967056,0
4613,-2222205.67161863,-7244995.67589879,0,6933.67274460157,-2126.71581702365,0
4614,-2215270.98226792,-7247119.07352762,0,6935.70489823197,-2120.07911650729,0
4615,-2208334.26393965,-7249235.83348454,0,6937.73069941622,-2113.44047420006,0
4616,-2201395.52298719,-7251345.95383078,0,6939.75014629889,-2106.79989618233,0
4617,-2194454.76576576,-7253449.43263369,0,6941.76323703034,-2100.15738853624,0
4618,-2187511.99863246,-7255546.26796668,0,6943.76996976678,-2093.51295734569,0
4619,-2180567.22794618,-7257636.45790923,0,6945.77034267024,-2086.86660869635,0
4620,-2173620.46006767,-7259720.00054694,0,6947.76435390856,-2080.21834867564,0
4621,-2166671.70135952,-7261796.89397149,0,6949.75200165542,-2073.56818337275,0
4622,-2159720.95818613,-7263867.13628063,0,6951.73328409032,-2066.91611887857,0
4623,-2152768.23691372,-7265930.72557821,0,6953.7081993986,-2060.26216128579,0
4624,-2145813.54391031,-7267987.6599742,0,6955.67674577141,-2053.60631668878,0
4625,-2138856.88554575,-7270037.93758462,0,6957.63892140577,-2046.94859118367,0
4626,-2131898.26819168,-7272081.55653163,0,6959.5947245045,-2040.2889908683,0
4627,-2124937.69822152,-7274118.51494345,0,6961.54415327627,-2033.62752184224,0
4628,-2117975.1820105,-7276148.81095444,0,6963.4872059356,-2026.96419020674,0
4629,-2111010.72593561,-7278172.44270503,0,6965.42388070283,-2020.29900206481,0
4630,-2104044.33637565,-7280189.40834177,0,6967.35417580414,-2013.6319635211,0
4631,-2097076.01971115,-7282199.70601731,0,6969.27808947158,-2006.96308068199,0
4632,-2090105.78232444,-7284203.3338904,0,6971.19561994303,-2000.29235965556,0
4633,-2083133.63059958,-7286200.29012593,0,6973.1067654622,-1993.61980655153,0
4634,-2076159.57092241,-7288190.57289485,0,6975.01152427867,-1986.94542748135,0
4635,-2069183.60968051,-7290174.18037427,0,6976.90989464786,-1980.2692285581,0
4636,-2062205.75326318,-7292151.11074739,0,6978.80187483104,-1973.59121589654,0
4637,-2055226.00806149,-7294121.36220352,0,6980.68746309535,-1966.91139561311,0
4638,-2048244.38046821,-7296084.93293811,0,6982.56665771375,-1960.22977382588,0
4639,-2041260.87687785,-7298041.82115272,0,6984.4394569651,-1953.54635665458,0
4640,-2034275.50368664,-7299992.025055,0,6986.30585913407,-1946.86115022058,0
4641,-2027288.26729251,-7301935.54285878,0,6988.16586251123,-1940.17416064691,0
4642,-2020299.17409511,-7303872.37278396,0,6990.01946539299,-1933.4853940582,0
4643,-2013308.23049579,-7305802.5130566,0,6991.86666608162,-1926.79485658074,0
4644,-2006315.44289758,-7307725.96190887,0,6993.70746288526,-1920.10255434241,0
4645,-1999320.81770521,-7309642.71757907,0,6995.54185411793,-1913.40849347273,0
4646,-1992324.36132509,-7311552.77831164,0,6997.36983809948,-1906.71268010282,0
4647,-1985326.08016532,-7313456.14235715,0,6999.19141315567,-1900.01512036541,0
4648,-1978325.98063565,-7315352.8079723,0,7001.0065776181,-1893.31582039484,0
4649,-1971324.0691475,-7317242.77341991,0,7002.81532982425,-1886.61478632701,0
4650,-1964320.35211397,-7319126.03696897,0,7004.61766811748,-1879.91202429944,0
4651,-1957314.83594979,-7321002.59689457,0,7006.41359084703,-1873.20754045123,0
4652,-1950307.52707134,-7322872.45147797,0,7008.20309636798,-1866.50134092303,0
4653,-1943298.43189667,-7324735.59900657,0,7009.98618304133,-1859.79343185711,0
4654,-1936287.55684542,-7326592.03777389,0,7011.76284923395,-1853.08381939725,0
4655,-1929274.9083389,-7328441.76607961,0,7013.53309331856,-1846.37250968883,0
4656,-1922260.49280003,-7330284.78222957,0,7015.2969136738,-1839.65950887877,0
4657,-1915244.31665334,-7332121.08453572,0,7017.05430868418,-1832.94482311553,0
4658,-1908226.38632498,-7333950.6713162,0,7018.80527674008,-1826.22845854914,0
4659,-1901206.70824271,-7335773.54089527,0,7020.5498162378,-1819.51042133115,0
4660,-1894185.28883589,-7337589.69160336,0,7022.28792557949,-1812.79071761463,0
4661,-1887162.13453547,-7339399.12177705,0,7024.01960317321,-1806.0693535542,0
4662,-1880137.25177399,-7341201.82975907,0,7025.74484743291,-1799.34633530599,0
4663,-1873110.64698557,-7342997.81389832,0,7027.46365677844,-1792.62166902763,0
4664,-1866082.32660593,-7344787.07254984,0,7029.17602963552,-1785.8953608783,0
4665,-1859052.29707232,-7346569.60407484,0,7030.88196443579,-1779.16741701864,0
4666,-1852020.56482359,-7348345.40684069,0,7032.58145961676,-1772.43784361082,0
4667,-1844987.13630015,-7350114.47922093,0,7034.27451362188,-1765.70664681848,0
4668,-1837952.01794393,-7351876.81959526,0,7035.96112490045,-1758.97383280676,0
4669,-1830915.21619844,-7353632.42634953,0,7037.6412919077,-1752.23940774227,0
4670,-1823876.73750871,-7355381.29787578,0,7039.31501310476,-1745.50337779311,0
4671,-1816836.58832134,-7357123.43257221,0,7040.98228695866,-1738.76574912884,0
4672,-1809794.77508442,-7358858.82884319,0,7042.64311194234,-1732.0265279205,0
4673,-1802751.30424759,-7360587.48509926,0,7044.29748653464,-1725.28572034055,0
4674,-1795706.18226199,-7362309.39975714,0,7045.9454092203,-1718.54333256295,0
4675,-1788659.41558028,-7364024.57123971,0,7047.58687848999,-1711.79937076308,0
4676,-1781611.01065665,-7365732.99797605,0,7049.22189284029,-1705.05384111777,0
4677,-1774560.97394674,-7367434.67840139,0,7050.85045077366,-1698.30674980528,0
4678,-1767509.31190774,-7369129.61095716,0,7052.4725507985,-1691.5581030053,0
4679,-1760456.03099828,-7370817.79409097,0,7054.08819142914,-1684.80790689896,0
4680,-1753401.1376785,-7372499.22625659,0,7055.69737118578,-1678.05616766878,0
4681,-1746344.63841002,-7374173.90591399,0,7057.30008859459,-1671.30289149873,0
4682,-1739286.53965592,-7375841.83152933,0,7058.89634218762,-1664.54808457416,0
4683,-1732226.84788074,-7377503.00157495,0,7060.48613050285,-1657.79175308184,0
4684,-1725165.56955049,-7379157.41452937,0,7062.06945208419,-1651.03390320991,0
4685,-1718102.71113263,-7380805.06887731,0,7063.64630548147,-1644.27454114793,0
4686,-1711038.27909607,-7382445.96310967,0,7065.21668925044,-1637.51367308683,0
4687,-1703972.27991115,-7384080.09572354,0,7066.78060195277,-1630.75130521892,0
4688,-1696904.72004966,-7385707.46522223,0,7068.33804215608,-1623.98744373789,0
4689,-1689835.60598482,-7387328.07011521,0,7069.8890084339,-1617.22209483879,0
4690,-1682764.94419125,-7388941.90891817,0,7071.43349936568,-1610.45526471804,0
4691,-1675692.74114501,-7390548.98015297,0,7072.97151353683,-1603.68695957341,0
4692,-1668619.00332356,-7392149.28234771,0,7074.50304953866,-1596.91718560403,0
4693,-1661543.73720579,-7393742.81403664,0,7076.02810596843,-1590.14594901036,0
4694,-1654466.94927195,-7395329.57376025,0,7077.54668142934,-1583.37325599421,0
4695,-1647388.64600371,-7396909.56006522,0,7079.05877453052,-1576.59911275873,0
4696,-1640308.83388414,-7398482.77150443,0,7080.56438388704,-1569.82352550838,0
4697,-1633227.51939765,-7400049.20663697,0,7082.06350811989,-1563.04650044897,0
4698,-1626144.70903006,-7401608.86402813,0,7083.55614585603,-1556.2680437876,0
4699,-1619060.40926856,-7403161.74224941,0,7085.04229572834,-1549.48816173269,0
4700,-1611974.62660168,-7404707.83987853,0,7086.52195637564,-1542.70686049397,0
4701,-1604887.36751933,-7406247.15549941,0,7087.99512644272,-1535.92414628246,0
4702,-1597798.63851277,-7407779.68770218,0,7089.46180458027,-1529.1400253105,0
4703,-1590708.4460746,-7409305.43508318,0,7090.92198944498,-1522.35450379168,0
4704,-1583616.79669875,-7410824.39624498,0,7092.37567969945,-1515.5675879409,0
4705,-1576523.69688051,-7412336.56979636,0,7093.82287401223,-1508.77928397434,0
4706,-1569429.15311648,-7413841.9543523,0,7095.26357105783,-1501.98959810942,0
4707,-1562333.17190459,-7415340.54853402,0,7096.69776951671,-1495.19853656486,0
4708,-1555235.75974408,-7416832.35096894,0,7098.12546807529,-1488.40610556063,0
4709,-1548136.92313551,-7418317.36029073,0,7099.54666542592,-1481.61231131794,0
4710,-1541036.66858074,-7419795.57513924,0,7100.96136026693,-1474.81716005926,0
4711,-1533935.00258291,-7421266.99416058,0,7102.36955130258,-1468.02065800831,0
4712,-1526831.9316465,-7422731.61600707,0,7103.77123724311,-1461.22281139004,0
4713,-1519727.46227722,-7424189.43933725,0,7105.16641680472,-1454.42362643062,0
4714,-1512621.6009821,-7425640.46281589,0,7106.55508870953,-1447.62310935747,0
4715,-1505514.35426944,-7427084.685114,0,7107.93725168568,-1440.82126639921,0
4716,-1498405.7286488,-7428522.1049088,0,7109.31290446722,-1434.01810378568,0
4717,-1491295.73063099,-7429952.72088376,0,7110.68204579418,-1427.21362774794,0
4718,-1484184.36672811,-7431376.53172857,0,7112.04467441257,-1420.40784451823,0
4719,-1477071.64345349,-7432793.53613915,0,7113.40078907435,-1413.60076033,0
4720,-1469957.5673217,-7434203.73281765,0,7114.75038853744,-1406.79238141791,0
4721,-1462842.14484856,-7435607.12047249,0,7116.09347156574,-1399.98271401777,0
4722,-1455725.38255112,-7437003.69781827,0,7117.43003692912,-1393.17176436659,0
4723,-1448607.28694766,-7438393.46357588,0,7118.7600834034,-1386.35953870256,0
4724,-1441487.86455768,-7439776.41647242,0,7120.08360977039,-1379.54604326502,0
4725,-1434367.1219019,-7441152.55524123,0,7121.40061481787,-1372.73128429449,0
4726,-1427245.06550222,-7442521.87862191,0,7122.71109733958,-1365.91526803265,0
4727,-1420121.70188179,-7443884.38536028,0,7124.01505613525,-1359.09800072231,0
4728,-1412997.03756493,-7445240.07420842,0,7125.31249001058,-1352.27948860744,0
4729,-1405871.07907714,-7446588.94392465,0,7126.60339777723,-1345.45973793315,0
4730,-1398743.83294514,-7447930.99327352,0,7127.88777825287,-1338.63875494569,0
4731,-1391615.30569679,-7449266.22102585,0,7129.16563026111,-1331.81654589242,0
4732,-1384485.50386116,-7450594.6259587,0,7130.43695263158,-1324.99311702184,0
4733,-1377354.43396846,-7451916.20685537,0,7131.70174419985,-1318.16847458357,0
4734,-1370222.10255008,-7453230.96250543,0,7132.9600038075,-1311.34262482832,0
4735,-1363088.51613855,-7454538.89170467,0,7134.21173030209,-1304.51557400793,0
4736,-1355953.68126756,-7455839.99325517,0,7135.45692253714,-1297.68732837533,0
4737,-1348817.60447194,-7457134.26596524,0,7136.69557937219,-1290.85789418453,0
4738,-1341680.29228766,-7458421.70864944,0,7137.92769967275,-1284.02727769065,0
4739,-1334541.75125182,-7459702.3201286,0,7139.15328231029,-1277.19548514989,0
4740,-1327401.98790264,-7460976.09922981,0,7140.37232616232,-1270.36252281952,0
4741,-1320261.00877946,-7462243.0447864,0,7141.5848301123,-1263.52839695788,0
4742,-1313118.82042275,-7463503.15563797,0,7142.79079304969,-1256.69311382438,0
4743,-1305975.42937407,-7464756.43063037,0,7143.99021386995,-1249.85667967949,0
4744,-1298830.84217608,-7466002.86861574,0,7145.18309147452,-1243.01910078474,0
4745,-1291685.06537256,-7467242.46845245,0,7146.36942477084,-1236.18038340269,0
4746,-1284538.10550834,-7468475.22900514,0,7147.54921267233,-1229.34053379697,0
4747,-1277389.96912937,-7469701.14914472,0,7148.72245409844,-1222.49955823222,0
4748,-1270240.66278266,-7470920.22774837,0,7149.88914797456,-1215.65746297412,0
4749,-1263090.19301629,-7472132.46369953,0,7151.04929323214,-1208.81425428939,0
4750,-1255938.56637942,-7473337.8558879,0,7152.20288880858,-1201.96993844575,0
4751,-1248785.78942226,-7474536.40320946,0,7153.3499336473,-1195.12452171195,0
4752,-1241631.86869606,-7475728.10456645,0,7154.49042669772,-1188.27801035774,0
4753,-1234476.81075314,-7476912.95886739,0,7155.62436691526,-1181.43041065386,0
4754,-1227320.62214685,-7478090.96502706,0,7156.75175326132,-1174.58172887207,0
4755,-1220163.30943158,-7479262.12196653,0,7157.87258470334,-1167.73197128512,0
4756,-1213004.87916275,-7480426.42861312,0,7158.98686021474,-1160.88114416672,0
4757,-1205845.33789681,-7481583.88390045,0,7160.09457877494,-1154.02925379159,0
4758,-1198684.69219119,-7482734.48676838,0,7161.19573936939,-1147.1763064354,0
4759,-1191522.94860439,-7483878.23616308,0,7162.29034098952,-1140.32230837481,0
4760,-1184360.11369587,-7485015.13103699,0,7163.37838263279,-1133.46726588741,0
4761,-1177196.19402612,-7486145.17034881,0,7164.45986330265,-1126.61118525179,0
4762,-1170031.19615659,-7487268.35306353,0,7165.53478200857,-1119.75407274745,0
4763,-1162865.12664975,-7488384.67815244,0,7166.60313776602,-1112.89593465487,0
4764,-1155697.99206903,-7489494.14459307,0,7167.66492959649,-1106.03677725544,0
4765,-1148529.79897886,-7490596.75136928,0,7168.72015652749,-1099.17660683149,0
4766,-1141360.5539446,-7491692.49747116,0,7169.76881759252,-1092.3154296663,0
4767,-1134190.26353261,-7492781.38189512,0,7170.8109118311,-1085.45325204405,0
4768,-1127018.9343102,-7493863.40364385,0,7171.8464382888,-1078.59008024983,0
4769,-1119846.57284561,-7494938.56172633,0,7172.87539601715,-1071.72592056967,0
4770,-1112673.18570806,-7496006.85515779,0,7173.89778407372,-1064.86077929049,0
4771,-1105498.77946767,-7497068.2829598,0,7174.91360152212,-1057.99466270008,0
4772,-1098323.36069552,-7498122.84416019,0,7175.92284743195,-1051.12757708718,0
4773,-1091146.93596363,-7499170.53779307,0,7176.92552087883,-1044.25952874137,0
4774,-1083969.51184489,-7500211.36289886,0,7177.92162094441,-1037.39052395314,0
4775,-1076791.09491317,-7501245.31852426,0,7178.91114671636,-1030.52056901383,0
4776,-1069611.69174319,-7502272.40372226,0,7179.89409728837,-1023.64967021568,0
4777,-1062431.30891062,-7503292.61755217,0,7180.87047176014,-1016.77783385177,0
4778,-1055249.95299201,-7504305.95907954,0,7181.84026923742,-1009.90506621606,0
4779,-1048067.63056478,-7505312.42737627,0,7182.80348883195,-1003.03137360334,0
4780,-1040884.34820726,-7506312.02152052,0,7183.76012966152,-996.156762309259,0
4781,-1033700.11249867,-7507304.74059676,0,7184.71019084995,-989.281238630316,0
4782,-1026514.93001907,-7508290.58369575,0,7185.65367152705,-982.404808863833,0
4783,-1019328.80734941,-7509269.54991456,0,7186.59057082871,-975.527479307964,0
4784,-1012141.75107149,-7510241.63835654,0,7187.52088789679,-968.649256261691,0
4785,-1004953.76776797,-7511206.84813135,0,7188.44462187923,-961.770146024812,0
4786,-997764.864022374,-7512165.17835496,0,7189.36177192997,-954.890154897936,0
4787,-990575.046419039,-7513116.62814962,0,7190.27233720898,-948.009289182483,0
4788,-983384.321543158,-7514061.1966439,0,7191.17631688229,-941.127555180669,0
4789,-976192.695980752,-7514998.88297265,0,7192.07371012191,-934.244959195511,0
4790,-969000.176318666,-7515929.68627706,0,7192.96451610594,-927.36150753081,0
4791,-961806.769144565,-7516853.60570459,0,7193.84873401848,-920.477206491154,0
4792,-954612.481046923,-7517770.64040902,0,7194.72636304966,-913.592062381908,0
4793,-947417.318615027,-7518680.78955043,0,7195.59740239566,-906.70608150921,0
4794,-940221.28843896,-7519584.05229522,0,7196.4618512587,-899.819270179963,0
4795,-933024.397109601,-7520480.42781608,0,7197.31970884702,-892.931634701831,0
4796,-925826.651218619,-7521369.91529201,0,7198.1709743749,-886.043181383234,0
4797,-918628.057358465,-7522252.51390833,0,7199.01564706267,-879.153916533339,0
4798,-911428.622122366,-7523128.22285667,0,7199.85372613668,-872.263846462058,0
4799,-904228.352104319,-7523997.04133495,0,7200.68521082934,-865.372977480041,0
4800,-897027.253899088,-7524858.96854743,0,7201.51010037908,-858.481315898668,0
4801,-889825.334102194,-7525714.00370466,0,7202.32839403038,-851.588868030045,0
4802,-882622.59930991,-7526562.1460235,0,7203.14009103377,-844.695640186999,0
4803,-875419.056119257,-7527403.39472714,0,7203.94519064581,-837.801638683072,0
4804,-868214.711127995,-7528237.74904508,0,7204.7436921291,-830.906869832513,0
4805,-861009.570934619,-7529065.20821313,0,7205.5355947523,-824.011339950275,0
4806,-853803.642138352,-7529885.77147341,0,7206.32089779008,-817.115055352008,0
4807,-846596.93133914,-7530699.43807437,0,7207.0996005232,-810.218022354052,0
4808,-839389.445137645,-7531506.20727076,0,7207.87170223843,-803.320247273434,0
4809,-832181.190135239,-7532306.07832366,0,7208.6372022286,-796.42173642786,0
4810,-824972.172933997,-7533099.05050047,0,7209.39609979259,-789.52249613571,0
4811,-817762.400136694,-7533885.12307489,0,7210.14839423532,-782.622532716032,0
4812,-810551.878346796,-7534664.29532696,0,7210.89408486775,-775.721852488536,0
4813,-803340.614168456,-7535436.56654304,0,7211.63317100691,-768.820461773589,0
4814,-796128.614206506,-7536201.93601579,0,7212.36565197587,-761.918366892209,0
4815,-788915.885066452,-7536960.40304421,0,7213.09152710373,-755.015574166059,0
4816,-781702.433354468,-7537711.96693361,0,7213.81079572568,-748.112089917439,0
4817,-774488.265677389,-7538456.62699564,0,7214.52345718292,-741.207920469285,0
4818,-767273.388642708,-7539194.38254826,0,7215.22951082273,-734.303072145161,0
4819,-760057.808858565,-7539925.23291575,0,7215.92895599842,-727.397551269249,0
4820,-752841.532933746,-7540649.17742872,0,7216.62179206938,-720.491364166351,0
4821,-745624.567477673,-7541366.21542411,0,7217.30801840103,-713.584517161878,0
4822,-738406.9191004,-7542076.34624519,0,7217.98763436485,-706.677016581844,0
4823,-731188.594412607,-7542779.56924153,0,7218.66063933839,-699.768868752863,0
4824,-723969.600025592,-7543475.88376905,0,7219.32703270522,-692.860080002142,0
4825,-716749.942551269,-7544165.28919,0,7219.986813855,-685.950656657473,0
4826,-709529.628602156,-7544847.78487294,0,7220.63998218344,-679.040605047233,0
4827,-702308.664791375,-7545523.37019278,0,7221.28653709228,-672.129931500371,0
4828,-695087.057732642,-7546192.04453074,0,7221.92647798936,-665.218642346406,0
4829,-687864.814040263,-7546853.80727438,0,7222.55980428853,-658.306743915423,0
4830,-680641.940329125,-7547508.65781759,0,7223.18651540975,-651.394242538064,0
4831,-673418.443214694,-7548156.59556059,0,7223.80661077899,-644.481144545521,0
4832,-666194.329313007,-7548797.61990992,0,7224.42008982831,-637.567456269536,0
4833,-658969.605240665,-7549431.73027848,0,7225.02695199583,-630.653184042389,0
4834,-651744.277614828,-7550058.92608547,0,7225.62719672571,-623.738334196897,0
4835,-644518.353053209,-7550679.20675644,0,7226.22082346818,-616.822913066404,0
4836,-637291.838174069,-7551292.57172328,0,7226.80783167955,-609.906926984778,0
4837,-630064.739596207,-7551899.0204242,0,7227.38822082217,-602.990382286405,0
4838,-622837.063938958,-7552498.55230376,0,7227.96199036445,-596.073285306183,0
4839,-615608.817822187,-7553091.16681283,0,7228.52913978088,-589.155642379513,0
4840,-608380.007866278,-7553676.86340865,0,7229.089668552,-582.237459842301,0
4841,-601150.640692136,-7554255.64155476,0,7229.64357616443,-575.318744030942,0
4842,-593920.722921172,-7554827.50072106,0,7230.19086211083,-568.399501282322,0
4843,-586690.261175303,-7555392.44038379,0,7230.73152588994,-561.47973793381,0
4844,-579459.262076946,-7555950.46002551,0,7231.26556700657,-554.559460323251,0
4845,-572227.732249008,-7556501.55913513,0,7231.79298497159,-547.638674788962,0
4846,-564995.678314881,-7557045.73720789,0,7232.31377930193,-540.717387669723,0
4847,-557763.106898441,-7557582.99374539,0,7232.82794952059,-533.795605304776,0
4848,-550530.024624035,-7558113.32825554,0,7233.33549515664,-526.873334033814,0
4849,-543296.438116477,-7558636.7402526,0,7233.83641574523,-519.950580196981,0
4850,-536062.354001046,-7559153.22925719,0,7234.33071082754,-513.02735013486,0
4851,-528827.778903475,-7559662.79479624,0,7234.81837995086,-506.103650188472,0
4852,-521592.719449947,-7560165.43640305,0,7235.29942266853,-499.179486699268,0
4853,-514357.182267087,-7560661.15361724,0,7235.77383853996,-492.254866009122,0
4854,-507121.17398196,-7561149.94598478,0,7236.24162713062,-485.329794460329,0
4855,-499884.701222062,-7561631.81305799,0,7236.70278801207,-478.404278395597,0
4856,-492647.770615314,-7562106.75439552,0,7237.15732076193,-471.478324158038,0
4857,-485410.388790055,-7562574.76956236,0,7237.60522496389,-464.551938091169,0
4858,-478172.562375039,-7563035.85812987,0,7238.04650020772,-457.6251265389,0
4859,-470934.297999427,-7563490.01967573,0,7238.48114608924,-450.697895845532,0
4860,-463695.602292781,-7563937.25378396,0,7238.90916221036,-443.770252355751,0
4861,-456456.481885057,-7564377.56004495,0,7239.33054817905,-436.842202414617,0
4862,-449216.943406602,-7564810.93805542,0,7239.74530360938,-429.913752367568,0
4863,-441976.993488145,-7565237.38741843,0,7240.15342812147,-422.984908560403,0
4864,-434736.63876079,-7565656.9077434,0,7240.5549213415,-416.055677339284,0
4865,-427495.885856015,-7566069.49864609,0,7240.94978290176,-409.12606505073,0
4866,-420254.741405661,-7566475.1597486,0,7241.33801244058,-402.196078041605,0
4867,-413013.212041926,-7566873.89067938,0,7241.71960960238,-395.265722659118,0
4868,-405771.304397365,-7567265.69107324,0,7242.09457403766,-388.335005250817,0
4869,-398529.025104874,-7567650.56057132,0,7242.46290540299,-381.403932164579,0
4870,-391286.380797695,-7568028.49882113,0,7242.824603361,-374.472509748609,0
4871,-384043.378109399,-7568399.50547649,0,7243.17966758043,-367.540744351429,0
4872,-376800.023673889,-7568763.58019762,0,7243.52809773605,-360.608642321878,0
4873,-369556.324125388,-7569120.72265104,0,7243.86989350875,-353.676210009102,0
4874,-362312.286098437,-7569470.93250966,0,7244.20505458547,-346.74345376255,0
4875,-355067.916227885,-7569814.20945271,0,7244.53358065924,-339.810379931968,0
4876,-347823.221148886,-7570150.55316578,0,7244.85547142915,-332.876994867391,0
4877,-340578.207496893,-7570479.96334082,0,7245.17072660039,-325.943304919141,0
4878,-333332.881907648,-7570802.43967611,0,7245.47934588422,-319.009316437819,0
4879,-326087.251017181,-7571117.9818763,0,7245.78132899795,-312.075035774299,0
4880,-318841.321461801,-7571426.58965238,0,7246.07667566502,-305.140469279722,0
4881,-311595.09987809,-7571728.2627217,0,7246.36538561491,-298.205623305492,0
4882,-304348.592902899,-7572023.00080795,0,7246.64745858318,-291.270504203269,0
4883,-297101.807173338,-7572310.80364118,0,7246.92289431149,-284.335118324962,0
4884,-289854.749326773,-7572591.67095779,0,7247.19169254756,-277.399472022724,0
4885,-282607.426000822,-7572865.60250053,0,7247.4538530452,-270.463571648949,0
4886,-275359.843833343,-7573132.59801851,0,7247.7093755643,-263.527423556262,0
4887,-268112.009462431,-7573392.65726719,0,7247.95825987082,-256.591034097515,0
4888,-260863.929526415,-7573645.78000837,0,7248.20050573681,-249.65440962578,0
4889,-253615.610663845,-7573891.96601022,0,7248.43611294038,-242.717556494347,0
4890,-246367.059513494,-7574131.21504726,0,7248.66508126576,-235.780481056713,0
4891,-239118.282714343,-7574363.52690035,0,7248.88741050322,-228.843189666579,0
4892,-231869.286905585,-7574588.90135673,0,7249.10310044914,-221.905688677845,0
4893,-224620.078726608,-7574807.33820996,0,7249.31215090595,-214.967984444602,0
4894,-217370.664817,-7575018.83725998,0,7249.5145616822,-208.030083321127,0
4895,-210121.051816533,-7575223.39831309,0,7249.71033259249,-201.091991661878,0
4896,-202871.246365163,-7575421.02118191,0,7249.89946345752,-194.153715821488,0
4897,-195621.255103024,-7575611.70568546,0,7250.08195410405,-187.215262154756,0
4898,-188371.084670417,-7575795.45164907,0,7250.25780436495,-180.276637016647,0
4899,-181120.74170781,-7575972.25890445,0,7250.42701407915,-173.337846762282,0
4900,-173870.232855826,-7576142.12728967,0,7250.58958309167,-166.398897746933,0
4901,-166619.564755243,-7576305.05664914,0,7250.74551125362,-159.459796326016,0
4902,-159368.744046984,-7576461.04683364,0,7250.89479842218,-152.52054885509,0
4903,-152117.777372109,-7576610.09770029,0,7251.03744446061,-145.581161689844,0
4904,-144866.671371816,-7576752.20911257,0,7251.17344923827,-138.641641186099,0
4905,-137615.432687428,-7576887.38094033,0,7251.30281263059,-131.701993699794,0
4906,-130364.06796039,-7577015.61305976,0,7251.42553451909,-124.762225586986,0
4907,-123112.583832262,-7577136.90535342,0,7251.54161479135,-117.822343203844,0
4908,-115860.986944715,-7577251.2577102,0,7251.65105334108,-110.88235290664,0
4909,-108609.283939521,-7577358.67002538,0,7251.75385006802,-103.942261051745,0
4910,-101357.481458551,-7577459.14220057,0,7251.85000487802,-97.0020739956226,0
4911,-94105.5861437668,-7577552.67414375,0,7251.93951768303,-90.0617980948249,0
4912,-86853.6046372143,-7577639.26576926,0,7252.02238840105,-83.1214397059844,0
4913,-79601.5435810192,-7577718.91699779,0,7252.09861695618,-76.1810051858094,0
4914,-72349.4096173797,-7577791.62775638,0,7252.1682032786,-69.240500891078,0
4915,-65097.2093885609,-7577857.39797843,0,7252.23114730459,-62.2999331786321,0
4916,-57844.9495368887,-7577916.22760371,0,7252.28744897648,-55.3593084053717,0
4917,-50592.6367047434,-7577968.11657834,0,7252.33710824271,-48.4186329282492,0
4918,-43340.2775345538,-7578013.06485479,0,7252.3801250578,-41.4779131042631,0
4919,-36087.8786687915,-7578051.07239189,0,7252.41649938235,-34.5371552904529,0
4920,-28835.4467499639,-7578082.13915483,0,7252.44623118304,-27.5963658438928,0
4921,-21582.9884206092,-7578106.26511515,0,7252.46932043264,-20.6555511216857,0
4922,-14330.5103232896,-7578123.45025076,0,7252.48576711001,-13.714717480958,0
4923,-7078.01910058516,-7578133.69454593,0,7252.49557120008,-6.77387127885332,0
4924,174.478604911662,-7578136.99799125,0,7252.49873269387,0.166981127473333,0
4925,7426.97615060268,-7578133.36058372,0,7252.49525158848,7.10783338086115,0
4926,14679.4668938898,-7578122.78232666,0,7252.48512788711,14.0486791241495,0
4927,21931.9441921812,-7578105.26322976,0,7252.46836159902,20.9895120001837,0
4928,29184.4014028972,-7578080.80330907,0,7252.44495273958,27.9303256518209,0
4929,36436.8318834768,-7578049.40258699,0,7252.41490133022,34.8711137219357,0
4930,43689.2289913834,-7578011.06109227,0,7252.37820739847,41.8118698534265,0
4931,50941.5860841107,-7577965.77886004,0,7252.33487097793,48.7525876892204,0
4932,58193.8965191893,-7577913.55593178,0,7252.2848921083,55.6932608722801,0
4933,65446.1536541927,-7577854.3923553,0,7252.22827083535,62.6338830456089,0
4934,72698.3508467427,-7577788.28818481,0,7252.16500721094,69.5744478522568,0
4935,79950.4814545165,-7577715.24348084,0,7252.09510129302,76.5149489353267,0
4936,87202.5388352521,-7577635.2583103,0,7252.01855314562,83.4553799379793,0
4937,94454.5163467545,-7577548.33274644,0,7251.93536283883,90.39573450344,0
4938,101706.407346902,-7577454.46686889,0,7251.84553044887,97.3360062750039,0
4939,108958.205193652,-7577353.66076361,0,7251.749056058,104.276188896042,0
4940,116209.903245047,-7577245.91452293,0,7251.64593975459,111.216276010007,0
4941,123461.494859221,-7577131.22824554,0,7251.53618163309,118.156261260439,0
4942,130712.973394407,-7577009.60203649,0,7251.41978179401,125.096138290972,0
4943,137964.332208939,-7576881.03600715,0,7251.29674034398,132.035900745338,0
4944,145215.564661262,-7576745.53027531,0,7251.16705739568,138.975542267375,0
4945,152466.664109937,-7576603.08496505,0,7251.0307330679,145.91505650103,0
4946,159717.623913646,-7576453.70020685,0,7250.88776748548,152.854437090369,0
4947,166968.4374312,-7576297.37613754,0,7250.73816077939,159.79367767958,0
4948,174219.098021542,-7576134.11290028,0,7250.58191308663,166.732771912977,0
4949,181469.599043758,-7575963.91064461,0,7250.41902455033,173.67171343501,0
4950,188719.933857078,-7575786.76952643,0,7250.24949531967,180.610495890268,0
4951,195970.095820885,-7575602.68970797,0,7250.07332554992,187.549112923487,0
4952,203220.078294719,-7575411.67135784,0,7249.89051540244,194.487558179554,0
4953,210469.874638286,-7575213.71465099,0,7249.70106504466,201.425825303512,0
4954,217719.478211462,-7575008.81976873,0,7249.5049746501,208.363907940567,0
4955,224968.8823743,-7574796.98689872,0,7249.30224439837,215.301799736098,0
4956,232218.080487035,-7574578.21623499,0,7249.09287447514,222.239494335653,0
4957,239467.06591009,-7574352.5079779,0,7248.87686507218,229.176985384965,0
4958,246715.832004085,-7574119.86233419,0,7248.65421638733,236.114266529952,0
4959,253964.372129839,-7573880.27951693,0,7248.42492862452,243.051331416723,0
4960,261212.679648378,-7573633.75974556,0,7248.18900199375,249.988173691588,0
4961,268460.747920942,-7573380.30324587,0,7247.94643671111,256.924787001058,0
4962,275708.57030899,-7573119.91025,0,7247.69723299876,263.861164991854,0
4963,282956.140174206,-7572852.58099644,0,7247.44139108496,270.797301310915,0
4964,290203.450878504,-7572578.31573005,0,7247.17891120403,277.733189605399,0
4965,297450.495784038,-7572297.11470203,0,7246.90979359637,284.668823522692,0
4966,304697.268253203,-7572008.97816992,0,7246.63403850848,291.604196710412,0
4967,311943.761648646,-7571713.90639763,0,7246.35164619291,298.539302816418,0
4968,319189.969333266,-7571411.89965543,0,7246.06261690831,305.474135488812,0
4969,326435.884670227,-7571102.95821992,0,7245.76695091941,312.408688375946,0
4970,333681.50102296,-7570787.08237406,0,7245.46464849701,319.34295512643,0
4971,340926.811755169,-7570464.27240716,0,7245.15570991799,326.276929389134,0
4972,348171.810230838,-7570134.52861489,0,7244.8401354653,333.210604813197,0
4973,355416.489814238,-7569797.85129926,0,7244.51792542798,340.143975048033,0
4974,362660.843869931,-7569454.24076864,0,7244.18908010115,347.077033743333,0
4975,369904.865762777,-7569103.69733774,0,7243.85359978599,354.009774549075,0
4976,377148.548857942,-7568746.22132762,0,7243.51148478978,360.942191115527,0
4977,384391.886520901,-7568381.8130657,0,7243.16273542586,367.874277093256,0
4978,391634.872117444,-7568010.47288575,0,7242.80735201366,374.806026133129,0
4979,398877.499013687,-7567632.20112787,0,7242.44533487866,381.737431886323,0
4980,406119.760576071,-7567246.99813852,0,7242.07668435244,388.668488004331,0
4981,413361.650171374,-7566854.86427052,0,7241.70140077265,395.599188138963,0
4982,420603.161166713,-7566455.79988302,0,7241.31948448302,402.529525942358,0
4983,427844.286929553,-7566049.80534153,0,7240.93093583334,409.459495066985,0
4984,435085.020827711,-7565636.88101789,0,7240.53575517948,416.389089165652,0
4985,442325.356229364,-7565217.02729032,0,7240.13394288341,423.318301891509,0
4986,449565.286503053,-7564790.24454335,0,7239.72549931313,430.247126898056,0
4987,456804.80501769,-7564356.53316788,0,7239.31042484274,437.175557839148,0
4988,464043.905142565,-7563915.89356114,0,7238.88871985241,444.103588369002,0
4989,471282.58024735,-7563468.32612673,0,7238.46038472839,451.0312121422,0
4990,478520.823702108,-7563013.83127456,0,7238.02541986298,457.958422813698,0
4991,485758.628877295,-7562552.40942091,0,7237.58382565458,464.885214038829,0
4992,492995.989143771,-7562084.06098841,0,7237.13560250764,471.811579473312,0
4993,500232.897872801,-7561608.78640601,0,7236.68075083269,478.737512773255,0
4994,507469.348436065,-7561126.58610902,0,7236.21927104633,485.66300759516,0
4995,514705.334205664,-7560637.4605391,0,7235.75116357124,492.588057595934,0
4996,521940.848554121,-7560141.41014422,0,7235.27642883615,499.512656432888,0
4997,529175.884854394,-7559638.43537873,0,7234.79506727589,506.43679776375,0
4998,536410.436479878,-7559128.53670331,0,7234.30707933132,513.360475246664,0
4999,543644.496804411,-7558611.71458497,0,7233.8124654494,520.2836825402,0
5000,550878.059202282,-7558087.96949707,0,7233.31122608315,527.206413303358,0
5001,558111.117048235,-7557557.30191932,0,7232.80336169166,534.128661195575,0
5002,565343.663717478,-7557019.71233775,0,7232.28887274008,541.050419876731,0
5003,572575.692585686,-7556475.20124475,0,7231.76775969963,547.971683007152,0
5004,579807.197029007,-7555923.76913903,0,7231.24002304761,554.89244424762,0
5005,587038.170424071,-7555365.41652566,0,7230.70566326737,561.812697259376,0
5006,594268.606147995,-7554800.14391604,0,7230.16468084834,568.732435704126,0
5007,601498.497578387,-7554227.95182789,0,7229.617076286,575.651653244048,0
5008,608727.838093353,-7553648.8407853,0,7229.0628500819,582.570343541795,0
5009,615956.621071506,-7553062.81131867,0,7228.50200274367,589.488500260507,0
5010,623184.839891967,-7552469.86396475,0,7227.93453478499,596.406117063809,0
5011,630412.487934375,-7551869.99926662,0,7227.36044672561,603.323187615822,0
5012,637639.558578893,-7551263.21777371,0,7226.77973909133,610.239705581167,0
5013,644866.04520621,-7550649.52004177,0,7226.19241241402,617.155664624971,0
5014,652091.941197552,-7550028.90663288,0,7225.59846723163,624.071058412874,0
5015,659317.239934686,-7549401.37811547,0,7224.99790408815,630.985880611033,0
5016,666541.934799925,-7548766.9350643,0,7224.39072353364,637.900124886128,0
5017,673766.019176135,-7548125.57806045,0,7223.77692612422,644.813784905368,0
5018,680989.486446742,-7547477.30769135,0,7223.15651242207,651.726854336498,0
5019,688212.329995737,-7546822.12455075,0,7222.52948299542,658.639326847805,0
5020,695434.543207683,-7546160.02923874,0,7221.89583841859,665.551196108121,0
5021,702656.119467718,-7545491.02236173,0,7221.25557927192,672.462455786831,0
5022,709877.052161565,-7544815.10453247,0,7220.60870614183,679.373099553878,0
5023,717097.334675538,-7544132.27637004,0,7219.9552196208,686.28312107977,0
5024,724316.960396543,-7543442.53849983,0,7219.29512030736,693.192514035583,0
5025,731535.92271209,-7542745.8915536,0,7218.6284088061,700.101272092972,0
5026,738754.215010296,-7542042.33616939,0,7217.95508572765,707.009388924171,0
5027,745971.830679891,-7541331.8729916,0,7217.27515168873,713.916858202001,0
5028,753188.763110227,-7540614.50267095,0,7216.58860731209,720.823673599878,0
5029,760405.005691279,-7539890.22586447,0,7215.89545322653,727.729828791816,0
5030,767620.551813655,-7539159.04323554,0,7215.19569006691,734.635317452432,0
5031,774835.394868602,-7538420.95545385,0,7214.48931847417,741.540133256957,0
5032,782049.528248008,-7537675.96319542,0,7213.77633909526,748.444269881235,0
5033,789262.945344414,-7536924.06714259,0,7213.0567525832,755.347721001734,0
5034,796475.639551016,-7536165.26798403,0,7212.33055959707,762.250480295549,0
5035,803687.604261672,-7535399.56641472,0,7211.597760802,769.152541440409,0
5036,810898.832870907,-7534626.96313597,0,7210.85835686915,776.053898114683,0
5037,818109.318773923,-7533847.45885542,0,7210.11234847575,782.954543997383,0
5038,825319.0553666,-7533061.05428701,0,7209.35973630507,789.854472768175,0
5039,832528.036045504,-7532267.75015102,0,7208.60052104644,796.75367810738,0
5040,839736.254207895,-7531467.54717405,0,7207.83470339522,803.652153695982,0
5041,846943.70325173,-7530660.44608899,0,7207.06228405283,810.549893215633,0
5042,854150.376575672,-7529846.44763508,0,7206.28326372673,817.446890348659,0
5043,861356.267579093,-7529025.55255786,0,7205.49764313043,824.343138778068,0
5044,868561.369662083,-7528197.7616092,0,7204.70542298348,831.238632187551,0
5045,875765.676225452,-7527363.07554726,0,7203.90660401149,838.133364261492,0
5046,882969.180670741,-7526521.49513656,0,7203.10118694609,845.027328684973,0
5047,890171.876400225,-7525673.02114788,0,7202.28917252497,851.920519143777,0
5048,897373.75681692,-7524817.65435836,0,7201.47056149186,858.812929324397,0
5049,904574.815324588,-7523955.39555143,0,7200.64535459652,865.704552914042,0
5050,911775.045327744,-7523086.24551683,0,7199.81355259478,872.595383600639,0
5051,918974.440231663,-7522210.20505063,0,7198.97515624847,879.485415072843,0
5052,926172.993442382,-7521327.2749552,0,7198.1301663255,886.374641020039,0
5053,933370.698366713,-7520437.45603921,0,7197.27858359979,893.263055132353,0
5054,940567.548412241,-7519540.74911765,0,7196.42040885131,900.150651100652,0
5055,947763.536987336,-7518637.15501182,0,7195.55564286607,907.037422616552,0
5056,954958.657501158,-7517726.67454933,0,7194.68428643611,913.923363372427,0
5057,962152.903363659,-7516809.3085641,0,7193.8063403595,920.808467061409,0
5058,969346.267985596,-7515885.05789634,0,7192.92180544038,927.692727377398,0
5059,976538.744778529,-7514953.92339257,0,7192.03068248888,934.576138015066,0
5060,983730.327154835,-7514015.90590563,0,7191.13297232118,941.458692669863,0
5061,990921.008527707,-7513071.00629466,0,7190.22867575952,948.340385038025,0
5062,998110.782311165,-7512119.22542509,0,7189.31779363213,955.221208816575,0
5063,1005299.64192006,-7511160.56416866,0,7188.4003267733,962.101157703332,0
5064,1012487.58077008,-7510195.02340341,0,7187.47627602334,968.980225396919,0
5065,1019674.59227776,-7509222.6040137,0,7186.54564222859,975.858405596763,0
5066,1026860.66986047,-7508243.30689015,0,7185.60842624142,982.735692003105,0
5067,1034045.80693646,-7507257.13292972,0,7184.66462892024,989.612078317004,0
5068,1041229.99692482,-7506264.08303565,0,7183.71425112948,996.487558240346,0
5069,1048413.23324552,-7505264.15811747,0,7182.75729373958,1003.36212547584,0
5070,1055595.5093194,-7504257.35909102,0,7181.79375762704,1010.23577372705,0
5071,1062776.81856816,-7503243.68687844,0,7180.82364367435,1017.10849669835,0
5072,1069957.15441443,-7502223.14240815,0,7179.84695277006,1023.98028809499,0
5073,1077136.51028168,-7501195.72661487,0,7178.86368580871,1030.85114162306,0
5074,1084314.87959433,-7500161.44043963,0,7177.87384369089,1037.72105098951,0
5075,1091492.25577765,-7499120.28482971,0,7176.87742732319,1044.59000990215,0
5076,1098668.63225786,-7498072.26073874,0,7175.87443761825,1051.45801206969,0
5077,1105844.00246208,-7497017.36912659,0,7174.8648754947,1058.32505120167,0
5078,1113018.35981835,-7495955.61095944,0,7173.8487418772,1065.19112100854,0
5079,1120191.69775565,-7494886.98720977,0,7172.82603769644,1072.05621520164,0
5080,1127364.00970387,-7493811.49885634,0,7171.79676388912,1078.92032749319,0
5081,1134535.28909386,-7492729.14688418,0,7170.76092139796,1085.78345159632,0
5082,1141705.52935742,-7491639.93228464,0,7169.71851117168,1092.64558122506,0
5083,1148874.72392728,-7490543.85605532,0,7168.66953416504,1099.50671009434,0
5084,1156042.86623714,-7489440.91920013,0,7167.6139913388,1106.36683192004,0
5085,1163209.94972167,-7488331.12272926,0,7166.55188365974,1113.22594041893,0
5086,1170375.9678165,-7487214.46765916,0,7165.48321210064,1120.08402930872,0
5087,1177540.91395824,-7486090.9550126,0,7164.40797764031,1126.94109230805,0
5088,1184704.78158448,-7484960.58581861,0,7163.32618126356,1133.7971231365,0
5089,1191867.56413379,-7483823.36111248,0,7162.23782396121,1140.65211551461,0
5090,1199029.25504576,-7482679.28193582,0,7161.14290673009,1147.50606316384,0
5091,1206189.84776094,-7481528.34933649,0,7160.04143057305,1154.35895980664,0
5092,1213349.33572093,-7480370.56436863,0,7158.93339649894,1161.21079916641,0
5093,1220507.71236831,-7479205.92809268,0,7157.8188055226,1168.06157496751,0
5094,1227664.97114668,-7478034.44157531,0,7156.69765866489,1174.91128093528,0
5095,1234821.10550068,-7476856.10588951,0,7155.56995695268,1181.75991079604,0
5096,1241976.10887598,-7475670.92211451,0,7154.43570141884,1188.6074582771,0
5097,1249129.97471926,-7474478.89133584,0,7153.29489310224,1195.45391710676,0
5098,1256282.69647827,-7473280.01464527,0,7152.14753304775,1202.29928101432,0
5099,1263434.26760179,-7472074.29314087,0,7150.99362230623,1209.14354373006,0
5100,1270584.68153967,-7470861.72792696,0,7149.83316193458,1215.98669898529,0
5101,1277733.93174281,-7469642.32011414,0,7148.66615299564,1222.82874051234,0
5102,1284882.01166316,-7468416.07081927,0,7147.4925965583,1229.66966204455,0
5103,1292028.91475378,-7467182.98116547,0,7146.31249369742,1236.50945731628,0
5104,1299174.63446878,-7465943.05228215,0,7145.12584549387,1243.34812006294,0
5105,1306319.16426335,-7464696.28530494,0,7143.93265303449,1250.18564402094,0
5106,1313462.49759379,-7463442.68137579,0,7142.73291741215,1257.02202292779,0
5107,1320604.62791749,-7462182.24164286,0,7141.52663972567,1263.85725052199,0
5108,1327745.54869292,-7460914.9672606,0,7140.31382107991,1270.69132054314,0
5109,1334885.2533797,-7459640.85938972,0,7139.09446258569,1277.52422673187,0
5110,1342023.73543852,-7458359.91919717,0,7137.86856535981,1284.3559628299,0
5111,1349160.98833121,-7457072.14785617,0,7136.6361305251,1291.18652257999,0
5112,1356297.00552074,-7455777.54654621,0,7135.39715921034,1298.01589972602,0
5113,1363431.78047119,-7454476.11645301,0,7134.1516525503,1304.84408801291,0
5114,1370565.30664777,-7453167.85876855,0,7132.89961168577,1311.6710811867,0
5115,1377697.57751687,-7451852.77469109,0,7131.64103776348,1318.49687299451,0
5116,1384828.586546,-7450530.8654251,0,7130.37593193617,1325.32145718457,0
5117,1391958.32720383,-7449202.13218134,0,7129.10429536256,1332.1448275062,0
5118,1399086.7929602,-7447866.5761768,0,7127.82612920735,1338.96697770985,0
5119,1406213.97728611,-7446524.19863471,0,7126.54143464121,1345.78790154707,0
5120,1413339.87365373,-7445175.00078457,0,7125.2502128408,1352.60759277055,0
5121,1420464.47553644,-7443818.98386212,0,7123.95246498877,1359.4260451341,0
5122,1427587.77640876,-7442456.14910934,0,7122.64819227371,1366.24325239266,0
5123,1434709.76974643,-7441086.49777445,0,7121.33739589023,1373.05920830233,0
5124,1441830.44902638,-7439710.03111193,0,7120.02007703889,1379.87390662033,0
5125,1448949.80772675,-7438326.75038249,0,7118.69623692622,1386.68734110504,0
5126,1456067.83932688,-7436936.65685308,0,7117.36587676474,1393.49950551602,0
5127,1463184.53730734,-7435539.7517969,0,7116.02899777293,1400.31039361397,0
5128,1470299.89514989,-7434136.03649337,0,7114.68560117524,1407.11999916075,0
5129,1477413.90633756,-7432725.51222817,0,7113.33568820211,1413.92831591942,0
5130,1484526.56435458,-7431308.18029321,0,7111.97926008991,1420.73533765421,0
5131,1491637.86268644,-7429884.04198662,0,7110.61631808102,1427.54105813053,0
5132,1498747.79481986,-7428453.09861278,0,7109.24686342374,1434.345471115,0
5133,1505856.35424283,-7427015.3514823,0,7107.87089737239,1441.14857037541,0
5134,1512963.53444456,-7425570.80191201,0,7106.4884211872,1447.95034968077,0
5135,1520069.32891558,-7424119.451225,0,7105.0994361344,1454.7508028013,0
5136,1527173.73114763,-7422661.30075055,0,7103.70394348617,1461.54992350843,0
5137,1534276.73463378,-7421196.35182419,0,7102.30194452064,1468.34770557482,0
5138,1541378.33286833,-7419724.60578769,0,7100.8934405219,1475.14414277434,0
5139,1548478.51934691,-7418246.06398901,0,7099.47843278003,1481.9392288821,0
5140,1555577.28756641,-7416760.72778236,0,7098.05692259102,1488.73295767445,0
5141,1562674.63102504,-7415268.59852817,0,7096.62891125685,1495.52532292898,0
5142,1569770.54322231,-7413769.67759309,0,7095.19440008544,1502.31631842453,0
5143,1576865.01765904,-7412263.96634998,0,7093.75339039067,1509.10593794119,0
5144,1583958.04783736,-7410751.46617794,0,7092.30588349236,1515.89417526031,0
5145,1591049.62726073,-7409232.17846227,0,7090.85188071629,1522.68102416453,0
5146,1598139.74943394,-7407706.10459449,0,7089.39138339419,1529.46647843772,0
5147,1605228.40786311,-7406173.24597234,0,7087.92439286373,1536.25053186506,0
5148,1612315.59605571,-7404633.60399978,0,7086.45091046855,1543.033178233,0
5149,1619401.30752054,-7403087.18008696,0,7084.97093755821,1549.81441132929,0
5150,1626485.53576777,-7401533.97565028,0,7083.48447548823,1556.59422494294,0
5151,1633568.27430892,-7399973.99211231,0,7081.99152562005,1563.37261286431,0
5152,1640649.51665687,-7398407.23090185,0,7080.49208932109,1570.14956888504,0
5153,1647729.25632588,-7396833.69345391,0,7078.98616796468,1576.92508679806,0
5154,1654807.48683157,-7395253.38120969,0,7077.47376293011,1583.69916039767,0
5155,1661884.20169097,-7393666.29561662,0,7075.9548756026,1590.47178347944,0
5156,1668959.39442248,-7392072.43812831,0,7074.42950737329,1597.2429498403,0
5157,1676033.05854589,-7390471.81020458,0,7072.89765963928,1604.01265327851,0
5158,1683105.18758239,-7388864.41331146,0,7071.35933380361,1610.78088759366,0
5159,1690175.77505459,-7387250.24892116,0,7069.81453127522,1617.54764658669,0
5160,1697244.81448651,-7385629.31851212,0,7068.26325346902,1624.31292405989,0
5161,1704312.29940358,-7384001.62356895,0,7066.70550180582,1631.07671381692,0
5162,1711378.22333265,-7382367.16558246,0,7065.14127771238,1637.83900966278,0
5163,1718442.57980201,-7380725.94604966,0,7063.57058262137,1644.59980540385,0
5164,1725505.36234137,-7379077.96647375,0,7061.99341797141,1651.3590948479,0
5165,1732566.56448191,-7377423.22836413,0,7060.40978520703,1658.11687180405,0
5166,1739626.17975623,-7375761.73323637,0,7058.81968577868,1664.87313008281,0
5167,1746684.2016984,-7374093.48261225,0,7057.22312114275,1671.62786349611,0
5168,1753740.62384393,-7372418.47801973,0,7055.62009276153,1678.38106585725,0
5169,1760795.43972983,-7370736.72099295,0,7054.01060210326,1685.13273098093,0
5170,1767848.64289454,-7369048.21307224,0,7052.39465064206,1691.88285268328,0
5171,1774900.226878,-7367352.95580412,0,7050.77223985799,1698.63142478182,0
5172,1781950.18522164,-7365650.95074127,0,7049.14337123704,1705.37844109551,0
5173,1788998.51146836,-7363942.19944258,0,7047.50804627108,1712.12389544471,0
5174,1796045.19916257,-7362226.7034731,0,7045.86626645793,1718.86778165123,0
5175,1803090.24185016,-7360504.46440405,0,7044.21803330129,1725.61009353833,0
5176,1810133.63307856,-7358775.48381285,0,7042.56334831079,1732.35082493066,0
5177,1817175.36639668,-7357039.76328308,0,7040.90221300196,1739.08996965438,0
5178,1824215.43535497,-7355297.30440449,0,7039.23462889625,1745.82752153707,0
5179,1831253.83350538,-7353548.10877301,0,7037.56059752101,1752.56347440775,0
5180,1838290.55440143,-7351792.17799073,0,7035.88012040948,1759.29782209696,0
5181,1845325.59159814,-7350029.51366593,0,7034.19319910083,1766.03055843665,0
5182,1852358.93865208,-7348260.11741303,0,7032.49983514011,1772.7616772603,0
5183,1859390.58912138,-7346483.99085264,0,7030.80003007829,1779.49117240282,0
5184,1866420.53656572,-7344701.13561151,0,7029.09378547222,1786.21903770065,0
5185,1873448.77454633,-7342911.55332257,0,7027.38110288466,1792.9452669917,0
5186,1880475.29662602,-7341115.24562491,0,7025.66198388428,1799.66985411538,0
5187,1887500.09636916,-7339312.21416378,0,7023.9364300456,1806.39279291261,0
5188,1894523.16734169,-7337502.46059058,0,7022.20444294909,1813.11407722581,0
5189,1901544.50311116,-7335685.98656288,0,7020.46602418108,1819.83370089894,0
5190,1908564.09724669,-7333862.79374438,0,7018.72117533378,1826.55165777745,0
5191,1915581.943319,-7332032.88380497,0,7016.96989800532,1833.26794170834,0
5192,1922598.03490041,-7330196.25842067,0,7015.21219379971,1839.98254654012,0
5193,1929612.36556485,-7328352.91927364,0,7013.44806432682,1846.69546612286,0
5194,1936624.92888785,-7326502.86805222,0,7011.67751120244,1853.40669430817,0
5195,1943635.71844657,-7324646.10645087,0,7009.90053604822,1860.11622494918,0
5196,1950644.72781981,-7322782.63617022,0,7008.11714049171,1866.82405190062,0
5197,1957651.95058797,-7320912.45891702,0,7006.32732616632,1873.53016901875,0
5198,1964657.3803331,-7319035.57640417,0,7004.53109471136,1880.23457016141,0
5199,1971661.0106389,-7317151.99035073,0,7002.728447772,1886.937249188,0
5200,1978662.8350907,-7315261.70248188,0,7000.91938699929,1893.6381999595,0
5201,1985662.8472755,-7313364.71452894,0,6999.10391405017,1900.33741633849,0
5202,1992661.04078196,-7311461.02822938,0,6997.28203058742,1907.03489218911,0
5203,1999657.4092004,-7309550.64532679,0,6995.45373827974,1913.73062137711,0
5204,2006651.9461228,-7307633.56757089,0,6993.61903880165,1920.42459776985,0
5205,2013644.64514284,-7305709.79671756,0,6991.77793383356,1927.11681523628,0
5206,2020635.49985586,-7303779.33452877,0,6989.93042506177,1933.80726764696,0
5207,2027624.50385892,-7301842.18277266,0,6988.0765141784,1940.49594887407,0
5208,2034611.65075075,-7299898.34322346,0,6986.21620288146,1947.18285279143,0
5209,2041596.93413178,-7297947.81766155,0,6984.34949287482,1953.86797327445,0
5210,2048580.34760416,-7295990.60787343,0,6982.47638586821,1960.55130420022,0
5211,2055561.88477176,-7294026.71565171,0,6980.59688357722,1967.23283944742,0
5212,2062541.53924013,-7292056.14279513,0,6978.71098772329,1973.91257289641,0
5213,2069519.30461659,-7290078.89110856,0,6976.81870003373,1980.59049842919,0
5214,2076495.17451016,-7288094.96240295,0,6974.92002224169,1987.26660992942,0
5215,2083469.14253162,-7286104.35849541,0,6973.01495608617,1993.94090128241,0
5216,2090441.20229346,-7284107.08120914,0,6971.10350331205,2000.61336637514,0
5217,2097411.34740995,-7282103.13237345,0,6969.18566567002,2007.28399909628,0
5218,2104379.5714971,-7280092.51382378,0,6967.26144491664,2013.95279333615,0
5219,2111345.86817267,-7278075.22740164,0,6965.33084281432,2020.61974298677,0
5220,2118310.2310562,-7276051.2749547,0,6963.3938611313,2027.28484194186,0
5221,2125272.653769,-7274020.65833669,0,6961.45050164168,2033.94808409681,0
5222,2132233.12993414,-7271983.37940747,0,6959.50076612539,2040.60946334874,0
5223,2139191.6531765,-7269939.440033,0,6957.5446563682,2047.26897359644,0
5224,2146148.21712273,-7267888.84208532,0,6955.58217416172,2053.92660874045,0
5225,2153102.81540127,-7265831.58744258,0,6953.6133213034,2060.58236268299,0
5226,2160055.44164239,-7263767.67798905,0,6951.63809959652,2067.23622932804,0
5227,2167006.08947812,-7261697.11561506,0,6949.65651085019,2073.88820258129,0
5228,2173954.75254234,-7259619.90221705,0,6947.66855687937,2080.53827635015,0
5229,2180901.42447074,-7257536.03969755,0,6945.67423950483,2087.1864445438,0
5230,2187846.09890083,-7255445.52996518,0,6943.67356055317,2093.83270107315,0
5231,2194788.76947194,-7253348.37493465,0,6941.66652185682,2100.47703985084,0
5232,2201729.42982524,-7251244.57652676,0,6939.65312525405,2107.11945479132,0
5233,2208668.07360376,-7249134.13666838,0,6937.63337258893,2113.75993981074,0
5234,2215604.69445235,-7247017.05729247,0,6935.60726571136,2120.39848882706,0
5235,2222539.28601773,-7244893.34033809,0,6933.57480647707,2127.03509576001,0
5236,2229471.84194847,-7242762.98775034,0,6931.5359967476,2133.66975453107,0
5237,2236402.35589501,-7240626.00148044,0,6929.49083839029,2140.30245906354,0
5238,2243330.82150966,-7238482.38348565,0,6927.43933327832,2146.93320328248,0
5239,2250257.23244661,-7236332.13572933,0,6925.38148329068,2153.56198111476,0
5240,2257181.58236192,-7234175.26018091,0,6923.31729031215,2160.18878648906,0
5241,2264103.86491353,-7232011.75881587,0,6921.24675623335,2166.81361333586,0
5242,2271024.07376131,-7229841.63361577,0,6919.16988295069,2173.43645558743,0
5243,2277942.202567,-7227664.88656824,0,6917.08667236638,2180.05730717789,0
5244,2284858.24499425,-7225481.51966699,0,6914.99712638845,2186.67616204316,0
5245,2291772.19470862,-7223291.53491175,0,6912.90124693072,2193.29301412101,0
5246,2298684.04537759,-7221094.93430836,0,6910.79903591282,2199.90785735102,0
5247,2305593.79067057,-7218891.71986869,0,6908.69049526017,2206.52068567464,0
5248,2312501.42425888,-7216681.89361067,0,6906.575626904,2213.13149303513,0
5249,2319406.93981578,-7214465.45755829,0,6904.45443278133,2219.74027337763,0
5250,2326310.3310165,-7212242.4137416,0,6902.32691483496,2226.34702064912,0
5251,2333211.59153816,-7210012.7641967,0,6900.19307501351,2232.95172879845,0
5252,2340110.71505988,-7207776.51096573,0,6898.05291527136,2239.55439177633,0
5253,2347007.69526272,-7205533.65609689,0,6895.90643756869,2246.15500353536,0
5254,2353902.52582969,-7203284.20164441,0,6893.75364387149,2252.75355803,0
5255,2360795.20044579,-7201028.14966859,0,6891.5945361515,2259.3500492166,0
5256,2367685.71279798,-7198765.50223576,0,6889.42911638626,2265.94447105341,0
5257,2374574.05657521,-7196496.26141828,0,6887.25738655909,2272.53681750056,0
5258,2381460.2254684,-7194220.42929457,0,6885.07934865908,2279.12708252009,0
5259,2388344.2131705,-7191938.00794907,0,6882.89500468112,2285.71526007593,0
5260,2395226.01337641,-7189648.99947225,0,6880.70435662585,2292.30134413396,0
5261,2402105.61978306,-7187353.40596064,0,6878.5074064997,2298.88532866194,0
5262,2408983.02608939,-7185051.22951678,0,6876.30415631486,2305.46720762956,0
5263,2415858.22599634,-7182742.47224925,0,6874.09460808931,2312.04697500846,0
5264,2422731.21320689,-7180427.13627264,0,6871.87876384678,2318.62462477219,0
5265,2429601.98142604,-7178105.22370758,0,6869.65662561677,2325.20015089625,0
5266,2436470.52436081,-7175776.73668073,0,6867.42819543455,2331.77354735808,0
5267,2443336.83572027,-7173441.67732476,0,6865.19347534115,2338.34480813708,0
5268,2450200.90921554,-7171100.04777836,0,6862.95246738336,2344.9139272146,0
5269,2457062.73855977,-7168751.85018624,0,6860.70517361373,2351.48089857394,0
5270,2463922.31746818,-7166397.08669912,0,6858.45159609057,2358.04571620039,0
5271,2470779.63965805,-7164035.75947375,0,6856.19173687794,2364.6083740812,0
5272,2477634.69884873,-7161667.87067288,0,6853.92559804566,2371.1688662056,0
5273,2484487.48876163,-7159293.42246526,0,6851.65318166929,2377.72718656479,0
5274,2491338.00312025,-7156912.41702567,0,6849.37448983016,2384.283329152,0
5275,2498186.23565016,-7154524.85653488,0,6847.08952461532,2390.8372879624,0
5276,2505032.18007905,-7152130.74317967,0,6844.79828811759,2397.3890569932,0
5277,2511875.83013667,-7149730.07915282,0,6842.50078243553,2403.93863024359,0
5278,2518717.17955489,-7147322.86665311,0,6840.19700967342,2410.48600171481,0
5279,2525556.22206769,-7144909.10788532,0,6837.88697194131,2417.03116541006,0
5280,2532392.95141116,-7142488.80506022,0,6835.57067135498,2423.57411533461,0
5281,2539227.36132349,-7140061.96039457,0,6833.24811003592,2430.11484549574,0
5282,2546059.44554503,-7137628.57611114,0,6830.91929011139,2436.65334990276,0
5283,2552889.19781822,-7135188.65443868,0,6828.58421371437,2443.18962256701,0
5284,2559716.61188768,-7132742.19761192,0,6826.24288298356,2449.72365750191,0
5285,2566541.68150013,-7130289.20787158,0,6823.8953000634,2456.25544872288,0
5286,2573364.40040446,-7127829.68746437,0,6821.54146710406,2462.78499024744,0
5287,2580184.76235171,-7125363.63864298,0,6819.18138626141,2469.31227609515,0
5288,2587002.76109507,-7122891.06366607,0,6816.81505969707,2475.83730028762,0
5289,2593818.39038992,-7120411.96479828,0,6814.44248957837,2482.36005684856,0
5290,2600631.64399377,-7117926.34431024,0,6812.06367807836,2488.88053980375,0
5291,2607442.51566634,-7115434.20447853,0,6809.6786273758,2495.39874318103,0
5292,2614250.99916951,-7112935.54758573,0,6807.28733965517,2501.91466101037,0
5293,2621057.08826737,-7110430.37592035,0,6804.88981710667,2508.42828732379,0
5294,2627860.77672618,-7107918.69177691,0,6802.4860619262,2514.93961615543,0
5295,2634662.05831442,-7105400.49745586,0,6800.07607631536,2521.44864154154,0
5296,2641460.92680274,-7102875.79526363,0,6797.65986248149,2527.95535752047,0
5297,2648257.37596404,-7100344.5875126,0,6795.23742263759,2534.45975813268,0
5298,2655051.39957342,-7097806.87652114,0,6792.80875900239,2540.96183742076,0
5299,2661842.99140819,-7095262.66461352,0,6790.37387380032,2547.46158942943,0
5300,2668632.14524791,-7092711.95412002,0,6787.9327692615,2553.95900820553,0
5301,2675418.85487435,-7090154.74737684,0,6785.48544762175,2560.45408779804,0
5302,2682203.11407153,-7087591.04672614,0,6783.03191112259,2566.94682225809,0
5303,2688984.91662572,-7085020.85451602,0,6780.57216201121,2573.43720563895,0
5304,2695764.25632543,-7082444.17310053,0,6778.10620254053,2579.92523199605,0
5305,2702541.12696143,-7079861.00483968,0,6775.63403496911,2586.41089538697,0
5306,2709315.52232676,-7077271.3520994,0,6773.15566156124,2592.89418987146,0
5307,2716087.4362167,-7074675.21725155,0,6770.67108458686,2599.37510951144,0
5308,2722856.86242883,-7072072.60267397,0,6768.18030632162,2605.853648371,0
5309,2729623.79476301,-7069463.51075038,0,6765.68332904682,2612.32980051641,0
5310,2736388.22702135,-7066847.94387048,0,6763.18015504947,2618.80356001615,0
5311,2743150.1530083,-7064225.90442988,0,6760.67078662223,2625.27492094086,0
5312,2749909.56653055,-7061597.3948301,0,6758.15522606344,2631.74387736338,0
5313,2756666.46139715,-7058962.41747863,0,6755.63347567712,2638.21042335878,0
5314,2763420.8314194,-7056320.97478884,0,6753.10553777295,2644.6745530043,0
5315,2770172.67041096,-7053673.06918004,0,6750.57141466629,2651.13626037942,0
5316,2776921.97218777,-7051018.70307747,0,6748.03110867814,2657.59553956584,0
5317,2783668.73056813,-7048357.87891228,0,6745.4846221352,2664.05238464746,0
5318,2790412.93937264,-7045690.59912152,0,6742.93195736979,2670.50678971043,0
5319,2797154.59242424,-7043016.86614817,0,6740.37311671991,2676.95874884312,0
5320,2803893.68354823,-7040336.68244111,0,6737.80810252922,2683.40825613617,0
5321,2810630.20657223,-7037650.05045514,0,6735.23691714704,2689.85530568242,0
5322,2817364.15532624,-7034956.97265096,0,6732.65956292831,2696.29989157701,0
5323,2824095.5236426,-7032257.45149517,0,6730.07604223366,2702.74200791729,0
5324,2830824.30535601,-7029551.48946028,0,6727.48635742933,2709.18164880291,0
5325,2837550.49430354,-7026839.08902469,0,6724.89051088724,2715.61880833576,0
5326,2844274.08432466,-7024120.25267269,0,6722.28850498494,2722.05348062002,0
5327,2850995.06926119,-7021394.98289449,0,6719.68034210561,2728.48565976214,0
5328,2857713.44295734,-7018663.28218618,0,6717.06602463808,2734.91533987086,0
5329,2864429.19925973,-7015925.15304973,0,6714.44555497683,2741.3425150572,0
5330,2871142.33201737,-7013180.597993,0,6711.81893552194,2747.76717943447,0
5331,2877852.83508165,-7010429.61952975,0,6709.18616867916,2754.18932711831,0
5332,2884560.7023064,-7007672.22017962,0,6706.54725685985,2760.60895222663,0
5333,2891265.92754785,-7004908.40246812,0,6703.902202481,2767.02604887966,0
5334,2897968.50466465,-7002138.16892664,0,6701.25100796523,2773.44061119996,0
5335,2904668.42751787,-6999361.52209246,0,6698.59367574078,2779.8526333124,0
5336,2911365.68997104,-6996578.46450871,0,6695.93020824151,2786.26210934416,0
5337,2918060.28589008,-6993788.99872442,0,6693.26060790691,2792.66903342479,0
5338,2924752.20914339,-6990993.12729447,0,6690.58487718208,2799.07339968615,0
5339,2931441.4536018,-6988190.85277961,0,6687.90301851774,2805.47520226245,0
5340,2938128.01313859,-6985382.17774646,0,6685.2150343702,2811.87443529025,0
5341,2944811.88162953,-6982567.1047675,0,6682.52092720141,2818.27109290845,0
5342,2951493.05295281,-6979745.63642106,0,6679.82069947891,2824.66516925834,0
5343,2958171.52098913,-6976917.77529136,0,6677.11435367587,2831.05665848353,0
5344,2964847.27962163,-6974083.52396842,0,6674.40189227102,2837.44555473004,0
5345,2971520.32273596,-6971242.88504817,0,6671.68331774873,2843.83185214624,0
5346,2978190.64422025,-6968395.86113236,0,6668.95863259895,2850.2155448829,0
5347,2984858.23796512,-6965542.45482858,0,6666.22783931724,2856.59662709315,0
5348,2991523.09786368,-6962682.66875029,0,6663.49094040474,2862.97509293254,0
5349,2998185.21781155,-6959816.50551679,0,6660.7479383682,2869.35093655899,0
5350,3004844.59170687,-6956943.96775319,0,6657.99883571994,2875.72415213284,0
5351,3011501.21345029,-6954065.05809048,0,6655.24363497787,2882.09473381683,0
5352,3018155.07694497,-6951179.77916547,0,6652.48233866551,2888.46267577611,0
5353,3024806.17609661,-6948288.13362078,0,6649.71494931193,2894.82797217826,0
5354,3031454.50481343,-6945390.12410491,0,6646.94146945179,2901.19061719326,0
5355,3038100.05700619,-6942485.75327214,0,6644.16190162536,2907.55060499353,0
5356,3044742.8265882,-6939575.0237826,0,6641.37624837844,2913.90792975395,0
5357,3051382.80747532,-6936657.93830225,0,6638.58451226242,2920.26258565179,0
5358,3058019.99358596,-6933734.49950286,0,6635.78669583428,2926.6145668668,0
5359,3064654.37884108,-6930804.71006202,0,6632.98280165654,2932.96386758117,0
5360,3071285.95716421,-6927868.57266313,0,6630.17283229731,2939.31048197954,0
5361,3077914.72248147,-6924926.08999543,0,6627.35679033025,2945.65440424903,0
5362,3084540.66872153,-6921977.26475395,0,6624.53467833459,2951.99562857918,0
5363,3091163.78981566,-6919022.09963952,0,6621.70649889511,2958.33414916206,0
5364,3097784.0796977,-6916060.59735881,0,6618.87225460216,2964.66996019218,0
5365,3104401.53230411,-6913092.76062426,0,6616.03194805163,2971.00305586653,0
5366,3111016.14157392,-6910118.59215413,0,6613.18558184498,2977.3334303846,0
5367,3117627.90144878,-6907138.09467247,0,6610.33315858921,2983.66107794838,0
5368,3124236.80587295,-6904151.27090915,0,6607.47468089687,2989.98599276234,0
5369,3130842.8487933,-6901158.1235998,0,6604.61015138604,2996.30816903345,0
5370,3137446.02415932,-6898158.65548586,0,6601.73957268037,3002.62760097122,0
5371,3144046.32592314,-6895152.86931456,0,6598.86294740903,3008.94428278763,0
5372,3150643.7480395,-6892140.76783892,0,6595.98027820674,3015.2582086972,0
5373,3157238.28446579,-6889122.35381773,0,6593.09156771375,3021.56937291699,0
5374,3163829.92916204,-6886097.63001558,0,6590.19681857584,3027.87776966656,0
5375,3170418.67609094,-6883066.59920281,0,6587.29603344433,3034.18339316803,0
5376,3177004.51921782,-6880029.26415558,0,6584.38921497607,3040.48623764604,0
5377,3183587.45251067,-6876985.62765579,0,6581.47636583341,3046.78629732779,0
5378,3190167.46994015,-6873935.69249111,0,6578.55748868426,3053.08356644302,0
5379,3196744.56547959,-6870879.46145501,0,6575.63258620202,3059.37803922403,0
5380,3203318.733105,-6867816.9373467,0,6572.70166106563,3065.66970990568,0
5381,3209889.96679507,-6864748.12297116,0,6569.76471595955,3071.9585727254,0
5382,3216458.26053116,-6861673.02113912,0,6566.82175357372,3078.24462192319,0
5383,3223023.60829735,-6858591.6346671,0,6563.87277660363,3084.52785174163,0
5384,3229586.00408041,-6855503.96637735,0,6560.91778775026,3090.80825642588,0
5385,3236145.4418698,-6852410.01909788,0,6557.95678972009,3097.08583022368,0
5386,3242701.91565769,-6849309.79566245,0,6554.98978522512,3103.36056738536,0
5387,3249255.419439,-6846203.29891057,0,6552.01677698285,3109.63246216388,0
5388,3255805.94721132,-6843090.5316875,0,6549.03776771626,3115.90150881477,0
5389,3262353.492975,-6839971.49684423,0,6546.05276015384,3122.16770159618,0
5390,3268898.05073311,-6836846.19723751,0,6543.06175702958,3128.43103476887,0
5391,3275439.61449145,-6833714.63572981,0,6540.06476108296,3134.69150259623,0
5392,3281978.17825858,-6830576.81518934,0,6537.06177505893,3140.94909934426,0
5393,3288513.73604579,-6827432.73849006,0,6534.05280170795,3147.20381928159,0
5394,3295046.28186714,-6824282.40851163,0,6531.03784378594,3153.45565667951,0
5395,3301575.80973943,-6821125.82813945,0,6528.01690405433,3159.70460581192,0
5396,3308102.31368223,-6817963.00026466,0,6524.98998528,3165.95066095537,0
5397,3314625.7877179,-6814793.92778411,0,6521.95709023534,3172.19381638908,0
5398,3321146.22587154,-6811618.61360036,0,6518.91822169817,3178.43406639491,0
5399,3327663.62217106,-6808437.0606217,0,6515.87338245181,3184.67140525739,0
5400,3334177.97064714,-6805249.27176213,0,6512.82257528506,3190.90582726369,0
5401,3340689.26533325,-6802055.24994136,0,6509.76580299215,3197.1373267037,0
5402,3347197.50026568,-6798854.99808482,0,6506.7030683728,3203.36589786994,0
5403,3353702.66948349,-6795648.51912362,0,6503.63437423219,3209.59153505763,0
5404,3360204.76702857,-6792435.8159946,0,6500.55972338094,3215.81423256469,0
5405,3366703.78694562,-6789216.89164028,0,6497.47911863514,3222.03398469172,0
5406,3373199.72328215,-6785991.7490089,0,6494.39256281634,3228.25078574201,0
5407,3379692.5700885,-6782760.39105439,0,6491.30005875153,3234.46463002156,0
5408,3386182.32141785,-6779522.82073635,0,6488.20160927314,3240.67551183909,0
5409,3392668.97132619,-6776279.04102009,0,6485.09721721906,3246.88342550602,0
5410,3399152.51387238,-6773029.05487662,0,6481.98688543262,3253.08836533648,0
5411,3405632.9431181,-6769772.86528259,0,6478.87061676259,3259.29032564736,0
5412,3412110.25312789,-6766510.47522039,0,6475.74841406317,3265.48930075823,0
5413,3418584.43796916,-6763241.88767804,0,6472.620280194,3271.68528499142,0
5414,3425055.49171218,-6759967.10564925,0,6469.48621802016,3277.87827267201,0
5415,3431523.40843006,-6756686.13213343,0,6466.34623041215,3284.06825812781,0
5416,3437988.18219882,-6753398.97013563,0,6463.2003202459,3290.25523568938,0
5417,3444449.80709733,-6750105.62266657,0,6460.04849040276,3296.43919969003,0
5418,3450908.27720736,-6746806.09274266,0,6456.89074376952,3302.62014446585,0
5419,3457363.58661357,-6743500.38338594,0,6453.72708323836,3308.79806435567,0
5420,3463815.7294035,-6740188.49762413,0,6450.55751170689,3314.9729537011,0
5421,3470264.69966761,-6736870.4384906,0,6447.38203207816,3321.14480684655,0
5422,3476710.49149926,-6733546.20902439,0,6444.20064726058,3327.31361813917,0
5423,3483153.09899471,-6730215.81227016,0,6441.01336016802,3333.47938192892,0
5424,3489592.51625314,-6726879.25127825,0,6437.82017371971,3339.64209256855,0
5425,3496028.73737667,-6723536.52910462,0,6434.62109084031,3345.8017444136,0
5426,3502461.75647032,-6720187.6488109,0,6431.41611445989,3351.95833182241,0
5427,3508891.56764207,-6716832.61346433,0,6428.20524751389,3358.11184915615,0
5428,3515318.16500281,-6713471.42613782,0,6424.98849294317,3364.26229077876,0
5429,3521741.5426664,-6710104.08990989,0,6421.76585369396,3370.40965105703,0
5430,3528161.69474962,-6706730.6078647,0,6418.53733271789,3376.55392436057,0
5431,3534578.61537224,-6703350.98309204,0,6415.30293297199,3382.6951050618,0
5432,3540992.29865696,-6699965.21868732,0,6412.06265741865,3388.83318753599,0
5433,3547402.73872947,-6696573.31775158,0,6408.81650902567,3394.96816616123,0
5434,3553809.92971839,-6693175.28339149,0,6405.5644907662,3401.10003531847,0
5435,3560213.86575537,-6689771.11871931,0,6402.30660561878,3407.2287893915,0
5436,3566614.540975,-6686360.82685294,0,6399.04285656732,3413.35442276696,0
5437,3573011.94951486,-6682944.41091588,0,6395.77324660112,3419.47692983436,0
5438,3579406.08551556,-6679521.87403724,0,6392.49777871482,3425.59630498606,0
5439,3585796.94312065,-6676093.21935174,0,6389.21645590844,3431.7125426173,0
5440,3592184.51647674,-6672658.44999971,0,6385.92928118735,3437.82563712618,0
5441,3598568.79973339,-6669217.56912707,0,6382.63625756231,3443.93558291369,0
5442,3604949.78704323,-6665770.57988532,0,6379.3373880494,3450.04237438371,0
5443,3611327.47256187,-6662317.4854316,0,6376.03267567007,3456.14600594298,0
5444,3617701.85044796,-6658858.28892861,0,6372.72212345113,3462.24647200117,0
5445,3624072.91486317,-6655392.99354463,0,6369.40573442473,3468.34376697083,0
5446,3630440.65997222,-6651921.60245355,0,6366.08351162837,3474.43788526741,0
5447,3636805.07994285,-6648444.11883485,0,6362.75545810488,3480.52882130929,0
5448,3643166.16894587,-6644960.54587355,0,6359.42157690244,3486.61656951774,0
5449,3649523.92115511,-6641470.88676028,0,6356.08187107459,3492.70112431697,0
5450,3655878.33074749,-6637975.14469124,0,6352.73634368015,3498.78248013411,0
5451,3662229.39190297,-6634473.3228682,0,6349.38499778334,3504.8606313992,0
5452,3668577.09880458,-6630965.42449848,0,6346.02783645364,3510.93557254524,0
5453,3674921.44563843,-6627451.452795,0,6342.66486276592,3517.00729800816,0
5454,3681262.42659369,-6623931.41097621,0,6339.29607980032,3523.07580222684,0
5455,3687600.03586263,-6620405.30226615,0,6335.92149064234,3529.14107964311,0
5456,3693934.26764061,-6616873.12989438,0,6332.54109838278,3535.20312470175,0
5457,3700265.11612606,-6613334.89709605,0,6329.15490611776,3541.2619318505,0
5458,3706592.57552054,-6609790.60711183,0,6325.7629169487,3547.31749554007,0
5459,3712916.64002869,-6606240.26318797,0,6322.36513398235,3553.36981022414,0
5460,3719237.30385828,-6602683.86857623,0,6318.96156033075,3559.41887035937,0
5461,3725554.56122016,-6599121.42653395,0,6315.55219911126,3565.46467040539,0
5462,3731868.40632835,-6595552.94032397,0,6312.13705344651,3571.50720482482,0
5463,3738178.83339995,-6591978.41321468,0,6308.71612646447,3577.54646808328,0
5464,3744485.83665522,-6588397.84848003,0,6305.28942129837,3583.58245464938,0
5465,3750789.41031753,-6584811.24939946,0,6301.85694108676,3589.61515899472,0
5466,3757089.54861342,-6581218.61925796,0,6298.41868897345,3595.64457559393,0
5467,3763386.24577256,-6577619.96134603,0,6294.97466810756,3601.67069892462,0
5468,3769679.49602777,-6574015.2789597,0,6291.52488164348,3607.69352346745,0
5469,3775969.29361504,-6570404.57540053,0,6288.0693327409,3613.71304370609,0
5470,3782255.6327735,-6566787.85397556,0,6284.60802456475,3619.72925412721,0
5471,3788538.50774547,-6563165.11799738,0,6281.14096028529,3625.74214922055,0
5472,3794817.91277643,-6559536.37078407,0,6277.668143078,3631.75172347886,0
5473,3801093.84211504,-6555901.61565921,0,6274.18957612365,3637.75797139795,0
5474,3807366.29001315,-6552260.85595189,0,6270.70526260829,3643.76088747667,0
5475,3813635.2507258,-6548614.0949967,0,6267.2152057232,3649.76046621691,0
5476,3819900.71851121,-6544961.33613373,0,6263.71940866496,3655.75670212363,0
5477,3826162.6876308,-6541302.58270856,0,6260.21787463538,3661.74958970485,0
5478,3832421.15234922,-6537637.83807226,0,6256.71060684154,3667.73912347166,0
5479,3838676.1069343,-6533967.10558138,0,6253.19760849574,3673.7252979382,0
5480,3844927.5456571,-6530290.38859798,0,6249.67888281558,3679.70810762172,0
5481,3851175.4627919,-6526607.69048956,0,6246.15443302386,3685.68754704253,0
5482,3857419.85261619,-6522919.01462914,0,6242.62426234865,3691.66361072403,0
5483,3863660.70941071,-6519224.36439519,0,6239.08837402325,3697.63629319271,0
5484,3869898.02745943,-6515523.74317165,0,6235.54677128619,3703.60558897817,0
5485,3876131.80104956,-6511817.15434795,0,6231.99945738125,3709.5714926131,0
5486,3882362.02447155,-6508104.60131896,0,6228.44643555743,3715.5339986333,0
5487,3888588.69201912,-6504386.08748504,0,6224.88770906896,3721.49310157768,0
5488,3894811.79798922,-6500661.61625198,0,6221.32328117529,3727.44879598826,0
5489,3901031.33668209,-6496931.19103106,0,6217.7531551411,3733.40107641021,0
5490,3907247.30240121,-6493194.81523898,0,6214.17733423629,3739.34993739179,0
5491,3913459.68945336,-6489452.4922979,0,6210.59582173597,3745.29537348441,0
5492,3919668.49214858,-6485704.22563545,0,6207.00862092046,3751.23737924263,0
5493,3925873.70480019,-6481950.01868468,0,6203.4157350753,3757.17594922412,0
5494,3932075.32172482,-6478189.87488408,0,6199.81716749123,3763.11107798973,0
5495,3938273.33724236,-6474423.79767758,0,6196.2129214642,3769.04276010344,0
5496,3944467.74567603,-6470651.79051457,0,6192.60300029535,3774.97099013238,0
5497,3950658.54135234,-6466873.85684982,0,6188.98740729102,3780.89576264688,0
5498,3956845.71860111,-6463090.00014358,0,6185.36614576277,3786.8170722204,0
5499,3963029.27175546,-6459300.2238615,0,6181.73921902731,3792.73491342958,0
5500,3969209.19515187,-6455504.53147465,0,6178.10663040657,3798.64928085424,0
5501,3975385.48313009,-6451702.92645953,0,6174.46838322765,3804.56016907739,0
5502,3981558.13003325,-6447895.41229804,0,6170.82448082284,3810.46757268521,0
5503,3987727.13020777,-6444081.9924775,0,6167.17492652961,3816.37148626708,0
5504,3993892.47800346,-6440262.67049065,0,6163.51972369061,3822.27190441559,0
5505,4000054.16777342,-6436437.44983562,0,6159.85887565365,3828.1688217265,0
5506,4006212.19387415,-6432606.33401594,0,6156.19238577173,3834.06223279881,0
5507,4012366.55066547,-6428769.32654056,0,6152.52025740299,3839.9521322347,0
5508,4018517.23251058,-6424926.43092382,0,6148.84249391076,3845.8385146396,0
5509,4024664.23377604,-6421077.65068542,0,6145.15909866352,3851.72137462213,0
5510,4030807.54883178,-6417222.98935051,0,6141.4700750349,3857.60070679415,0
5511,4036947.17205111,-6413362.45044957,0,6137.77542640372,3863.47650577076,0
5512,4043083.09781071,-6409496.03751849,0,6134.0751561539,3869.34876617028,0
5513,4049215.32049067,-6405623.75409855,0,6130.36926767455,3875.21748261428,0
5514,4055343.83447445,-6401745.60373637,0,6126.65776435991,3881.08264972757,0
5515,4061468.63414891,-6397861.58998399,0,6122.94064960936,3886.94426213822,0
5516,4067589.71390433,-6393971.71639879,0,6119.21792682743,3892.80231447755,0
5517,4073707.06813436,-6390075.98654352,0,6115.48959942377,3898.65680138014,0
5518,4079820.69123611,-6386174.40398629,0,6111.75567081318,3904.50771748384,0
5519,4085930.57761006,-6382266.9723006,0,6108.01614441559,3910.35505742976,0
5520,4092036.72166015,-6378353.69506527,0,6104.27102365604,3916.19881586229,0
5521,4098139.11779373,-6374434.5758645,0,6100.5203119647,3922.03898742912,0
5522,4104237.76042158,-6370509.61828782,0,6096.76401277688,3927.87556678119,0
5523,4110332.64395793,-6366578.82593012,0,6093.00212953299,3933.70854857276,0
5524,4116423.76282044,-6362642.20239164,0,6089.23466567855,3939.53792746137,0
5525,4122511.11143023,-6358699.75127795,0,6085.4616246642,3945.36369810786,0
5526,4128594.68421187,-6354751.47619995,0,6081.68300994569,3951.18585517637,0
5527,4134674.47559338,-6350797.3807739,0,6077.89882498387,3957.00439333438,0
5528,4140750.48000624,-6346837.46862136,0,6074.1090732447,3962.81930725265,0
5529,4146822.69188543,-6342871.74336925,0,6070.31375819922,3968.63059160527,0
5530,4152891.10566936,-6338900.20864978,0,6066.51288332358,3974.43824106966,0
5531,4158955.71579996,-6334922.86810051,0,6062.70645209903,3980.24225032656,0
5532,4165016.51672261,-6330939.7253643,0,6058.89446801189,3986.04261406006,0
5533,4171073.50288619,-6326950.78408934,0,6055.07693455359,3991.83932695757,0
5534,4177126.66874309,-6322956.0479291,0,6051.2538552206,3997.63238370985,0
5535,4183176.00874918,-6318955.5205424,0,6047.42523351452,4003.42177901102,0
5536,4189221.51736383,-6314949.20559333,0,6043.59107294199,4009.20750755853,0
5537,4195263.18904994,-6310937.1067513,0,6039.75137701475,4014.98956405322,0
5538,4201301.01827391,-6306919.22769101,0,6035.90614924959,4020.76794319927,0
5539,4207334.99950567,-6302895.57209245,0,6032.05539316837,4026.54263970423,0
5540,4213365.12721865,-6298866.14364091,0,6028.19911229801,4032.31364827903,0
5541,4219391.39588984,-6294830.94602697,0,6024.33731017052,4038.08096363797,0
5542,4225413.79999975,-6290789.98294647,0,6020.46999032292,4043.84458049875,0
5543,4231432.33403243,-6286743.25810056,0,6016.59715629731,4049.60449358243,0
5544,4237446.99247547,-6282690.77519565,0,6012.71881164085,4055.36069761348,0
5545,4243457.76982002,-6278632.53794344,0,6008.83495990573,4061.11318731978,0
5546,4249464.66056078,-6274568.55006088,0,6004.94560464918,4066.86195743258,0
5547,4255467.659196,-6270498.8152702,0,6001.05074943349,4072.60700268656,0
5548,4261466.76022751,-6266423.33729888,0,5997.15039782598,4078.3483178198,0
5549,4267461.95816071,-6262342.11987968,0,5993.24455339898,4084.08589757381,0
5550,4273453.24750456,-6258255.16675061,0,5989.3332197299,4089.8197366935,0
5551,4279440.62277162,-6254162.48165492,0,5985.41640040113,4095.54982992723,0
5552,4285424.07847801,-6250064.06834113,0,5981.49409900012,4101.27617202678,0
5553,4291403.60914346,-6245959.930563,0,5977.56631911931,4106.99875774736,0
5554,4297379.20929128,-6241850.07207951,0,5973.63306435617,4112.71758184762,0
5555,4303350.87344841,-6237734.49665492,0,5969.69433831321,4118.43263908967,0
5556,4309318.59614535,-6233613.2080587,0,5965.7501445979,4124.14392423906,0
5557,4315282.37191625,-6229486.21006555,0,5961.80048682277,4129.85143206479,0
5558,4321242.19529885,-6225353.50645542,0,5957.84536860532,4135.55515733933,0
5559,4327198.06083452,-6221215.10101346,0,5953.88479356807,4141.25509483862,0
5560,4333149.96306826,-6217070.99753007,0,5949.91876533851,4146.95123934204,0
5561,4339097.89654868,-6212921.19980085,0,5945.94728754917,4152.64358563247,0
5562,4345041.85582805,-6208765.71162662,0,5941.97036383753,4158.33212849627,0
5563,4350981.83546226,-6204604.5368134,0,5937.98799784608,4164.01686272326,0
5564,4356917.83001086,-6200437.67917245,0,5934.00019322229,4169.69778310679,0
5565,4362849.83403704,-6196265.14252021,0,5930.00695361861,4175.37488444365,0
5566,4368777.84210766,-6192086.93067831,0,5926.00828269246,4181.04816153417,0
5567,4374701.84879321,-6187903.04747362,0,5922.00418410624,4186.71760918216,0
5568,4380621.84866787,-6183713.49673816,0,5917.99466152734,4192.38322219495,0
5569,4386537.83630949,-6179518.28230917,0,5913.97971862809,4198.04499538338,0
5570,4392449.80629958,-6175317.40802906,0,5909.9593590858,4203.7029235618,0
5571,4398357.75322334,-6171110.87774544,0,5905.93358658273,4209.35700154809,0
5572,4404261.67166965,-6166898.69531109,0,5901.90240480611,4215.00722416364,0
5573,4410161.55623109,-6162680.86458397,0,5897.86581744812,4220.65358623339,0
5574,4416057.40150392,-6158457.3894272,0,5893.82382820589,4226.29608258582,0
5575,4421949.20208811,-6154228.27370909,0,5889.7764407815,4231.93470805293,0
5576,4427836.95258733,-6149993.52130311,0,5885.72365888197,4237.56945747027,0
5577,4433720.64760895,-6145753.13608789,0,5881.66548621925,4243.20032567696,0
5578,4439600.28176408,-6141507.12194721,0,5877.60192651026,4248.82730751565,0
5579,4445475.84966753,-6137255.48277003,0,5873.53298347683,4254.45039783256,0
5580,4451347.34593784,-6132998.22245044,0,5869.45866084571,4260.06959147747,0
5581,4457214.76519727,-6128735.34488768,0,5865.37896234862,4265.68488330374,0
5582,4463078.10207182,-6124466.85398615,0,5861.29389172214,4271.2962681683,0
5583,4468937.35119125,-6120192.75365538,0,5857.20345270784,4276.90374093165,0
5584,4474792.50718902,-6115913.04781003,0,5853.10764905215,4282.50729645788,0
5585,4480643.56470239,-6111627.74036992,0,5849.00648450645,4288.10692961466,0
5586,4486490.51837233,-6107336.83525997,0,5844.89996282701,4293.70263527327,0
5587,4492333.36284358,-6103040.33641025,0,5840.78808777502,4299.29440830856,0
5588,4498172.09276467,-6098738.24775593,0,5836.67086311655,4304.88224359901,0
5589,4504006.70278787,-6094430.57323734,0,5832.54829262261,4310.46613602669,0
5590,4509837.18756923,-6090117.31679987,0,5828.42038006907,4316.04608047729,0
5591,4515663.54176858,-6085798.48239408,0,5824.2871292367,4321.6220718401,0
5592,4521485.76004954,-6081474.07397559,0,5820.14854391117,4327.19410500806,0
5593,4527303.83707951,-6077144.09550516,0,5816.00462788303,4332.7621748777,0
5594,4533117.76752967,-6072808.55094863,0,5811.85538494772,4338.3262763492,0
5595,4538927.54607503,-6068467.44427696,0,5807.70081890555,4343.88640432639,0
5596,4544733.16739438,-6064120.77946618,0,5803.5409335617,4349.4425537167,0
5597,4550534.62617032,-6059768.56049742,0,5799.37573272623,4354.99471943123,0
5598,4556331.91708927,-6055410.7913569,0,5795.20522021407,4360.54289638474,0
5599,4562125.03484147,-6051047.47603593,0,5791.02939984501,4366.08707949561,0
5600,4567913.97412095,-6046678.61853088,0,5786.84827544372,4371.6272636859,0
5601,4573698.72962562,-6042304.22284322,0,5782.66185083969,4377.16344388133,0
5602,4579479.29605718,-6037924.29297948,0,5778.47012986731,4382.69561501128,0
5603,4585255.66812118,-6033538.83295124,0,5774.27311636577,4388.22377200882,0
5604,4591027.84052701,-6029147.84677519,0,5770.07081417916,4393.74790981067,0
5605,4596795.80798792,-6024751.33847304,0,5765.86322715638,4399.26802335725,0
5606,4602559.565221,-6020349.31207158,0,5761.65035915117,4404.78410759266,0
5607,4608319.10694718,-6015941.77160264,0,5757.43221402214,4410.2961574647,0
5608,4614074.42789129,-6011528.72110312,0,5753.20879563269,4415.80416792485,0
5609,4619825.52278199,-6007110.16461495,0,5748.98010785107,4421.30813392829,0
5610,4625572.38635182,-6002686.1061851,0,5744.74615455036,4426.80805043392,0
5611,4631315.01333721,-5998256.54986559,0,5740.50693960847,4432.30391240434,0
5612,4637053.39847845,-5993821.49971348,0,5736.2624669081,4437.79571480585,0
5613,4642787.53651973,-5989380.95979085,0,5732.01274033679,4443.2834526085,0
5614,4648517.42220913,-5984934.9341648,0,5727.75776378689,4448.76712078602,0
5615,4654243.05029861,-5980483.42690749,0,5723.49754115555,4454.24671431592,0
5616,4659964.41554405,-5976026.44209606,0,5719.23207634473,4459.72222817939,0
5617,4665681.51270521,-5971563.98381269,0,5714.96137326118,4465.19365736139,0
5618,4671394.33654578,-5967096.05614457,0,5710.68543581648,4470.66099685062,0
5619,4677102.88183336,-5962622.66318389,0,5706.40426792696,4476.12424163949,0
5620,4682807.14333946,-5958143.80902786,0,5702.11787351377,4481.58338672422,0
5621,4688507.11583952,-5953659.49777868,0,5697.82625650285,4487.03842710473,0
5622,4694202.79411291,-5949169.73354355,0,5693.5294208249,4492.48935778473,0
5623,4699894.17294293,-5944674.52043467,0,5689.22737041542,4497.93617377168,0
5624,4705581.24711681,-5940173.86256923,0,5684.92010921467,4503.37887007682,0
5625,4711264.01142574,-5935667.76406941,0,5680.6076411677,4508.81744171516,0
5626,4716942.46066485,-5931156.22906235,0,5676.28997022433,4514.25188370548,0
5627,4722616.58963321,-5926639.2616802,0,5671.96710033911,4519.68219107035,0
5628,4728286.39313386,-5922116.86606008,0,5667.6390354714,4525.10835883612,0
5629,4733951.86597381,-5917589.04634405,0,5663.30577958529,4530.53038203295,0
5630,4739613.00296402,-5913055.80667919,0,5658.96733664962,4535.94825569477,0
5631,4745269.79891942,-5908517.1512175,0,5654.62371063801,4541.36197485933,0
5632,4750922.24865893,-5903973.08411596,0,5650.27490552879,4546.77153456817,0
5633,4756570.34700544,-5899423.6095365,0,5645.92092530506,4552.17692986665,0
5634,4762214.08878583,-5894868.73164601,0,5641.56177395466,4557.57815580394,0
5635,4767853.46883097,-5890308.45461633,0,5637.19745547015,4562.97520743304,0
5636,4773488.48197572,-5885742.78262423,0,5632.82797384882,4568.36807981076,0
5637,4779119.12305896,-5881171.71985143,0,5628.45333309272,4573.75676799774,0
5638,4784745.38692353,-5876595.27048461,0,5624.07353720859,4579.14126705846,0
5639,4790367.26841633,-5872013.43871534,0,5619.68859020792,4584.52157206122,0
5640,4795984.76238825,-5867426.22874015,0,5615.29849610689,4589.89767807818,0
5641,4801597.86369419,-5862833.64476048,0,5610.90325892642,4595.26958018533,0
5642,4807206.56719308,-5858235.69098272,0,5606.50288269212,4600.63727346253,0
5643,4812810.8677479,-5853632.37161814,0,5602.09737143432,4606.00075299347,0
5644,4818410.76022562,-5849023.69088295,0,5597.68672918805,4611.36001386572,0
5645,4824006.23949729,-5844409.65299826,0,5593.27095999304,4616.71505117072,0
5646,4829597.30043798,-5839790.2621901,0,5588.85006789371,4622.06586000374,0
5647,4835183.93792679,-5835165.52268938,0,5584.42405693919,4627.41243546397,0
5648,4840766.14684692,-5830535.43873193,0,5579.99293118327,4632.75477265443,0
5649,4846343.92208558,-5825900.01455846,0,5575.55669468444,4638.09286668208,0
5650,4851917.25853406,-5821259.25441458,0,5571.11535150588,4643.4267126577,0
5651,4857486.15108772,-5816613.16255079,0,5566.66890571544,4648.75630569602,0
5652,4863050.59464598,-5811961.74322246,0,5562.21736138563,4654.08164091563,0
5653,4868610.58411234,-5807305.00068986,0,5557.76072259365,4659.40271343903,0
5654,4874166.11439437,-5802642.93921811,0,5553.29899342135,4664.71951839262,0
5655,4879717.18040375,-5797975.56307722,0,5548.83217795526,4670.03205090671,0
5656,4885263.77705622,-5793302.87654206,0,5544.36028028655,4675.34030611554,0
5657,4890805.89927162,-5788624.88389238,0,5539.88330451105,4680.64427915724,0
5658,4896343.5419739,-5783941.58941276,0,5535.40125472925,4685.94396517387,0
5659,4901876.70009111,-5779252.99739266,0,5530.91413504629,4691.23935931144,0
5660,4907405.3685554,-5774559.11212638,0,5526.42194957193,4696.53045671986,0
5661,4912929.54230303,-5769859.93791308,0,5521.92470242058,4701.81725255299,0
5662,4918449.21627439,-5765155.47905675,0,5517.42239771131,4707.09974196863,0
5663,4923964.38541397,-5760445.73986622,0,5512.9150395678,4712.37792012852,0
5664,4929475.04467042,-5755730.72465518,0,5508.40263211835,4717.65178219835,0
5665,4934981.18899649,-5751010.43774213,0,5503.8851794959,4722.92132334777,0
5666,4940482.81334907,-5746284.8834504,0,5499.36268583801,4728.18653875037,0
5667,4945979.9126892,-5741554.06610816,0,5494.83515528685,4733.44742358372,0
5668,4951472.48198206,-5736817.99004837,0,5490.30259198921,4738.70397302935,0
5669,4956960.51619698,-5732076.65960883,0,5485.76500009649,4743.95618227276,0
5670,4962444.01030744,-5727330.07913216,0,5481.22238376469,4749.20404650343,0
5671,4967922.95929108,-5722578.25296577,0,5476.67474715441,4754.4475609148,0
5672,4973397.35812971,-5717821.18546187,0,5472.12209443087,4759.68672070433,0
5673,4978867.20180929,-5713058.8809775,0,5467.56442976384,4764.92152107344,0
5674,4984332.48531998,-5708291.34387446,0,5463.00175732773,4770.15195722755,0
5675,4989793.20365609,-5703518.57851938,0,5458.4340813015,4775.37802437607,0
5676,4995249.35181611,-5698740.58928364,0,5453.86140586871,4780.59971773243,0
5677,5000700.92480275,-5693957.38054344,0,5449.2837352175,4785.81703251405,0
5678,5006147.91762287,-5689168.95667973,0,5444.70107354059,4791.02996394237,0
5679,5011590.32528756,-5684375.32207826,0,5440.11342503524,4796.23850724283,0
5680,5017028.14281207,-5679576.48112954,0,5435.52079390331,4801.44265764492,0
5681,5022461.36521589,-5674772.43822886,0,5430.92318435122,4806.64241038211,0
5682,5027889.9875227,-5669963.19777626,0,5426.32060058994,4811.83776069194,0
5683,5033314.0047604,-5665148.76417654,0,5421.71304683499,4817.02870381595,0
5684,5038733.41196111,-5660329.14183927,0,5417.10052730647,4822.21523499974,0
5685,5044148.20416117,-5655504.33517877,0,5412.48304622898,4827.39734949294,0
5686,5049558.37640113,-5650674.3486141,0,5407.86060783173,4832.57504254921,0
5687,5054963.9237258,-5645839.18656906,0,5403.2332163484,4837.74830942629,0
5688,5060364.84118421,-5640998.85347222,0,5398.60087601726,4842.91714538596,0
5689,5065761.12382963,-5636153.35375684,0,5393.96359108109,4848.08154569405,0
5690,5071152.76671959,-5631302.69186096,0,5389.3213657872,4853.24150562046,0
5691,5076539.76491584,-5626446.8722273,0,5384.67420438743,4858.39702043917,0
5692,5081922.11348441,-5621585.89930335,0,5380.02211113813,4863.54808542821,0
5693,5087299.80749559,-5616719.7775413,0,5375.36509030018,4868.69469586969,0
5694,5092672.84202391,-5611848.51139803,0,5370.70314613898,4873.83684704982,0
5695,5098041.21214818,-5606972.10533519,0,5366.03628292441,4878.97453425886,0
5696,5103404.91295149,-5602090.56381908,0,5361.36450493087,4884.10775279118,0
5697,5108763.93952121,-5597203.89132073,0,5356.68781643729,4889.23649794525,0
5698,5114118.28694896,-5592312.09231588,0,5352.00622172704,4894.36076502362,0
5699,5119467.95033069,-5587415.17128494,0,5347.31972508804,4899.48054933295,0
5700,5124812.92476659,-5582513.13271303,0,5342.62833081267,4904.59584618401,0
5701,5130153.2053612,-5577605.98108995,0,5337.93204319779,4909.70665089167,0
5702,5135488.78722331,-5572693.72091019,0,5333.23086654476,4914.81295877491,0
5703,5140819.66546604,-5567776.3566729,0,5328.52480515942,4919.91476515685,0
5704,5146145.83520682,-5562853.89288193,0,5323.81386335206,4925.01206536472,0
5705,5151467.29156738,-5557926.33404579,0,5319.09804543746,4930.10485472987,0
5706,5156784.02967377,-5552993.68467764,0,5314.37735573486,4935.19312858779,0
5707,5162096.04465636,-5548055.94929534,0,5309.65179856796,4940.27688227811,0
5708,5167403.33164986,-5543113.13242136,0,5304.92137826494,4945.3561111446,0
5709,5172705.88579329,-5538165.23858287,0,5300.18609915839,4950.43081053516,0
5710,5178003.70223002,-5533212.27231167,0,5295.44596558538,4955.50097580185,0
5711,5183296.77610775,-5528254.23814419,0,5290.70098188744,4960.56660230088,0
5712,5188585.10257853,-5523291.14062153,0,5285.9511524105,4965.62768539262,0
5713,5193868.67679876,-5518322.98428942,0,5281.19648150497,4970.6842204416,0
5714,5199147.49392919,-5513349.77369821,0,5276.43697352567,4975.73620281651,0
5715,5204421.54913491,-5508371.51340289,0,5271.67263283186,4980.78362789022,0
5716,5209690.8375854,-5503388.20796307,0,5266.90346378721,4985.82649103976,0
5717,5214955.35445449,-5498399.86194299,0,5262.12947075984,4990.86478764636,0
5718,5220215.09492038,-5493406.4799115,0,5257.35065812227,4995.89851309541,0
5719,5225470.05416565,-5488408.06644205,0,5252.56703025143,5000.9276627765,0
5720,5230720.22737727,-5483404.62611273,0,5247.77859152868,5005.95223208341,0
5721,5235965.60974656,-5478396.16350621,0,5242.98534633977,5010.9722164141,0
5722,5241206.19646925,-5473382.68320976,0,5238.18729907485,5015.98761117076,0
5723,5246441.98274548,-5468364.18981526,0,5233.38445412848,5020.99841175975,0
5724,5251672.96377975,-5463340.68791916,0,5228.57681589962,5026.00461359165,0
5725,5256899.13478098,-5458312.18212252,0,5223.76438879159,5031.00621208127,0
5726,5262120.49096251,-5453278.67703098,0,5218.94717721213,5036.00320264762,0
5727,5267337.02754206,-5448240.17725473,0,5214.12518557334,5040.99558071392,0
5728,5272548.73974177,-5443196.68740857,0,5209.29841829171,5045.98334170764,0
5729,5277755.62278823,-5438148.21211186,0,5204.4668797881,5050.96648106046,0
5730,5282957.67191242,-5433094.75598852,0,5199.63057448774,5055.94499420829,0
5731,5288154.88234975,-5428036.32366703,0,5194.78950682022,5060.91887659129,0
5732,5293347.24934008,-5422972.91978044,0,5189.9436812195,5065.88812365387,0
5733,5298534.76812769,-5417904.54896635,0,5185.0931021239,5070.85273084465,0
5734,5303717.43396131,-5412831.2158669,0,5180.23777397609,5075.81269361654,0
5735,5308895.24209411,-5407752.92512877,0,5175.37770122308,5080.76800742667,0
5736,5314068.18778371,-5402669.68140321,0,5170.51288831625,5085.71866773646,0
5737,5319236.26629218,-5397581.48934598,0,5165.64333971129,5090.66467001157,0
5738,5324399.47288605,-5392488.35361737,0,5160.76905986824,5095.60600972192,0
5739,5329557.80283632,-5387390.27888223,0,5155.8900532515,5100.54268234174,0
5740,5334711.25141845,-5382287.2698099,0,5151.00632432975,5105.47468334948,0
5741,5339859.81391237,-5377179.33107424,0,5146.11787757604,5110.40200822791,0
5742,5345003.48560249,-5372066.46735365,0,5141.22471746771,5115.32465246406,0
5743,5350142.26177768,-5366948.68333103,0,5136.32684848644,5120.24261154927,0
5744,5355276.13773133,-5361825.98369377,0,5131.42427511821,5125.15588097914,0
5745,5360405.10876129,-5356698.37313379,0,5126.51700185331,5130.0644562536,0
5746,5365529.1701699,-5351565.85634748,0,5121.60503318633,5134.96833287685,0
5747,5370648.31726402,-5346428.43803575,0,5116.68837361617,5139.8675063574,0
5748,5375762.545355,-5341286.12290398,0,5111.76702764602,5144.76197220809,0
5749,5380871.84975868,-5336138.91566204,0,5106.84099978337,5149.65172594605,0
5750,5385976.22579544,-5330986.82102428,0,5101.91029453999,5154.53676309272,0
5751,5391075.66879014,-5325829.84370954,0,5096.97491643194,5159.41707917388,0
5752,5396170.17407219,-5320667.98844111,0,5092.03486997955,5164.29266971962,0
5753,5401259.73697549,-5315501.25994677,0,5087.09015970745,5169.16353026437,0
5754,5406344.35283851,-5310329.66295874,0,5082.1407901445,5174.02965634687,0
5755,5411424.0170042,-5305153.20221372,0,5077.18676582387,5178.89104351023,0
5756,5416498.72482008,-5299971.88245284,0,5072.22809128297,5183.74768730187,0
5757,5421568.4716382,-5294785.70842172,0,5067.26477106347,5188.59958327356,0
5758,5426633.25281516,-5289594.68487038,0,5062.2968097113,5193.44672698144,0
5759,5431693.0637121,-5284398.81655332,0,5057.32421177665,5198.28911398598,0
5760,5436747.89969471,-5279198.10822946,0,5052.34698181394,5203.12673985202,0
5761,5441797.75613324,-5273992.56466214,0,5047.36512438183,5207.95960014874,0
5762,5446842.6284025,-5268782.19061916,0,5042.37864404325,5212.78769044972,0
5763,5451882.51188188,-5263566.99087272,0,5037.38754536532,5217.61100633287,0
5764,5456917.40195531,-5258346.97019944,0,5032.39183291942,5222.42954338049,0
5765,5461947.29401132,-5253122.13338037,0,5027.39151128115,5227.24329717928,0
5766,5466972.183443,-5247892.48520097,0,5022.38658503033,5232.05226332028,0
5767,5471992.06564804,-5242658.03045109,0,5017.377058751,5236.85643739894,0
5768,5477006.93602869,-5237418.77392499,0,5012.36293703139,5241.65581501509,0
5769,5482016.78999181,-5232174.72042134,0,5007.34422446398,5246.45039177297,0
5770,5487021.62294887,-5226925.8747432,0,5002.32092564542,5251.24016328119,0
5771,5492021.43031589,-5221672.24169799,0,4997.29304517659,5256.02512515277,0
5772,5497016.20751354,-5216413.82609756,0,4992.26058766253,5260.80527300516,0
5773,5502005.94996707,-5211150.63275811,0,4987.2235577125,5265.58060246018,0
5774,5506990.65310635,-5205882.66650023,0,4982.18195993995,5270.35110914409,0
5775,5511970.31236588,-5200609.93214887,0,4977.1357989625,5275.11678868756,0
5776,5516944.92318475,-5195332.43453336,0,4972.08507940195,5279.87763672569,0
5777,5521914.4810067,-5190050.17848738,0,4967.02980588427,5284.63364889798,0
5778,5526878.98128008,-5184763.16884897,0,4961.96998303963,5289.38482084838,0
5779,5531838.41945788,-5179471.41046054,0,4956.90561550233,5294.13114822526,0
5780,5536792.79099773,-5174174.90816883,0,4951.83670791086,5298.87262668146,0
5781,5541742.0913619,-5168873.66682493,0,4946.76326490784,5303.60925187421,0
5782,5546686.31601729,-5163567.69128428,0,4941.68529114009,5308.34101946523,0
5783,5551625.46043547,-5158256.98640665,0,4936.60279125852,5313.06792512067,0
5784,5556559.52009265,-5152941.55705613,0,4931.51576991824,5317.78996451112,0
5785,5561488.49046971,-5147621.40810115,0,4926.42423177847,5322.50713331165,0
5786,5566412.36705216,-5142296.54441448,0,4921.32818150257,5327.21942720178,0
5787,5571331.14533022,-5136966.97087316,0,4916.22762375805,5331.9268418655,0
5788,5576244.82079875,-5131632.69235859,0,4911.12256321652,5336.62937299126,0
5789,5581153.38895728,-5126293.71375646,0,4906.01300455373,5341.327016272,0
5790,5586056.84531004,-5120950.03995676,0,4900.89895244957,5346.01976740511,0
5791,5590955.18536593,-5115601.6758538,0,4895.78041158801,5350.70762209249,0
5792,5595848.40463853,-5110248.62634616,0,4890.65738665714,5355.3905760405,0
5793,5600736.49864612,-5104890.89633673,0,4885.52988234918,5360.06862496,0
5794,5605619.46291167,-5099528.49073268,0,4880.39790336043,5364.74176456636,0
5795,5610497.29296284,-5094161.41444546,0,4875.26145439129,5369.40999057941,0
5796,5615369.98433202,-5088789.67239081,0,4870.12054014627,5374.0732987235,0
5797,5620237.53255628,-5083413.26948872,0,4864.97516533395,5378.73168472749,0
5798,5625099.93317741,-5078032.21066349,0,4859.825334667,5383.38514432473,0
5799,5629957.1817419,-5072646.50084363,0,4854.67105286218,5388.03367325311,0
5800,5634809.27380099,-5067256.14496196,0,4849.51232464033,5392.67726725501,0
5801,5639656.20491062,-5061861.14795552,0,4844.34915472634,5397.31592207735,0
5802,5644497.97063146,-5056461.51476561,0,4839.18154784919,5401.94963347154,0
5803,5649334.56652891,-5051057.2503378,0,4834.00950874192,5406.57839719356,0
5804,5654165.98817311,-5045648.35962186,0,4828.83304214162,5411.2022090039,0
5805,5658992.23113894,-5040234.84757184,0,4823.65215278945,5415.82106466759,0
5806,5663813.29100602,-5034816.71914599,0,4818.46684543059,5420.43495995419,0
5807,5668629.16335872,-5029393.9793068,0,4813.27712481432,5425.04389063781,0
5808,5673439.84378615,-5023966.63302099,0,4808.08299569391,5429.64785249712,0
5809,5678245.32788219,-5018534.68525948,0,4802.88446282669,5434.24684131531,0
5810,5683045.61124547,-5013098.14099744,0,4797.68153097402,5438.84085288016,0
5811,5687840.68947939,-5007657.00521421,0,4792.4742049013,5443.42988298399,0
5812,5692630.55819212,-5002211.28289336,0,4787.26248937794,5448.01392742367,0
5813,5697415.21299659,-4996760.97902265,0,4782.04638917738,5452.59298200067,0
5814,5702194.64951051,-4991306.09859404,0,4776.82590907706,5457.16704252101,0
5815,5706968.86335637,-4985846.64660369,0,4771.60105385846,5461.73610479527,0
5816,5711737.85016145,-4980382.62805193,0,4766.37182830704,5466.30016463864,0
5817,5716501.6055578,-4974914.04794328,0,4761.13823721228,5470.85921787086,0
5818,5721260.12518229,-4969440.91128645,0,4755.90028536764,5475.41326031628,0
5819,5726013.40467655,-4963963.22309431,0,4750.6579775706,5479.96228780384,0
5820,5730761.43968705,-4958480.98838389,0,4745.4113186226,5484.50629616704,0
5821,5735504.22586502,-4952994.2121764,0,4740.1603133291,5489.04528124402,0
5822,5740241.75886653,-4947502.89949721,0,4734.9049664995,5493.57923887749,0
5823,5744974.03435244,-4942007.05537584,0,4729.64528294721,5498.10816491478,0
5824,5749701.04798845,-4936506.68484596,0,4724.38126748961,5502.63205520783,0
5825,5754422.79544506,-4931001.79294539,0,4719.11292494801,5507.15090561317,0
5826,5759139.2723976,-4925492.38471608,0,4713.84026014774,5511.66471199198,0
5827,5763850.47452621,-4919978.46520413,0,4708.56327791804,5516.17347021004,0
5828,5768556.3975159,-4914460.03945976,0,4703.28198309214,5520.67717613775,0
5829,5773257.03705648,-4908937.11253732,0,4697.99638050718,5525.17582565015,0
5830,5777952.38884261,-4903409.6894953,0,4692.70647500429,5529.6694146269,0
5831,5782642.4485738,-4897877.77539629,0,4687.41227142852,5534.1579389523,0
5832,5787327.21195439,-4892341.37530698,0,4682.11377462884,5538.64139451528,0
5833,5792006.6746936,-4886800.49429821,0,4676.81098945819,5543.11977720944,0
5834,5796680.83250547,-4881255.13744489,0,4671.5039207734,5547.593082933,0
5835,5801349.68110893,-4875705.30982604,0,4666.19257343526,5552.06130758883,0
5836,5806013.21622774,-4870151.01652476,0,4660.87695230843,5556.52444708447,0
5837,5810671.43359057,-4864592.26262828,0,4655.55706226154,5560.98249733211,0
5838,5815324.32893092,-4859029.05322788,0,4650.2329081671,5565.43545424859,0
5839,5819971.89798718,-4853461.39341892,0,4644.90449490151,5569.88331375543,0
5840,5824614.13650262,-4847889.28830086,0,4639.57182734511,5574.32607177881,0
5841,5829251.0402254,-4842312.74297721,0,4634.2349103821,5578.76372424959,0
5842,5833882.60490855,-4836731.76255557,0,4628.8937489006,5583.19626710331,0
5843,5838508.82630999,-4831146.35214757,0,4623.54834779261,5587.62369628016,0
5844,5843129.70019256,-4825556.51686892,0,4618.198711954,5592.04600772506,0
5845,5847745.22232396,-4819962.26183938,0,4612.84484628452,5596.46319738759,0
5846,5852355.38847682,-4814363.59218275,0,4607.48675568782,5600.87526122201,0
5847,5856960.19442866,-4808760.51302689,0,4602.12444507139,5605.28219518729,0
5848,5861559.63596192,-4803153.02950368,0,4596.75791934661,5609.68399524711,0
5849,5866153.70886396,-4797541.14674904,0,4591.38718342869,5614.08065736984,0
5850,5870742.40892702,-4791924.86990293,0,4586.01224223672,5618.47217752854,0
5851,5875325.73194831,-4786304.20410931,0,4580.63310069363,5622.85855170101,0
5852,5879903.67372994,-4780679.15451619,0,4575.24976372621,5627.23977586975,0
5853,5884476.23007893,-4775049.72627558,0,4569.86223626509,5631.61584602196,0
5854,5889043.39680728,-4769415.92454349,0,4564.47052324472,5635.98675814958,0
5855,5893605.16973188,-4763777.75447996,0,4559.0746296034,5640.35250824928,0
5856,5898161.54467459,-4758135.221249,0,4553.67456028326,5644.71309232245,0
5857,5902712.5174622,-4752488.33001865,0,4548.27032023024,5649.06850637519,0
5858,5907258.08392646,-4746837.08596092,0,4542.86191439413,5653.41874641837,0
5859,5911798.23990405,-4741181.49425181,0,4537.44934772849,5657.76380846759,0
5860,5916332.98123663,-4735521.56007131,0,4532.03262519074,5662.10368854317,0
5861,5920862.30377079,-4729857.28860338,0,4526.61175174206,5666.4383826702,0
5862,5925386.20335813,-4724188.68503594,0,4521.18673234747,5670.76788687851,0
5863,5929904.67585516,-4718515.75456091,0,4515.75757197577,5675.09219720269,0
5864,5934417.71712341,-4712838.50237415,0,4510.32427559955,5679.41130968208,0
5865,5938925.32302935,-4707156.93367548,0,4504.8868481952,5683.72522036078,0
5866,5943427.48944445,-4701471.05366868,0,4499.44529474288,5688.03392528767,0
5867,5947924.21224515,-4695780.86756147,0,4493.99962022654,5692.33742051638,0
5868,5952415.48731288,-4690086.38056553,0,4488.54982963389,5696.63570210531,0
5869,5956901.31053406,-4684387.59789646,0,4483.09592795644,5700.92876611766,0
5870,5961381.6778001,-4678684.5247738,0,4477.63792018942,5705.21660862137,0
5871,5965856.58500741,-4672977.16642103,0,4472.17581133186,5709.4992256892,0
5872,5970326.0280574,-4667265.52806554,0,4466.70960638654,5713.77661339867,0
5873,5974790.00285649,-4661549.61493865,0,4461.23931035997,5718.04876783211,0
5874,5979248.50531609,-4655829.4322756,0,4455.76492826242,5722.31568507662,0
5875,5983701.53135266,-4650104.98531553,0,4450.28646510792,5726.57736122412,0
5876,5988149.07688763,-4644376.27930149,0,4444.8039259142,5730.83379237132,0
5877,5992591.13784748,-4638643.31948042,0,4439.31731570276,5735.08497461973,0
5878,5997027.71016371,-4632906.11110318,0,4433.82663949881,5739.33090407567,0
5879,6001458.78977282,-4627164.6594245,0,4428.33190233129,5743.57157685027,0
5880,6005884.37261639,-4621418.969703,0,4422.83310923285,5747.80698905949,0
5881,6010304.45464099,-4615669.0472012,0,4417.33026523986,5752.03713682408,0
5882,6014719.03179825,-4609914.89718546,0,4411.8233753924,5756.26201626963,0
5883,6019128.10004484,-4604156.52492605,0,4406.31244473427,5760.48162352656,0
5884,6023531.65534247,-4598393.93569709,0,4400.79747831296,5764.69595473011,0
5885,6027929.6936579,-4592627.13477656,0,4395.27848117963,5768.90500602034,0
5886,6032322.21096294,-4586856.12744631,0,4389.75545838919,5773.10877354218,0
5887,6036709.20323447,-4581080.91899202,0,4384.22841500017,5777.30725344536,0
5888,6041090.66645443,-4575301.51470324,0,4378.69735607485,5781.50044188449,0
5889,6045466.5966098,-4569517.91987335,0,4373.16228667912,5785.68833501899,0
5890,6049836.98969265,-4563730.13979958,0,4367.62321188261,5789.87092901315,0
5891,6054201.84170012,-4557938.17978298,0,4362.08013675856,5794.04822003612,0
5892,6058561.14863442,-4552142.04512844,0,4356.53306638391,5798.2202042619,0
5893,6062914.90650283,-4546341.74114467,0,4350.98200583925,5802.38687786935,0
5894,6067263.11131774,-4540537.27314418,0,4345.42696020882,5806.54823704218,0
5895,6071605.75909659,-4534728.64644333,0,4339.86793458052,5810.70427796899,0
5896,6075942.84586193,-4528915.86636226,0,4334.30493404588,5814.85499684324,0
5897,6080274.36764141,-4523098.93822493,0,4328.73796370009,5819.00038986327,0
5898,6084600.32046776,-4517277.86735909,0,4323.16702864196,5823.14045323229,0
5899,6088920.70037882,-4511452.65909628,0,4317.59213397393,5827.2751831584,0
5900,6093235.50341754,-4505623.31877185,0,4312.01328480208,5831.40457585458,0
5901,6097544.72563196,-4499789.85172491,0,4306.43048623611,5835.52862753869,0
5902,6101848.36307525,-4493952.26329837,0,4300.84374338932,5839.6473344335,0
5903,6106146.41180568,-4488110.55883889,0,4295.25306137865,5843.76069276666,0
5904,6110438.86788666,-4482264.74369694,0,4289.65844532462,5847.86869877073,0
5905,6114725.72738669,-4476414.82322672,0,4284.05990035138,5851.97134868317,0
5906,6119006.98637943,-4470560.80278619,0,4278.45743158665,5856.06863874633,0
5907,6123282.64094365,-4464702.68773709,0,4272.85104416177,5860.16056520749,0
5908,6127552.68716324,-4458840.48344489,0,4267.24074321165,5864.24712431884,0
5909,6131817.12112727,-4452974.19527882,0,4261.6265338748,5868.32831233748,0
5910,6136075.93892991,-4447103.82861183,0,4256.00842129329,5872.40412552541,0
5911,6140329.13667049,-4441229.38882062,0,4250.38641061279,5876.4745601496,0
5912,6144576.71045349,-4435350.88128563,0,4244.76050698252,5880.5396124819,0
5913,6148818.65638852,-4429468.311391,0,4239.13071555527,5884.59927879912,0
5914,6153054.97059038,-4423581.68452461,0,4233.49704148741,5888.65355538299,0
5915,6157285.64917901,-4417691.00607805,0,4227.85948993882,5892.70243852017,0
5916,6161510.68827949,-4411796.28144662,0,4222.21806607299,5896.74592450227,0
5917,6165730.0840221,-4405897.51602933,0,4216.57277505692,5900.78400962585,0
5918,6169943.83254228,-4399994.71522889,0,4210.92362206115,5904.8166901924,0
5919,6174151.92998062,-4394087.88445169,0,4205.27061225977,5908.84396250837,0
5920,6178354.37248292,-4388177.02910785,0,4199.61375083041,5912.86582288517,0
5921,6182551.15620013,-4382262.15461113,0,4193.9530429542,5916.88226763914,0
5922,6186742.27728841,-4376343.266379,0,4188.28849381583,5920.89329309161,0
5923,6190927.73190907,-4370420.36983261,0,4182.62010860347,5924.89889556887,0
5924,6195107.51622865,-4364493.47039675,0,4176.94789250883,5928.89907140215,0
5925,6199281.62641886,-4358562.57349991,0,4171.27185072713,5932.89381692769,0
5926,6203450.05865661,-4352627.68457422,0,4165.59198845707,5936.88312848666,0
5927,6207612.80912401,-4346688.80905547,0,4159.90831090087,5940.86700242525,0
5928,6211769.87400839,-4340745.95238312,0,4154.22082326423,5944.84543509461,0
5929,6215921.24950225,-4334799.12000025,0,4148.52953075636,5948.81842285085,0
5930,6220066.93180335,-4328848.3173536,0,4142.83443858994,5952.78596205512,0
5931,6224206.91711462,-4322893.54989354,0,4137.13555198112,5956.74804907352,0
5932,6228341.20164423,-4316934.82307406,0,4131.43287614956,5960.70468027715,0
5933,6232469.78160558,-4310972.1423528,0,4125.72641631835,5964.65585204211,0
5934,6236592.65321728,-4305005.513191,0,4120.01617771408,5968.60156074952,0
5935,6240709.81270316,-4299034.94105352,0,4114.30216556677,5972.54180278547,0
5936,6244821.25629231,-4293060.43140885,0,4108.58438510992,5976.47657454108,0
5937,6248926.98021903,-4287081.98972907,0,4102.86284158047,5980.40587241247,0
5938,6253026.98072286,-4281099.62148986,0,4097.13754021882,5984.32969280077,0
5939,6257121.2540486,-4275113.33217049,0,4091.40848626879,5988.24803211215,0
5940,6261209.79644628,-4269123.12725385,0,4085.67568497765,5992.16088675777,0
5941,6265292.60417119,-4263129.01222639,0,4079.93914159611,5996.06825315384,0
5942,6269369.67348386,-4257130.99257815,0,4074.19886137828,5999.97012772157,0
5943,6273441.00065009,-4251129.07380275,0,4068.45484958173,6003.86650688722,0
5944,6277506.58194092,-4245123.26139737,0,4062.70711146742,6007.75738708208,0
5945,6281566.41363267,-4239113.56086277,0,4056.95565229973,6011.64276474247,0
5946,6285620.49200692,-4233099.97770325,0,4051.20047734646,6015.52263630976,0
5947,6289668.81335053,-4227082.51742669,0,4045.44159187879,6019.39699823035,0
5948,6293711.3739556,-4221061.18554452,0,4039.67900117131,6023.26584695569,0
5949,6297748.17011955,-4215035.9875717,0,4033.91271050202,6027.12917894229,0
5950,6301779.19814505,-4209006.92902673,0,4028.14272515228,6030.9869906517,0
5951,6305804.45434005,-4202974.01543166,0,4022.36905040686,6034.83927855053,0
5952,6309823.93501782,-4196937.25231208,0,4016.59169155388,6038.68603911046,0
5953,6313837.63649689,-4190896.64519706,0,4010.81065388487,6042.52726880822,0
5954,6317845.55510109,-4184852.19961925,0,4005.0259426947,6046.3629641256,0
5955,6321847.68715954,-4178803.92111478,0,3999.23756328162,6050.19312154947,0
5956,6325844.02900668,-4172751.81522329,0,3993.44552094723,6054.01773757178,0
5957,6329834.57698223,-4166695.88748794,0,3987.6498209965,6057.83680868954,0
5958,6333819.32743123,-4160636.14345538,0,3981.85046873772,6061.65033140484,0
5959,6337798.27670404,-4154572.58867576,0,3976.04746948257,6065.45830222486,0
5960,6341771.4211563,-4148505.22870272,0,3970.24082854603,6069.26071766186,0
5961,6345738.75714901,-4142434.06909339,0,3964.43055124643,6073.05757423319,0
5962,6349700.28104845,-4136359.11540837,0,3958.61664290544,6076.84886846129,0
5963,6353655.98922625,-4130280.37321174,0,3952.79910884805,6080.6345968737,0
5964,6357605.87805935,-4124197.84807105,0,3946.97795440255,6084.41475600304,0
5965,6361549.94393003,-4118111.54555731,0,3941.15318490058,6088.18934238705,0
5966,6365488.18322591,-4112021.47124501,0,3935.32480567707,6091.95835256857,0
5967,6369420.59233993,-4105927.63071206,0,3929.49282207026,6095.72178309555,0
5968,6373347.16767037,-4099830.02953985,0,3923.6572394217,6099.47963052103,0
5969,6377267.90562087,-4093728.6733132,0,3917.81806307622,6103.23189140319,0
5970,6381182.80260041,-4087623.56762037,0,3911.97529838195,6106.97856230532,0
5971,6385091.8550233,-4081514.71805306,0,3906.12895069031,6110.71963979582,0
5972,6388995.05930924,-4075402.13020639,0,3900.27902535599,6114.45512044821,0
5973,6392892.41188325,-4069285.80967892,0,3894.42552773698,6118.18500084116,0
5974,6396783.90917574,-4063165.7620726,0,3888.56846319453,6121.90927755845,0
5975,6400669.54762245,-4057041.99299283,0,3882.70783709313,6125.62794718899,0
5976,6404549.32366453,-4050914.50804839,0,3876.84365480058,6129.34100632684,0
5977,6408423.23374845,-4044783.31285148,0,3870.9759216879,6133.04845157119,0
5978,6412291.27432609,-4038648.41301768,0,3865.10464312938,6136.75027952636,0
5979,6416153.44185468,-4032509.81416598,0,3859.22982450256,6140.44648680185,0
5980,6420009.73279686,-4026367.52191876,0,3853.3514711882,6144.13707001227,0
5981,6423860.14362062,-4020221.54190177,0,3847.46958857032,6147.8220257774,0
5982,6427704.67079936,-4014071.87974415,0,3841.58418203617,6151.50135072217,0
5983,6431543.31081185,-4007918.54107839,0,3835.69525697622,6155.17504147667,0
5984,6435376.06014227,-4001761.53154038,0,3829.80281878416,6158.84309467615,0
5985,6439202.91528018,-3995600.85676935,0,3823.90687285691,6162.50550696102,0
5986,6443023.87272054,-3989436.52240788,0,3818.00742459459,6166.16227497686,0
5987,6446838.92896372,-3983268.53410193,0,3812.10447940054,6169.81339537442,0
5988,6450648.0805155,-3977096.89750079,0,3806.19804268128,6173.45886480961,0
5989,6454451.32388705,-3970921.61825708,0,3800.28811984657,6177.09867994354,0
5990,6458248.65559496,-3964742.70202678,0,3794.37471630932,6180.73283744248,0
5991,6462040.07216124,-3958560.15446918,0,3788.45783748565,6184.36133397789,0
5992,6465825.57011331,-3952373.98124692,0,3782.53748879486,6187.9841662264,0
5993,6469605.14598401,-3946184.18802593,0,3776.61367565942,6191.60133086986,0
5994,6473378.79631162,-3939990.78047548,0,3770.68640350499,6195.21282459528,0
5995,6477146.51763983,-3933793.76426815,0,3764.75567776038,6198.81864409487,0
5996,6480908.30651775,-3927593.1450798,0,3758.82150385757,6202.41878606605,0
5997,6484664.15949997,-3921388.92858963,0,3752.8838872317,6206.01324721144,0
5998,6488414.07314646,-3915181.12048009,0,3746.94283332107,6209.60202423884,0
5999,6492158.04402266,-3908969.72643695,0,3740.99834756711,6213.18511386127,0
6000,6495896.06869946,-3902754.75214926,0,3735.05043541441,6216.76251279698,0
6001,6499628.14375317,-3896536.20330934,0,3729.09910231068,6220.3342177694,0
6002,6503354.26576558,-3890314.0856128,0,3723.1443537068,6223.90022550718,0
6003,6507074.4313239,-3884088.4047585,0,3717.18619505673,6227.46053274422,0
6004,6510788.63702083,-3877859.16644857,0,3711.22463181758,6231.01513621959,0
6005,6514496.8794545,-3871626.3763884,0,3705.25966944959,6234.56403267762,0
6006,6518199.15522851,-3865390.04028663,0,3699.29131341608,6238.10721886787,0
6007,6521895.46095193,-3859150.16385517,0,3693.31956918351,6241.64469154511,0
6008,6525585.7932393,-3852906.75280913,0,3687.34444222143,6245.17644746935,0
6009,6529270.14871062,-3846659.81286689,0,3681.36593800248,6248.70248340584,0
6010,6532948.52399137,-3840409.34975006,0,3675.3840620024,6252.22279612507,0
6011,6536620.91571252,-3834155.36918345,0,3669.39881970002,6255.73738240275,0
6012,6540287.3205105,-3827897.87689514,0,3663.41021657726,6259.24623901988,0
6013,6543947.73502723,-3821636.87861637,0,3657.41825811911,6262.74936276266,0
6014,6547602.15591012,-3815372.38008164,0,3651.42294981363,6266.24675042258,0
6015,6551250.57981207,-3809104.38702862,0,3645.42429715196,6269.73839879634,0
6016,6554893.00339147,-3802832.90519821,0,3639.42230562828,6273.22430468595,0
6017,6558529.42331221,-3796557.94033448,0,3633.41698073986,6276.70446489863,0
6018,6562159.83624366,-3790279.4981847,0,3627.408327987,6280.1788762469,0
6019,6565784.23886073,-3783997.58449933,0,3621.39635287305,6283.64753554852,0
6020,6569402.62784379,-3777712.20503201,0,3615.38106090441,6287.11043962653,0
6021,6573014.99987876,-3771423.36553954,0,3609.36245759052,6290.56758530924,0
6022,6576621.35165703,-3765131.07178191,0,3603.34054844385,6294.01896943023,0
6023,6580221.67987554,-3758835.32952226,0,3597.31533897988,6297.46458882836,0
6024,6583815.98123672,-3752536.14452688,0,3591.28683471715,6300.90444034778,0
6025,6587404.25244855,-3746233.52256524,0,3585.25504117718,6304.33852083791,0
6026,6590986.49022449,-3739927.46940993,0,3579.21996388453,6307.76682715345,0
6027,6594562.69128357,-3733617.9908367,0,3573.18160836676,6311.18935615441,0
6028,6598132.85235033,-3727305.09262444,0,3567.13998015441,6314.60610470607,0
6029,6601696.97015483,-3720988.78055515,0,3561.09508478106,6318.01706967901,0
6030,6605255.04143268,-3714669.06041398,0,3555.04692778324,6321.42224794912,0
6031,6608807.06292503,-3708345.93798919,0,3548.9955147005,6324.82163639757,0
6032,6612353.03137857,-3702019.41907217,0,3542.94085107536,6328.21523191086,0
6033,6615892.94354552,-3695689.50945739,0,3536.8829424533,6331.60303138076,0
6034,6619426.79618366,-3689356.21494245,0,3530.8217943828,6334.98503170438,0
6035,6622954.58605632,-3683019.54132806,0,3524.7574124153,6338.36122978413,0
6036,6626476.30993238,-3676679.494418,0,3518.68980210519,6341.73162252772,0
6037,6629991.96458627,-3670336.08001915,0,3512.61896900982,6345.09620684821,0
6038,6633501.54679799,-3663989.30394147,0,3506.54491868951,6348.45497966394,0
6039,6637005.05335309,-3657639.17199801,0,3500.4676567075,6351.80793789862,0
6040,6640502.4810427,-3651285.69000489,0,3494.38718862998,6355.15507848123,0
6041,6643993.82666351,-3644928.86378129,0,3488.3035200261,6358.49639834613,0
6042,6647479.08701777,-3638568.69914946,0,3482.2166564679,6361.83189443297,0
6043,6650958.25891332,-3632205.2019347,0,3476.12660353039,6365.16156368677,0
6044,6654431.33916357,-3625838.37796538,0,3470.03336679146,6368.48540305786,0
6045,6657898.3245875,-3619468.23307289,0,3463.93695183194,6371.80340950193,0
6046,6661359.21200968,-3613094.77309169,0,3457.83736423558,6375.11557997998,0
6047,6664813.99826028,-3606718.00385927,0,3451.734609589,6378.4219114584,0
6048,6668262.68017504,-3600337.93121612,0,3445.62869348176,6381.72240090889,0
6049,6671705.25459529,-3593954.5610058,0,3439.51962150629,6385.01704530852,0
6050,6675141.71836796,-3587567.89907486,0,3433.40739925793,6388.30584163971,0
6051,6678572.06834558,-3581177.95127288,0,3427.29203233488,6391.58878689023,0
6052,6681996.30138627,-3574784.72345244,0,3421.17352633825,6394.86587805323,0
6053,6685414.41435377,-3568388.22146914,0,3415.05188687199,6398.13711212718,0
6054,6688826.4041174,-3561988.45118155,0,3408.92711954295,6401.40248611597,0
6055,6692232.2675521,-3555585.41845126,0,3402.79922996084,6404.66199702881,0
6056,6695632.00153844,-3549179.12914285,0,3396.66822373822,6407.91564188029,0
6057,6699025.60296257,-3542769.58912385,0,3390.53410649051,6411.16341769041,0
6058,6702413.06871628,-3536356.8042648,0,3384.39688383597,6414.40532148449,0
6059,6705794.39569698,-3529940.78043921,0,3378.25656139572,6417.64135029326,0
6060,6709169.58080769,-3523521.52352353,0,3372.11314479371,6420.87150115283,0
6061,6712538.62095706,-3517099.03939721,0,3365.96663965672,6424.09577110469,0
6062,6715901.51305936,-3510673.33394261,0,3359.81705161437,6427.31415719571,0
6063,6719258.25403453,-3504244.41304508,0,3353.6643862991,6430.52665647816,0
6064,6722608.84080808,-3497812.28259291,0,3347.50864934617,6433.73326600969,0
6065,6725953.27031122,-3491376.94847729,0,3341.34984639363,6436.93398285335,0
6066,6729291.53948075,-3484938.41659241,0,3335.18798308238,6440.1288040776,0
6067,6732623.64525914,-3478496.69283532,0,3329.02306505609,6443.31772675627,0
6068,6735949.58459451,-3472051.78310605,0,3322.85509796124,6446.50074796863,0
6069,6739269.35444059,-3465603.69330751,0,3316.6840874471,6449.67786479932,0
6070,6742582.95175681,-3459152.42934555,0,3310.51003916574,6452.8490743384,0
6071,6745890.37350822,-3452697.9971289,0,3304.33295877198,6456.01437368136,0
6072,6749191.61666554,-3446240.40256922,0,3298.15285192345,6459.17375992907,0
6073,6752486.67820514,-3439779.65158104,0,3291.96972428055,6462.32723018785,0
6074,6755775.55510905,-3433315.7500818,0,3285.78358150642,6465.47478156941,0
6075,6759058.24436499,-3426848.70399182,0,3279.59442926698,6468.61641119089,0
6076,6762334.74296632,-3420378.5192343,0,3273.40227323092,6471.75211617486,0
6077,6765605.04791208,-3413905.20173531,0,3267.20711906965,6474.88189364931,0
6078,6768869.15620698,-3407428.75742379,0,3261.00897245736,6478.00574074767,0
6079,6772127.0648614,-3400949.19223156,0,3254.80783907094,6481.12365460878,0
6080,6775378.77089142,-3394466.51209327,0,3248.60372459005,6484.23563237694,0
6081,6778624.27131878,-3387980.72294645,0,3242.39663469708,6487.34167120186,0
6082,6781863.56317091,-3381491.83073146,0,3236.18657507711,6490.44176823872,0
6083,6785096.64348092,-3374999.84139152,0,3229.97355141798,6493.53592064812,0
6084,6788323.50928763,-3368504.76087265,0,3223.75756941023,6496.6241255961,0
6085,6791544.15763552,-3362006.59512375,0,3217.53863474711,6499.70638025417,0
6086,6794758.5855748,-3355505.35009652,0,3211.31675312456,6502.78268179928,0
6087,6797966.79016135,-3349001.03174547,0,3205.09193024123,6505.85302741382,0
6088,6801168.76845676,-3342493.64602794,0,3198.86417179849,6508.91741428565,0
6089,6804364.51752833,-3335983.19890408,0,3192.63348350035,6511.97583960809,0
6090,6807554.03444905,-3329469.69633684,0,3186.39987105354,6515.0283005799,0
6091,6810737.31629762,-3322953.14429197,0,3180.16334016746,6518.07479440532,0
6092,6813914.36015847,-3316433.54873801,0,3173.92389655416,6521.11531829406,0
6093,6817085.16312173,-3309910.91564629,0,3167.6815459284,6524.14986946129,0
6094,6820249.72228323,-3303385.25099092,0,3161.43629400757,6527.17844512763,0
6095,6823408.03474455,-3296856.56074879,0,3155.18814651172,6530.20104251921,0
6096,6826560.09761297,-3290324.85089956,0,3148.93710916357,6533.21765886761,0
6097,6829705.9080015,-3283790.12742566,0,3142.68318768847,6536.22829140991,0
6098,6832845.46302888,-3277252.39631226,0,3136.42638781442,6539.23293738864,0
6099,6835978.75981958,-3270711.66354732,0,3130.16671527205,6542.23159405184,0
6100,6839105.79550378,-3264167.93512151,0,3123.90417579462,6545.22425865302,0
6101,6842226.56721743,-3257621.21702828,0,3117.63877511804,6548.21092845119,0
6102,6845341.0721022,-3251071.51526379,0,3111.3705189808,6551.19160071084,0
6103,6848449.30730549,-3244518.83582695,0,3105.09941312404,6554.16627270195,0
6104,6851551.26998045,-3237963.18471938,0,3098.82546329149,6557.13494170002,0
6105,6854646.95728599,-3231404.56794545,0,3092.54867522949,6560.09760498602,0
6106,6857736.36638675,-3224842.99151222,0,3086.26905468699,6563.05425984644,0
6107,6860819.49445312,-3218278.46142947,0,3079.98660741551,6566.00490357326,0
6108,6863896.33866126,-3211710.98370969,0,3073.7013391692,6568.94953346397,0
6109,6866966.89619306,-3205140.56436805,0,3067.41325570474,6571.88814682157,0
6110,6870031.16423618,-3198567.20942245,0,3061.12236278143,6574.82074095458,0
6111,6873089.13998405,-3191990.92489345,0,3054.82866616113,6577.747313177,0
6112,6876140.82063586,-3185411.71680429,0,3048.53217160826,6580.66786080839,0
6113,6879186.20339655,-3178829.59118092,0,3042.23288488983,6583.58238117379,0
6114,6882225.28547684,-3172244.55405193,0,3035.93081177536,6586.49087160379,0
6115,6885258.06409322,-3165656.61144858,0,3029.62595803697,6589.39332943448,0
6116,6888284.53646796,-3159065.76940481,0,3023.3183294493,6592.28975200749,0
6117,6891304.6998291,-3152472.0339572,0,3017.00793178953,6595.18013666997,0
6118,6894318.55141045,-3145875.41114499,0,3010.6947708374,6598.0644807746,0
6119,6897326.0884516,-3139275.90701005,0,3004.37885237516,6600.9427816796,0
6120,6900327.30819795,-3132673.52759691,0,2998.06018218758,6603.81503674871,0
6121,6903322.20790067,-3126068.27895271,0,2991.73876606197,6606.68124335124,0
6122,6906310.7848167,-3119460.16712724,0,2985.41460978815,6609.54139886199,0
6123,6909293.03620879,-3112849.19817289,0,2979.08771915843,6612.39550066135,0
6124,6912268.95934549,-3106235.37814469,0,2972.75809996766,6615.24354613522,0
6125,6915238.55150114,-3099618.71310027,0,2966.42575801316,6618.08553267507,0
6126,6918201.80995586,-3092999.20909985,0,2960.09069909475,6620.92145767791,0
6127,6921158.73199561,-3086376.87220629,0,2953.75292901474,6623.7513185463,0
6128,6924109.31491211,-3079751.708485,0,2947.41245357794,6626.57511268836,0
6129,6927053.55600291,-3073123.72400402,0,2941.0692785916,6629.39283751775,0
6130,6929991.45257138,-3066492.92483393,0,2934.72340986549,6632.20449045372,0
6131,6932923.00192667,-3059859.31704793,0,2928.3748532118,6635.01006892106,0
6132,6935848.20138376,-3053222.90672177,0,2922.02361444521,6637.80957035011,0
6133,6938767.04826346,-3046583.69993376,0,2915.66969938286,6640.60299217682,0
6134,6941679.53989237,-3039941.7027648,0,2909.31311384433,6643.39033184265,0
6135,6944585.67360293,-3033296.92129832,0,2902.95386365164,6646.17158679469,0
6136,6947485.4467334,-3026649.3616203,0,2896.59195462926,6648.94675448556,0
6137,6950378.85662785,-3019999.02981928,0,2890.2273926041,6651.71583237347,0
6138,6953265.90063621,-3013345.93198633,0,2883.86018340549,6654.47881792222,0
6139,6956146.57611422,-3006690.07421506,0,2877.49033286519,6657.23570860116,0
6140,6959020.88042344,-3000031.4626016,0,2871.11784681737,6659.98650188526,0
6141,6961888.81093129,-2993370.10324459,0,2864.74273109863,6662.73119525504,0
6142,6964750.36501103,-2986706.00224523,0,2858.36499154796,6665.46978619662,0
6143,6967605.54004173,-2980039.16570718,0,2851.98463400678,6668.20227220172,0
6144,6970454.33340832,-2973369.59973664,0,2845.60166431887,6670.92865076765,0
6145,6973296.7425016,-2966697.31044229,0,2839.21608833044,6673.64891939729,0
6146,6976132.76471817,-2960022.30393532,0,2832.82791189006,6676.36307559914,0
6147,6978962.39746051,-2953344.5863294,0,2826.4371408487,6679.07111688729,0
6148,6981785.63813695,-2946664.16374068,0,2820.04378105969,6681.77304078143,0
6149,6984602.48416167,-2939981.04228779,0,2813.64783837875,6684.46884480686,0
6150,6987412.9329547,-2933295.22809184,0,2807.24931866394,6687.15852649448,0
6151,6990216.98194194,-2926606.7272764,0,2800.84822777571,6689.84208338079,0
6152,6993014.62855514,-2919915.5459675,0,2794.44457157685,6692.51951300791,0
6153,6995805.87023194,-2913221.69029362,0,2788.03835593249,6695.19081292358,0
6154,6998590.70441582,-2906525.16638571,0,2781.62958671012,6697.85598068112,0
6155,7001369.12855612,-2899825.98037713,0,2775.21826977956,6700.51501383951,0
6156,7004141.1401081,-2893124.13840371,0,2768.80441101298,6703.16790996332,0
6157,7006906.73653283,-2886419.64660369,0,2762.38801628484,6705.81466662276,0
6158,7009665.9152973,-2879712.51111776,0,2755.96909147197,6708.45528139363,0
6159,7012418.67387437,-2873002.738089,0,2749.54764245349,6711.0897518574,0
6160,7015165.00974277,-2866290.33366295,0,2743.12367511083,6713.71807560114,0
6161,7017904.92038711,-2859575.30398751,0,2736.69719532774,6716.34025021755,0
6162,7020638.40329791,-2852857.65521302,0,2730.26820899025,6718.95627330496,0
6163,7023365.45597154,-2846137.39349221,0,2723.83672198672,6721.56614246736,0
6164,7026086.07591029,-2839414.52498019,0,2717.40274020777,6724.16985531436,0
6165,7028800.26062233,-2832689.05583448,0,2710.96626954632,6726.76740946118,0
6166,7031508.00762172,-2825960.99221496,0,2704.52731589756,6729.35880252873,0
6167,7034209.31442843,-2819230.34028391,0,2698.08588515896,6731.94403214354,0
6168,7036904.17856831,-2812497.10620595,0,2691.64198323026,6734.52309593777,0
6169,7039592.59757312,-2805761.29614809,0,2685.19561601346,6737.09599154926,0
6170,7042274.56898054,-2799022.9162797,0,2678.74678941281,6739.66271662147,0
6171,7044950.09033412,-2792281.97277248,0,2672.29550933485,6742.22326880353,0
6172,7047619.15918335,-2785538.4718005,0,2665.84178168831,6744.77764575022,0
6173,7050281.77308361,-2778792.41954017,0,2659.3856123842,6747.32584512197,0
6174,7052937.92959621,-2772043.82217023,0,2652.92700733577,6749.86786458487,0
6175,7055587.62628834,-2765292.68587175,0,2646.46597245847,6752.40370181067,0
6176,7058230.86073315,-2758539.01682813,0,2640.00251367,6754.93335447679,0
6177,7060867.63050968,-2751782.82122509,0,2633.53663689027,6757.45682026631,0
6178,7063497.93320291,-2745024.10525066,0,2627.06834804142,6759.97409686797,0
6179,7066121.76640372,-2738262.87509518,0,2620.59765304778,6762.48518197618,0
6180,7068739.12770893,-2731499.1369513,0,2614.12455783589,6764.99007329104,0
6181,7071350.01472129,-2724732.89701396,0,2607.64906833449,6767.48876851829,0
6182,7073954.42504948,-2717964.16148039,0,2601.17119047451,6769.98126536938,0
6183,7076552.3563081,-2711192.93655011,0,2594.69093018908,6772.46756156141,0
6184,7079143.8061177,-2704419.22842492,0,2588.20829341349,6774.94765481716,0
6185,7081728.77210474,-2697643.04330888,0,2581.72328608523,6777.42154286512,0
6186,7084307.25190166,-2690864.38740834,0,2575.23591414394,6779.88922343943,0
6187,7086879.24314681,-2684083.26693191,0,2568.74618353144,6782.35069427994,0
6188,7089444.74348448,-2677299.68809045,0,2562.25410019171,6784.80595313217,0
6189,7092003.75056493,-2670513.65709706,0,2555.75967007088,6787.25499774733,0
6190,7094556.26204435,-2663725.18016711,0,2549.26289911722,6789.69782588234,0
6191,7097102.27558487,-2656934.2635182,0,2542.76379328117,6792.1344352998,0
6192,7099641.7888546,-2650140.91337016,0,2536.26235851528,6794.564823768,0
6193,7102174.79952758,-2643345.13594506,0,2529.75860077426,6796.98898906094,0
6194,7104701.30528381,-2636546.93746717,0,2523.25252601492,6799.40692895831,0
6195,7107221.30380925,-2629746.32416301,0,2516.74414019621,6801.81864124552,0
6196,7109734.79279584,-2622943.30226129,0,2510.23344927919,6804.22412371365,0
6197,7112241.76994143,-2616137.87799293,0,2503.72045922704,6806.62337415953,0
6198,7114742.2329499,-2609330.05759104,0,2497.20517600503,6809.01639038566,0
6199,7117236.17953104,-2602519.84729096,0,2490.68760558056,6811.40317020027,0
6200,7119723.60740065,-2595707.25333018,0,2484.16775392308,6813.7837114173,0
6201,7122204.51428047,-2588892.28194838,0,2477.64562700417,6816.15801185639,0
6202,7124678.89789823,-2582074.93938745,0,2471.12123079747,6818.52606934291,0
6203,7127146.75598763,-2575255.2318914,0,2464.59457127871,6820.88788170795,0
6204,7129608.08628834,-2568433.16570646,0,2458.0656544257,6823.24344678832,0
6205,7132062.88654603,-2561608.74708098,0,2451.53448621828,6825.59276242653,0
6206,7134511.15451232,-2554781.98226547,0,2445.00107263841,6827.93582647083,0
6207,7136952.88794484,-2547952.87751261,0,2438.46541967005,6830.27263677522,0
6208,7139388.08460719,-2541121.43907721,0,2431.92753329925,6832.60319119938,0
6209,7141816.74226897,-2534287.67321622,0,2425.38741951409,6834.92748760875,0
6210,7144238.85870575,-2527451.58618871,0,2418.8450843047,6837.2455238745,0
6211,7146654.4316991,-2520613.18425589,0,2412.30053366322,6839.55729787353,0
6212,7149063.45903659,-2513772.47368109,0,2405.75377358385,6841.86280748847,0
6213,7151465.93851179,-2506929.46072975,0,2399.20481006279,6844.16205060769,0
6214,7153861.86792424,-2500084.15166941,0,2392.65364909827,6846.45502512531,0
6215,7156251.2450795,-2493236.55276973,0,2386.10029669054,6848.74172894118,0
6216,7158634.06778914,-2486386.67030246,0,2379.54475884184,6851.0221599609,0
6217,7161010.33387071,-2479534.51054144,0,2372.98704155641,6853.2963160958,0
6218,7163380.04114777,-2472680.07976259,0,2366.42715084052,6855.56419526298,0
6219,7165743.18744991,-2465823.38424393,0,2359.86509270238,6857.82579538528,0
6220,7168099.77061271,-2458964.43026553,0,2353.30087315223,6860.08111439128,0
6221,7170449.78847775,-2452103.22410954,0,2346.73449820226,6862.33015021533,0
6222,7172793.23889265,-2445239.77206018,0,2340.16597386665,6864.57290079752,0
6223,7175130.11971103,-2438374.08040371,0,2333.59530616154,6866.80936408371,0
6224,7177460.42879252,-2431506.15542846,0,2327.02250110504,6869.03953802551,0
6225,7179784.16400279,-2424636.00342479,0,2320.44756471721,6871.2634205803,0
6226,7182101.32321352,-2417763.63068511,0,2313.87050302007,6873.4810097112,0
6227,7184411.90430241,-2410889.04350385,0,2307.29132203759,6875.69230338713,0
6228,7186715.90515318,-2404012.24817749,0,2300.71002779566,6877.89729958273,0
6229,7189013.32365559,-2397133.25100452,0,2294.12662632213,6880.09599627845,0
6230,7191304.15770542,-2390252.05828544,0,2287.54112364677,6882.28839146049,0
6231,7193588.40520449,-2383368.67632277,0,2280.95352580126,6884.47448312082,0
6232,7195866.06406064,-2376483.11142104,0,2274.36383881923,6886.65426925719,0
6233,7198137.13218776,-2369595.36988677,0,2267.77206873621,6888.82774787313,0
6234,7200401.60750576,-2362705.45802847,0,2261.17822158961,6890.99491697794,0
6235,7202659.4879406,-2355813.38215664,0,2254.58230341879,6893.15577458668,0
6236,7204910.77142427,-2348919.14858378,0,2247.98432026498,6895.31031872023,0
6237,7207155.45589481,-2342022.76362435,0,2241.38427817129,6897.45854740523,0
6238,7209393.53929631,-2335124.23359478,0,2234.78218318275,6899.6004586741,0
6239,7211625.0195789,-2328223.56481346,0,2228.17804134624,6901.73605056505,0
6240,7213849.89469874,-2321320.76360076,0,2221.57185871053,6903.8653211221,0
6241,7216068.16261807,-2314415.83627898,0,2214.96364132625,6905.98826839502,0
6242,7218279.82130516,-2307508.78917238,0,2208.35339524591,6908.1048904394,0
6243,7220484.86873435,-2300599.62860716,0,2201.74112652386,6910.21518531662,0
6244,7222683.30288601,-2293688.36091145,0,2195.1268412163,6912.31915109384,0
6245,7224875.1217466,-2286774.99241531,0,2188.5105453813,6914.41678584403,0
6246,7227060.32330862,-2279859.52945074,0,2181.89224507876,6916.50808764597,0
6247,7229238.90557063,-2272941.97835164,0,2175.2719463704,6918.59305458421,0
6248,7231410.86653725,-2266022.34545383,0,2168.64965531979,6920.67168474912,0
6249,7233576.20421917,-2259100.63709503,0,2162.02537799232,6922.74397623688,0
6250,7235734.91663316,-2252176.85961488,0,2155.3991204552,6924.80992714947,0
6251,7237887.00180204,-2245251.01935489,0,2148.77088877745,6926.86953559466,0
6252,7240032.45775469,-2238323.12265848,0,2142.1406890299,6928.92279968606,0
6253,7242171.2825261,-2231393.17587093,0,2135.50852728519,6930.96971754307,0
6254,7244303.47415729,-2224461.18533943,0,2128.87440961773,6933.01028729091,0
6255,7246429.03069538,-2217527.15741301,0,2122.23834210376,6935.04450706061,0
6256,7248547.95019357,-2210591.09844259,0,2115.60033082127,6937.07237498902,0
6257,7250660.23071113,-2203653.01478093,0,2108.96038185007,6939.0938892188,0
6258,7252765.8703134,-2196712.91278267,0,2102.3185012717,6941.10904789844,0
6259,7254864.86707183,-2189770.79880427,0,2095.6746951695,6943.11784918225,0
6260,7256957.21906393,-2182826.67920405,0,2089.02896962856,6945.12029123035,0
6261,7259042.9243733,-2175880.56034216,0,2082.38133073574,6947.1163722087,0
6262,7261121.98108965,-2168932.4485806,0,2075.73178457964,6949.10609028907,0
6263,7263194.38730874,-2161982.35028316,0,2069.08033725062,6951.08944364908,0
6264,7265260.14113245,-2155030.27181548,0,2062.42699484076,6953.06643047217,0
6265,7267319.24066876,-2148076.219545,0,2055.7717634439,6955.03704894759,0
6266,7269371.68403171,-2141120.19984097,0,2049.11464915559,6957.00129727046,0
6267,7271417.46934147,-2134162.21907444,0,2042.45565807313,6958.9591736417,0
6268,7273456.59472429,-2127202.28361826,0,2035.7947962955,6960.91067626809,0
6269,7275489.05831253,-2120240.39984708,0,2029.13206992343,6962.85580336223,0
6270,7277514.85824464,-2113276.57413731,0,2022.46748505934,6964.79455314258,0
6271,7279533.99266519,-2106310.81286716,0,2015.80104780736,6966.72692383343,0
6272,7281546.45972483,-2099343.1224166,0,2009.13276427331,6968.65291366491,0
6273,7283552.25758034,-2092373.50916737,0,2002.4626405647,6970.57252087298,0
6274,7285551.3843946,-2085401.97950298,0,1995.79068279073,6972.48574369949,0
6275,7287543.83833661,-2078428.53980868,0,1989.11689706229,6974.39258039209,0
6276,7289529.61758145,-2071453.19647149,0,1982.44128949192,6976.2930292043,0
6277,7291508.72031035,-2064475.95588015,0,1975.76386619384,6978.1870883955,0
6278,7293481.14471063,-2057496.82442515,0,1969.08463328394,6980.0747562309,0
6279,7295446.88897575,-2050515.80849871,0,1962.40359687977,6981.95603098159,0
6280,7297405.95130527,-2043532.91449479,0,1955.72076310052,6983.83091092449,0
6281,7299358.32990487,-2036548.14880904,0,1949.03613806702,6985.69939434239,0
6282,7301304.02298636,-2029561.51783885,0,1942.34972790176,6987.56147952394,0
6283,7303243.02876767,-2022573.02798331,0,1935.66153872885,6989.41716476365,0
6284,7305175.34547285,-2015582.6856432,0,1928.97157667404,6991.26644836188,0
6285,7307100.9713321,-2008590.49722103,0,1922.2798478647,6993.10932862487,0
6286,7309019.90458171,-2001596.46912096,0,1915.58635842982,6994.9458038647,0
6287,7310932.14346412,-1994600.60774887,0,1908.89111449999,6996.77587239936,0
6288,7312837.68622792,-1987602.91951229,0,1902.19412220742,6998.59953255267,0
6289,7314736.5311278,-1980603.41082045,0,1895.49538768593,7000.41678265432,0
6290,7316628.67642459,-1973602.08808422,0,1888.7949170709,7002.22762103989,0
6291,7318514.12038529,-1966598.95771616,0,1882.09271649935,7004.03204605083,0
6292,7320392.86128299,-1959594.02613046,0,1875.38879210984,7005.83005603445,0
6293,7322264.89739695,-1952587.29974298,0,1868.68315004253,7007.62164934395,0
6294,7324130.22701256,-1945578.78497121,0,1861.97579643916,7009.40682433839,0
6295,7325988.84842136,-1938568.48823429,0,1855.26673744302,7011.18557938273,0
6296,7327840.75992103,-1931556.41595297,0,1848.55597919898,7012.9579128478,0
6297,7329685.95981539,-1924542.57454966,0,1841.84352785344,7014.72382311031,0
6298,7331524.44641442,-1917526.97044836,0,1835.12938955437,7016.48330855284,0
6299,7333356.21803423,-1910509.6100747,0,1828.4135704513,7018.23636756389,0
6300,7335181.2729971,-1903490.49985591,0,1821.69607669526,7019.98299853781,0
6301,7336999.60963146,-1896469.64622083,0,1814.97691443885,7021.72319987486,0
6302,7338811.22627186,-1889447.0555999,0,1808.25608983618,7023.45696998118,0
6303,7340616.12125906,-1882422.73442514,0,1801.53360904288,7025.1843072688,0
6304,7342414.29293994,-1875396.68913017,0,1794.80947821611,7026.90521015564,0
6305,7344205.73966754,-1868368.92615016,0,1788.08370351453,7028.61967706552,0
6306,7345990.45980106,-1861339.45192188,0,1781.35629109832,7030.32770642815,0
6307,7347768.45170588,-1854308.27288367,0,1774.62724712914,7032.02929667914,0
6308,7349539.71375353,-1847275.39547542,0,1767.89657777015,7033.72444625999,0
6309,7351304.24432168,-1840240.82613856,0,1761.16428918602,7035.41315361811,0
6310,7353062.04179421,-1833204.5713161,0,1754.43038754287,7037.09541720681,0
6311,7354813.10456114,-1826166.63745258,0,1747.69487900832,7038.77123548528,0
6312,7356557.43101865,-1819127.03099408,0,1740.95776975145,7040.44060691864,0
6313,7358295.01956912,-1812085.75838821,0,1734.21906594283,7042.1035299779,0
6314,7360025.86862108,-1805042.82608409,0,1727.47877375445,7043.76000313999,0
6315,7361749.97658923,-1797998.2405324,0,1720.73689935978,7045.41002488773,0
6316,7363467.34189445,-1790952.00818529,0,1713.99344893375,7047.05359370986,0
6317,7365177.96296381,-1783904.13549646,0,1707.2484286527,7048.69070810102,0
6318,7366881.83823053,-1776854.62892107,0,1700.50184469445,7050.32136656178,0
6319,7368578.96613403,-1769803.49491581,0,1693.75370323821,7051.94556759861,0
6320,7370269.3451199,-1762750.73993884,0,1687.00401046464,7053.56330972389,0
6321,7371952.97363992,-1755696.37044982,0,1680.25277255582,7055.17459145593,0
6322,7373629.85015203,-1748640.39290989,0,1673.49999569525,7056.77941131894,0
6323,7375299.97312039,-1741582.81378163,0,1666.74568606781,7058.37776784306,0
6324,7376963.34101531,-1734523.63952913,0,1659.98984985983,7059.96965956435,0
6325,7378619.95231331,-1727462.87661792,0,1653.23249325899,7061.55508502479,0
6326,7380269.80549709,-1720400.53151499,0,1646.47362245441,7063.13404277228,0
6327,7381912.89905555,-1713336.61068877,0,1639.71324363655,7064.70653136064,0
6328,7383549.23148376,-1706271.12060913,0,1632.95136299729,7066.27254934963,0
6329,7385178.801283,-1699204.06774741,0,1626.18798672986,7067.83209530492,0
6330,7386801.60696074,-1692135.45857634,0,1619.42312102888,7069.38516779811,0
6331,7388417.64703064,-1685065.29957011,0,1612.65677209031,7070.93176540674,0
6332,7390026.92001257,-1677993.5972043,0,1605.8889461115,7072.47188671427,0
6333,7391629.42443259,-1670920.35795592,0,1599.11964929112,7074.0055303101,0
6334,7393225.15882294,-1663845.58830338,0,1592.3488878292,7075.53269478956,0
6335,7394814.1217221,-1656769.29472651,0,1585.57666792713,7077.0533787539,0
6336,7396396.31167472,-1649691.48370651,0,1578.8029957876,7078.56758081032,0
6337,7397971.72723166,-1642612.16172599,0,1572.02787761467,7080.07529957197,0
6338,7399540.36695001,-1635531.33526893,0,1565.25131961369,7081.57653365791,0
6339,7401102.22939302,-1628449.01082069,0,1558.47332799134,7083.07128169316,0
6340,7402657.31313018,-1621365.19486801,0,1551.69390895563,7084.55954230867,0
6341,7404205.61673719,-1614279.893899,0,1544.91306871585,7086.04131414133,0
6342,7405747.13879595,-1607193.11440311,0,1538.13081348262,7087.51659583398,0
6343,7407281.87789456,-1600104.86287116,0,1531.34714946782,7088.98538603541,0
6344,7408809.83262736,-1593015.14579532,0,1524.56208288466,7090.44768340034,0
6345,7410331.00159488,-1585923.96966909,0,1517.7756199476,7091.90348658944,0
6346,7411845.38340388,-1578831.34098731,0,1510.98776687241,7093.35279426935,0
6347,7413352.97666732,-1571737.26624616,0,1504.1985298761,7094.79560511262,0
6348,7414853.7800044,-1564641.75194314,0,1497.40791517699,7096.23191779779,0
6349,7416347.79204051,-1557544.80457706,0,1490.61592899461,7097.66173100933,0
6350,7417835.0114073,-1550446.43064805,0,1483.82257754979,7099.08504343766,0
6351,7419315.4367426,-1543346.63665754,0,1477.0278670646,7100.50185377917,0
6352,7420789.06669049,-1536245.42910828,0,1470.23180376233,7101.91216073619,0
6353,7422255.89990126,-1529142.8145043,0,1463.43439386754,7103.31596301702,0
6354,7423715.93503143,-1522038.7993509,0,1456.63564360601,7104.7132593359,0
6355,7425169.17074376,-1514933.39015471,0,1449.83555920474,7106.10404841305,0
6356,7426615.60570721,-1507826.59342358,0,1443.03414689197,7107.48832897463,0
6357,7428055.23859698,-1500718.41566669,0,1436.23141289715,7108.86609975278,0
6358,7429488.06809452,-1493608.86339443,0,1429.42736345093,7110.23735948559,0
6359,7430914.09288748,-1486497.94311848,0,1422.62200478517,7111.60210691711,0
6360,7432333.31166976,-1479385.66135178,0,1415.81534313294,7112.96034079737,0
6361,7433745.72314149,-1472272.02460849,0,1409.00738472849,7114.31205988235,0
6362,7435151.32600904,-1465157.03940402,0,1402.19813580726,7115.65726293401,0
6363,7436550.11898501,-1458040.71225504,0,1395.38760260587,7116.99594872026,0
6364,7437942.10078824,-1450923.04967941,0,1388.57579136214,7118.32811601501,0
6365,7439327.2701438,-1443804.05819625,0,1381.76270831503,7119.65376359811,0
6366,7440705.62578302,-1436683.74432586,0,1374.94835970467,7120.97289025539,0
6367,7442077.16644344,-1429562.11458978,0,1368.13275177236,7122.28549477867,0
6368,7443441.89086887,-1422439.17551075,0,1361.31589076055,7123.59157596571,0
6369,7444799.79780935,-1415314.93361269,0,1354.49778291284,7124.89113262027,0
6370,7446150.88602116,-1408189.39542075,0,1347.67843447397,7126.18416355209,0
6371,7447495.15426685,-1401062.56746123,0,1340.8578516898,7127.47066757687,0
6372,7448832.60131518,-1393934.45626162,0,1334.03604080734,7128.75064351629,0
6373,7450163.22594118,-1386805.06835061,0,1327.21300807474,7130.02409019802,0
6374,7451487.02692613,-1379674.41025804,0,1320.38875974122,7131.29100645569,0
6375,7452804.00305755,-1372542.4885149,0,1313.56330205716,7132.55139112895,0
6376,7454114.15312921,-1365409.30965336,0,1306.73664127403,7133.80524306339,0
6377,7455417.47594114,-1358274.88020673,0,1299.9087836444,7135.0525611106,0
6378,7456713.97029963,-1351139.20670948,0,1293.07973542193,7136.29334412817,0
6379,7458003.63501721,-1344002.2956972,0,1286.24950286139,7137.52759097964,0
6380,7459286.46891266,-1336864.15370662,0,1279.41809221862,7138.75530053458,0
6381,7460562.47081104,-1329724.7872756,0,1272.58550975054,7139.9764716685,0
6382,7461831.63954364,-1322584.20294313,0,1265.75176171515,7141.19110326294,0
6383,7463093.97394803,-1315442.40724929,0,1258.9168543715,7142.39919420542,0
6384,7464349.47286803,-1308299.4067353,0,1252.08079397974,7143.60074338942,0
6385,7465598.13515373,-1301155.20794347,0,1245.24358680103,7144.79574971445,0
6386,7466839.95966146,-1294009.81741719,0,1238.40523909761,7145.984212086,0
6387,7468074.94525384,-1286863.24170098,0,1231.56575713276,7147.16612941555,0
6388,7469303.09079973,-1279715.4873404,0,1224.72514717078,7148.34150062057,0
6389,7470524.39517427,-1272566.56088214,0,1217.88341547704,7149.51032462453,0
6390,7471738.85725886,-1265416.46887391,0,1211.04056831789,7150.67260035691,0
6391,7472946.47594117,-1258265.21786453,0,1204.19661196075,7151.82832675317,0
6392,7474147.25011514,-1251112.81440387,0,1197.35155267403,7152.97750275477,0
6393,7475341.17868096,-1243959.26504284,0,1190.50539672714,7154.12012730918,0
6394,7476528.26054513,-1236804.57633342,0,1183.65815039052,7155.25619936987,0
6395,7477708.49462037,-1229648.75482861,0,1176.80981993559,7156.38571789629,0
6396,7478881.87982572,-1222491.80708248,0,1169.96041163477,7157.50868185392,0
6397,7480048.41508645,-1215333.7396501,0,1163.10993176147,7158.62509021423,0
6398,7481208.09933414,-1208174.55908759,0,1156.25838659008,7159.73494195469,0
6399,7482360.93150662,-1201014.27195207,0,1149.40578239596,7160.83823605879,0
6400,7483506.91054802,-1193852.88480169,0,1142.55212545544,7161.93497151601,0
6401,7484646.03540871,-1186690.40419559,0,1135.69742204582,7163.02514732186,0
6402,7485778.30504538,-1179526.83669393,0,1128.84167844536,7164.10876247782,0
6403,7486903.71842096,-1172362.18885785,0,1121.98490093327,7165.18581599141,0
6404,7488022.2745047,-1165196.46724949,0,1115.12709578971,7166.25630687616,0
6405,7489133.97227209,-1158029.67843197,0,1108.26826929576,7167.3202341516,0
6406,7490238.81070494,-1150861.82896938,0,1101.40842773347,7168.37759684327,0
6407,7491336.7887913,-1143692.9254268,0,1094.5475773858,7169.42839398272,0
6408,7492427.90552554,-1136522.97437026,0,1087.68572453663,7170.47262460753,0
6409,7493512.1599083,-1129351.98236674,0,1080.82287547077,7171.51028776128,0
6410,7494589.55094651,-1122179.95598421,0,1073.95903647393,7172.54138249357,0
6411,7495660.07765337,-1115006.90179154,0,1067.09421383275,7173.56590786001,0
6412,7496723.73904839,-1107832.82635859,0,1060.22841383473,7174.58386292225,0
6413,7497780.53415735,-1100657.73625611,0,1053.36164276831,7175.59524674791,0
6414,7498830.46201233,-1093481.63805581,0,1046.49390692279,7176.60005841069,0
6415,7499873.5216517,-1086304.53833032,0,1039.62521258837,7177.59829699025,0
6416,7500909.71212011,-1079126.44365317,0,1032.75556605612,7178.58996157232,0
6417,7501939.03246851,-1071947.36059881,0,1025.88497361797,7179.57505124862,0
6418,7502961.48175414,-1064767.2957426,0,1019.01344156675,7180.5535651169,0
6419,7503977.05904053,-1057586.25566081,0,1012.14097619611,7181.52550228094,0
6420,7504985.76339752,-1050404.24693057,0,1005.26758380059,7182.49086185054,0
6421,7505987.59390122,-1043221.27612993,0,998.39327067555,7183.44964294151,0
6422,7506982.54963406,-1036037.34983781,0,991.518043117218,7184.40184467571,0
6423,7507970.62968475,-1028852.47463399,0,984.641907422646,7185.34746618101,0
6424,7508951.83314829,-1021666.65709915,0,977.76486988972,7186.28650659131,0
6425,7509926.15912601,-1014479.9038148,0,970.886936817152,7187.21896504653,0
6426,7510893.60672551,-1007292.22136332,0,964.008114504475,7188.14484069264,0
6427,7511854.17506071,-1000103.61632796,0,957.128409252035,7189.06413268163,0
6428,7512807.86325181,-992914.095292793,0,950.24782736099,7189.9768401715,0
6429,7513754.67042532,-985723.664842732,0,943.366375133296,7190.8829623263,0
6430,7514694.59571406,-978532.331563529,0,936.484058871711,7191.78249831611,0
6431,7515627.63825715,-971340.102041763,0,929.600884879781,7192.67544731705,0
6432,7516553.79720001,-964146.982864831,0,922.71685946184,7193.56180851125,0
6433,7517473.07169437,-956952.980620947,0,915.831988923,7194.44158108689,0
6434,7518385.46089825,-949758.101899132,0,908.946279569147,7195.3147642382,0
6435,7519290.963976,-942562.353289212,0,902.059737706937,7196.1813571654,0
6436,7520189.58009827,-935365.741381807,0,895.172369643788,7197.04135907479,0
6437,7521081.30844199,-928168.272768331,0,888.284181687872,7197.89476917868,0
6438,7521966.14819045,-920969.954040979,0,881.395180148116,7198.74158669544,0
6439,7522844.0985332,-913770.791792728,0,874.50537133419,7199.58181084946,0
6440,7523715.15866613,-906570.792617324,0,867.614761556503,7200.41544087117,0
6441,7524579.32779143,-899369.963109284,0,860.7233571262,7201.24247599705,0
6442,7525436.6051176,-892168.309863882,0,853.83116435515,7202.06291546961,0
6443,7526286.98985946,-884965.839477147,0,846.938189555947,7202.87675853741,0
6444,7527130.48123814,-877762.558545857,0,840.044439041901,7203.68400445505,0
6445,7527967.07848108,-870558.473667533,0,833.149919127031,7204.48465248316,0
6446,7528796.78082203,-863353.591440432,0,826.254636126063,7205.27870188842,0
6447,7529619.58750107,-856147.91846354,0,819.358596354419,7206.06615194357,0
6448,7530435.49776459,-848941.461336569,0,812.461806128216,7206.84700192738,0
6449,7531244.51086528,-841734.226659947,0,805.564271764259,7207.62125112465,0
6450,7532046.62606218,-834526.221034818,0,798.665999580033,7208.38889882625,0
6451,7532841.84262061,-827317.451063028,0,791.766995893699,7209.1499443291,0
6452,7533630.15981224,-820107.923347125,0,784.867267024088,7209.90438693613,0
6453,7534411.57691504,-812897.644490351,0,777.966819290697,7210.65222595636,0
6454,7535186.0932133,-805686.621096637,0,771.065659013678,7211.39346070484,0
6455,7535953.70799766,-798474.859770592,0,764.163792513839,7212.12809050266,0
6456,7536714.42056503,-791262.367117506,0,757.261226112633,7212.85611467698,0
6457,7537468.23021869,-784049.149743335,0,750.357966132155,7213.57753256099,0
6458,7538215.13626821,-776835.214254701,0,743.454018895133,7214.29234349395,0
6459,7538955.1380295,-769620.567258883,0,736.549390724928,7215.00054682115,0
6460,7539688.23482479,-762405.21536381,0,729.644087945522,7215.70214189395,0
6461,7540414.42598263,-755189.165178061,0,722.738116881515,7216.39712806975,0
6462,7541133.7108379,-747972.423310849,0,715.831483858121,7217.08550471201,0
6463,7541846.0887318,-740754.996372025,0,708.924195201159,7217.76727119025,0
6464,7542551.55901187,-733536.890972065,0,702.016257237048,7218.44242688003,0
6465,7543250.12103195,-726318.113722067,0,695.107676292802,7219.11097116297,0
6466,7543941.77415224,-719098.671233745,0,688.198458696025,7219.77290342675,0
6467,7544626.51773923,-711878.570119422,0,681.288610774903,7220.42822306511,0
6468,7545304.35116579,-704657.816992024,0,674.378138858199,7221.07692947782,0
6469,7545975.27381106,-697436.418465073,0,667.46704927525,7221.71902207075,0
6470,7546639.28506056,-690214.381152685,0,660.555348355954,7222.35450025579,0
6471,7547296.38430611,-682991.711669558,0,653.643042430774,7222.98336345091,0
6472,7547946.57094586,-675768.416630972,0,646.730137830725,7223.60561108012,0
6473,7548589.84438432,-668544.502652777,0,639.816640887368,7224.22124257351,0
6474,7549226.2040323,-661319.976351392,0,632.902557932811,7224.83025736721,0
6475,7549855.64930696,-654094.844343795,0,625.987895299696,7225.43265490344,0
6476,7550478.17963178,-646869.113247521,0,619.072659321196,7226.02843463044,0
6477,7551093.7944366,-639642.789680653,0,612.15685633101,7226.61759600255,0
6478,7551702.49315755,-632415.880261815,0,605.240492663356,7227.20013848014,0
6479,7552304.27523714,-625188.391610169,0,598.323574652964,7227.77606152966,0
6480,7552899.14012419,-617960.330345407,0,591.406108635075,7228.34536462362,0
6481,7553487.08727386,-610731.703087747,0,584.488100945429,7228.9080472406,0
6482,7554068.11614764,-603502.516457924,0,577.569557920263,7229.46410886523,0
6483,7554642.22621336,-596272.777077184,0,570.650485896306,7230.01354898821,0
6484,7555209.41694521,-589042.491567282,0,563.730891210768,7230.5563671063,0
6485,7555769.68782368,-581811.666550472,0,556.810780201342,7231.09256272234,0
6486,7556323.03833561,-574580.308649502,0,549.890159206189,7231.62213534522,0
6487,7556869.46797421,-567348.424487608,0,542.969034563942,7232.1450844899,0
6488,7557408.97623897,-560116.020688508,0,536.047412613691,7232.66140967741,0
6489,7557941.56263578,-552883.103876397,0,529.125299694986,7233.17111043486,0
6490,7558467.22667682,-545649.680675938,0,522.202702147822,7233.67418629539,0
6491,7558985.96788064,-538415.757712259,0,515.279626312641,7234.17063679824,0
6492,7559497.78577213,-531181.341610946,0,508.356078530322,7234.66046148871,0
6493,7560002.6798825,-523946.438998035,0,501.432065142176,7235.14365991816,0
6494,7560500.64974933,-516711.056500011,0,494.507592489941,7235.62023164404,0
6495,7560991.69491651,-509475.200743794,0,487.582666915776,7236.09017622984,0
6496,7561475.8149343,-502238.878356741,0,480.657294762255,7236.55349324515,0
6497,7561953.00935929,-495002.095966636,0,473.731482372358,7237.0101822656,0
6498,7562423.27775441,-487764.860201681,0,466.805236089472,7237.46024287292,0
6499,7562886.61968895,-480527.177690498,0,459.87856225738,7237.90367465489,0
6500,7563343.03473852,-473289.055062116,0,452.951467220257,7238.34047720537,0
6501,7563792.5224851,-466050.498945965,0,446.023957322662,7238.77065012429,0
6502,7564235.082517,-458811.515971876,0,439.096038909536,7239.19419301766,0
6503,7564670.71442886,-451572.112770068,0,432.167718326194,7239.61110549755,0
6504,7565099.41782171,-444332.295971146,0,425.239001918318,7240.0213871821,0
6505,7565521.19230287,-437092.072206094,0,418.309896031953,7240.42503769554,0
6506,7565936.03748606,-429851.448106269,0,411.380407013503,7240.82205666816,0
6507,7566343.95299131,-422610.430303393,0,404.450541209719,7241.21244373633,0
6508,7566744.938445,-415369.02542955,0,397.5203049677,7241.59619854249,0
6509,7567138.99347988,-408127.240117179,0,390.589704634883,7241.97332073516,0
6510,7567526.11773502,-400885.080999066,0,383.658746559039,7242.34380996894,0
6511,7567906.31085586,-393642.554708341,0,376.727437088266,7242.70766590448,0
6512,7568279.57249418,-386399.667878468,0,369.795782570986,7243.06488820854,0
6513,7568645.90230811,-379156.427143243,0,362.863789355934,7243.41547655393,0
6514,7569005.29996211,-371912.839136787,0,355.931463792157,7243.75943061954,0
6515,7569357.76512703,-364668.910493536,0,348.998812229005,7244.09675009034,0
6516,7569703.29748002,-357424.647848241,0,342.065841016129,7244.42743465739,0
6517,7570041.89670462,-350180.057835957,0,335.132556503471,7244.7514840178,0
6518,7570373.56249071,-342935.14709204,0,328.19896504126,7245.06889787478,0
6519,7570698.29453451,-335689.922252139,0,321.265072980007,7245.37967593761,0
6520,7571016.09253859,-328444.389952191,0,314.330886670497,7245.68381792165,0
6521,7571326.95621188,-321198.556828415,0,307.396412463786,7245.98132354832,0
6522,7571630.88526967,-313952.429517305,0,300.461656711192,7246.27219254514,0
6523,7571927.87943357,-306706.014655624,0,293.526625764292,7246.55642464571,0
6524,7572217.93843158,-299459.318880399,0,286.591325974916,7246.8340195897,0
6525,7572501.06199803,-292212.348828915,0,279.655763695138,7247.10497712285,0
6526,7572777.24987359,-284965.111138706,0,272.719945277274,7247.36929699699,0
6527,7573046.50180532,-277717.612447555,0,265.783877073873,7247.62697897003,0
6528,7573308.8175466,-270469.859393479,0,258.847565437716,7247.87802280596,0
6529,7573564.19685717,-263221.858614732,0,251.911016721804,7248.12242827484,0
6530,7573812.63950313,-255973.616749793,0,244.974237279355,7248.36019515283,0
6531,7574054.14525694,-248725.140437363,0,238.0372334638,7248.59132322216,0
6532,7574288.71389739,-241476.436316356,0,231.100011628775,7248.81581227112,0
6533,7574516.34520964,-234227.511025896,0,224.162578128116,7249.03366209411,0
6534,7574737.03898521,-226978.371205309,0,217.224939315852,7249.24487249161,0
6535,7574950.79502195,-219729.023494119,0,210.287101546199,7249.44944327015,0
6536,7575157.6131241,-212479.474532038,0,203.349071173559,7249.64737424238,0
6537,7575357.49310222,-205229.730958964,0,196.410854552506,7249.83866522701,0
6538,7575550.43477324,-197979.799414972,0,189.472458037789,7250.02331604883,0
6539,7575736.43796045,-190729.68654031,0,182.533887984317,7250.20132653873,0
6540,7575915.50249348,-183479.398975393,0,175.595150747161,7250.37269653365,0
6541,7576087.62820833,-176228.943360794,0,168.656252681546,7250.53742587665,0
6542,7576252.81494735,-168978.326337241,0,161.717200142841,7250.69551441685,0
6543,7576411.06255924,-161727.554545609,0,154.777999486558,7250.84696200944,0
6544,7576562.37089907,-154476.634626917,0,147.838657068347,7250.99176851573,0
6545,7576706.73982824,-147225.573222318,0,140.899179243985,7251.12993380307,0
6546,7576844.16921454,-139974.376973093,0,133.959572369372,7251.26145774494,0
6547,7576974.65893209,-132723.05252065,0,127.01984280053,7251.38634022085,0
6548,7577098.20886136,-125471.606506512,0,120.079996893591,7251.50458111643,0
6549,7577214.81888921,-118220.045572313,0,113.140041004794,7251.61618032339,0
6550,7577324.48890883,-110968.376359795,0,106.199981490478,7251.72113773951,0
6551,7577427.21881977,-103716.605510797,0,99.2598247070772,7251.81945326866,0
6552,7577523.00852794,-96464.7396672506,0,92.3195770111164,7251.91112682078,0
6553,7577611.85794561,-89212.7854711759,0,85.379244759202,7251.99615831193,0
6554,7577693.76699139,-81960.7495646732,0,78.4388343080185,7252.07454766421,0
6555,7577768.73559028,-74708.6385899179,0,71.4983520143217,7252.14629480582,0
6556,7577836.76367359,-67456.4591891539,0,64.5578042349335,7252.21139967107,0
6557,7577897.85117904,-60204.2180046879,0,57.6171973267356,7252.2698622003,0
6558,7577951.99805066,-52951.9216788833,0,50.676537646664,7252.32168233999,0
6559,7577999.20423886,-45699.5768541538,0,43.7358315517029,7252.36686004266,0
6560,7578039.46970041,-38447.1901729576,0,36.7950853988791,7252.40539526694,0
6561,7578072.79439842,-31194.7682777913,0,29.854305545256,7252.43728797754,0
6562,7578099.17830238,-23942.3178111836,0,22.913498347928,7252.46253814524,0
6563,7578118.62138812,-16689.8454156896,0,15.9726701640145,7252.48114574691,0
6564,7578131.12363783,-9437.35773388435,0,9.03182735065396,7252.49311076552,0
6565,7578136.16247218,-3562.83606694606,0,3.40973831268272,7252.49793307735,0
